{
  "type": "FeatureCollection",
  "name": "Antarctic stylasteridae",
  "source_url": "https://ipt.biodiversity.aq/resource?r=baso_hydrozoa_stylasteridae",
  "scientific_role": "PRESENCE_ONLY_NO_ABSENCE",
  "features": [
    {
      "type": "Feature",
      "geometry": {
        "type": "Point",
        "coordinates": [
          -68.87,
          -59.82
        ]
      },
      "properties": {
        "source_id": "baso_hydrozoa_stylasteridae",
        "dataset": "Antarctic stylasteridae",
        "scientificName": "Adelopora pseudothyron",
        "occurrenceID": "fb495087-90ee-4370-b541-1a8a554c5f9a",
        "eventDate": "",
        "minimumDepthInMeters": 512.0,
        "maximumDepthInMeters": 512.0,
        "basisOfRecord": "HumanObservation",
        "recordedBy": "",
        "license": "CC-BY-4.0",
        "scientific_role": "PRESENCE_ONLY_NO_ABSENCE"
      }
    },
    {
      "type": "Feature",
      "geometry": {
        "type": "Point",
        "coordinates": [
          -83.98,
          -46.0
        ]
      },
      "properties": {
        "source_id": "baso_hydrozoa_stylasteridae",
        "dataset": "Antarctic stylasteridae",
        "scientificName": "Adelopora pseudothyron",
        "occurrenceID": "3fc2ec4a-44f0-452c-ad7a-d8c87343f745",
        "eventDate": "",
        "minimumDepthInMeters": 742.0,
        "maximumDepthInMeters": 742.0,
        "basisOfRecord": "HumanObservation",
        "recordedBy": "",
        "license": "CC-BY-4.0",
        "scientific_role": "PRESENCE_ONLY_NO_ABSENCE"
      }
    },
    {
      "type": "Feature",
      "geometry": {
        "type": "Point",
        "coordinates": [
          -52.13,
          -54.15
        ]
      },
      "properties": {
        "source_id": "baso_hydrozoa_stylasteridae",
        "dataset": "Antarctic stylasteridae",
        "scientificName": "Adelopora pseudothyron",
        "occurrenceID": "3f93bf75-c0c3-4e32-889d-dab9bcad7271",
        "eventDate": "",
        "minimumDepthInMeters": 419.0,
        "maximumDepthInMeters": 419.0,
        "basisOfRecord": "HumanObservation",
        "recordedBy": "",
        "license": "CC-BY-4.0",
        "scientific_role": "PRESENCE_ONLY_NO_ABSENCE"
      }
    },
    {
      "type": "Feature",
      "geometry": {
        "type": "Point",
        "coordinates": [
          -129.83,
          -54.83
        ]
      },
      "properties": {
        "source_id": "baso_hydrozoa_stylasteridae",
        "dataset": "Antarctic stylasteridae",
        "scientificName": "Adelopora pseudothyron",
        "occurrenceID": "bb44f2cf-6bdf-47b3-8fee-a460dd7329d0",
        "eventDate": "",
        "minimumDepthInMeters": 567.0,
        "maximumDepthInMeters": 567.0,
        "basisOfRecord": "HumanObservation",
        "recordedBy": "",
        "license": "CC-BY-4.0",
        "scientific_role": "PRESENCE_ONLY_NO_ABSENCE"
      }
    },
    {
      "type": "Feature",
      "geometry": {
        "type": "Point",
        "coordinates": [
          -129.8,
          -54.83
        ]
      },
      "properties": {
        "source_id": "baso_hydrozoa_stylasteridae",
        "dataset": "Antarctic stylasteridae",
        "scientificName": "Adelopora pseudothyron",
        "occurrenceID": "69208cdd-8ff0-450f-be8a-273cb92f0c2b",
        "eventDate": "",
        "minimumDepthInMeters": 915.0,
        "maximumDepthInMeters": 915.0,
        "basisOfRecord": "HumanObservation",
        "recordedBy": "",
        "license": "CC-BY-4.0",
        "scientific_role": "PRESENCE_ONLY_NO_ABSENCE"
      }
    },
    {
      "type": "Feature",
      "geometry": {
        "type": "Point",
        "coordinates": [
          -83.92,
          -46.07
        ]
      },
      "properties": {
        "source_id": "baso_hydrozoa_stylasteridae",
        "dataset": "Antarctic stylasteridae",
        "scientificName": "Adelopora pseudothyron",
        "occurrenceID": "fc833eed-030c-462a-ad43-5a0a1ebb8eb9",
        "eventDate": "",
        "minimumDepthInMeters": 298.0,
        "maximumDepthInMeters": 298.0,
        "basisOfRecord": "HumanObservation",
        "recordedBy": "",
        "license": "CC-BY-4.0",
        "scientific_role": "PRESENCE_ONLY_NO_ABSENCE"
      }
    },
    {
      "type": "Feature",
      "geometry": {
        "type": "Point",
        "coordinates": [
          -68.87,
          -59.82
        ]
      },
      "properties": {
        "source_id": "baso_hydrozoa_stylasteridae",
        "dataset": "Antarctic stylasteridae",
        "scientificName": "Adelopora pseudothyron",
        "occurrenceID": "71ae8efb-4fb8-4682-9fd8-acbca7ad8319",
        "eventDate": "",
        "minimumDepthInMeters": 512.0,
        "maximumDepthInMeters": 512.0,
        "basisOfRecord": "HumanObservation",
        "recordedBy": "",
        "license": "CC-BY-4.0",
        "scientific_role": "PRESENCE_ONLY_NO_ABSENCE"
      }
    },
    {
      "type": "Feature",
      "geometry": {
        "type": "Point",
        "coordinates": [
          -129.83,
          -54.83
        ]
      },
      "properties": {
        "source_id": "baso_hydrozoa_stylasteridae",
        "dataset": "Antarctic stylasteridae",
        "scientificName": "Adelopora pseudothyron",
        "occurrenceID": "bfa89c0e-4ea2-4a66-82c6-8a3122f35f4b",
        "eventDate": "",
        "minimumDepthInMeters": 567.0,
        "maximumDepthInMeters": 567.0,
        "basisOfRecord": "HumanObservation",
        "recordedBy": "",
        "license": "CC-BY-4.0",
        "scientific_role": "PRESENCE_ONLY_NO_ABSENCE"
      }
    },
    {
      "type": "Feature",
      "geometry": {
        "type": "Point",
        "coordinates": [
          178.88,
          -49.67
        ]
      },
      "properties": {
        "source_id": "baso_hydrozoa_stylasteridae",
        "dataset": "Antarctic stylasteridae",
        "scientificName": "Calyptopora reticulata",
        "occurrenceID": "e664a94f-29c4-4458-a86b-d3c8a46a6c49",
        "eventDate": "",
        "minimumDepthInMeters": 476.0,
        "maximumDepthInMeters": 476.0,
        "basisOfRecord": "HumanObservation",
        "recordedBy": "",
        "license": "CC-BY-4.0",
        "scientific_role": "PRESENCE_ONLY_NO_ABSENCE"
      }
    },
    {
      "type": "Feature",
      "geometry": {
        "type": "Point",
        "coordinates": [
          178.58,
          -49.85
        ]
      },
      "properties": {
        "source_id": "baso_hydrozoa_stylasteridae",
        "dataset": "Antarctic stylasteridae",
        "scientificName": "Calyptopora reticulata",
        "occurrenceID": "bdbcd2bf-8f79-4067-b5cf-d050adff0da3",
        "eventDate": "",
        "minimumDepthInMeters": 2010.0,
        "maximumDepthInMeters": 2010.0,
        "basisOfRecord": "HumanObservation",
        "recordedBy": "",
        "license": "CC-BY-4.0",
        "scientific_role": "PRESENCE_ONLY_NO_ABSENCE"
      }
    },
    {
      "type": "Feature",
      "geometry": {
        "type": "Point",
        "coordinates": [
          170.37,
          -54.65
        ]
      },
      "properties": {
        "source_id": "baso_hydrozoa_stylasteridae",
        "dataset": "Antarctic stylasteridae",
        "scientificName": "Calyptopora reticulata",
        "occurrenceID": "8aa319ce-be5a-4419-b0d5-c3c6c6582013",
        "eventDate": "",
        "minimumDepthInMeters": 1860.0,
        "maximumDepthInMeters": 1860.0,
        "basisOfRecord": "HumanObservation",
        "recordedBy": "",
        "license": "CC-BY-4.0",
        "scientific_role": "PRESENCE_ONLY_NO_ABSENCE"
      }
    },
    {
      "type": "Feature",
      "geometry": {
        "type": "Point",
        "coordinates": [
          158.47,
          -56.35
        ]
      },
      "properties": {
        "source_id": "baso_hydrozoa_stylasteridae",
        "dataset": "Antarctic stylasteridae",
        "scientificName": "Calyptopora reticulata",
        "occurrenceID": "3c1313f7-eb18-4c27-bb7d-7aa22f358d74",
        "eventDate": "",
        "minimumDepthInMeters": 1574.0,
        "maximumDepthInMeters": 1574.0,
        "basisOfRecord": "HumanObservation",
        "recordedBy": "",
        "license": "CC-BY-4.0",
        "scientific_role": "PRESENCE_ONLY_NO_ABSENCE"
      }
    },
    {
      "type": "Feature",
      "geometry": {
        "type": "Point",
        "coordinates": [
          160.67,
          -52.28
        ]
      },
      "properties": {
        "source_id": "baso_hydrozoa_stylasteridae",
        "dataset": "Antarctic stylasteridae",
        "scientificName": "Calyptopora reticulata",
        "occurrenceID": "8fde6c02-a85a-4f6e-854b-651457f07da7",
        "eventDate": "",
        "minimumDepthInMeters": 659.0,
        "maximumDepthInMeters": 659.0,
        "basisOfRecord": "HumanObservation",
        "recordedBy": "",
        "license": "CC-BY-4.0",
        "scientific_role": "PRESENCE_ONLY_NO_ABSENCE"
      }
    },
    {
      "type": "Feature",
      "geometry": {
        "type": "Point",
        "coordinates": [
          159.15,
          -53.75
        ]
      },
      "properties": {
        "source_id": "baso_hydrozoa_stylasteridae",
        "dataset": "Antarctic stylasteridae",
        "scientificName": "Calyptopora reticulata",
        "occurrenceID": "ec669250-1182-4029-a119-52c4b08437fa",
        "eventDate": "",
        "minimumDepthInMeters": 787.0,
        "maximumDepthInMeters": 787.0,
        "basisOfRecord": "HumanObservation",
        "recordedBy": "",
        "license": "CC-BY-4.0",
        "scientific_role": "PRESENCE_ONLY_NO_ABSENCE"
      }
    },
    {
      "type": "Feature",
      "geometry": {
        "type": "Point",
        "coordinates": [
          162.05,
          -51.12
        ]
      },
      "properties": {
        "source_id": "baso_hydrozoa_stylasteridae",
        "dataset": "Antarctic stylasteridae",
        "scientificName": "Calyptopora reticulata",
        "occurrenceID": "e61a9c88-6298-42af-b8bd-16dc602b1f3d",
        "eventDate": "",
        "minimumDepthInMeters": 1647.0,
        "maximumDepthInMeters": 1647.0,
        "basisOfRecord": "HumanObservation",
        "recordedBy": "",
        "license": "CC-BY-4.0",
        "scientific_role": "PRESENCE_ONLY_NO_ABSENCE"
      }
    },
    {
      "type": "Feature",
      "geometry": {
        "type": "Point",
        "coordinates": [
          178.93,
          -49.67
        ]
      },
      "properties": {
        "source_id": "baso_hydrozoa_stylasteridae",
        "dataset": "Antarctic stylasteridae",
        "scientificName": "Calyptopora reticulata",
        "occurrenceID": "59af0d0e-e739-492f-a1b9-872fd807309c",
        "eventDate": "",
        "minimumDepthInMeters": 952.0,
        "maximumDepthInMeters": 952.0,
        "basisOfRecord": "HumanObservation",
        "recordedBy": "",
        "license": "CC-BY-4.0",
        "scientific_role": "PRESENCE_ONLY_NO_ABSENCE"
      }
    },
    {
      "type": "Feature",
      "geometry": {
        "type": "Point",
        "coordinates": [
          178.88,
          -49.67
        ]
      },
      "properties": {
        "source_id": "baso_hydrozoa_stylasteridae",
        "dataset": "Antarctic stylasteridae",
        "scientificName": "Calyptopora reticulata",
        "occurrenceID": "0d31d975-c3b2-490c-9828-cc4389e71f31",
        "eventDate": "",
        "minimumDepthInMeters": 476.0,
        "maximumDepthInMeters": 476.0,
        "basisOfRecord": "HumanObservation",
        "recordedBy": "",
        "license": "CC-BY-4.0",
        "scientific_role": "PRESENCE_ONLY_NO_ABSENCE"
      }
    },
    {
      "type": "Feature",
      "geometry": {
        "type": "Point",
        "coordinates": [
          167.8083,
          -51.1
        ]
      },
      "properties": {
        "source_id": "baso_hydrozoa_stylasteridae",
        "dataset": "Antarctic stylasteridae",
        "scientificName": "Calyptopora reticulata",
        "occurrenceID": "569799f1-cc8c-473f-b4a1-86d5a22bd99e",
        "eventDate": "",
        "minimumDepthInMeters": 216.0,
        "maximumDepthInMeters": 216.0,
        "basisOfRecord": "HumanObservation",
        "recordedBy": "",
        "license": "CC-BY-4.0",
        "scientific_role": "PRESENCE_ONLY_NO_ABSENCE"
      }
    },
    {
      "type": "Feature",
      "geometry": {
        "type": "Point",
        "coordinates": [
          172.2767,
          -53.5467
        ]
      },
      "properties": {
        "source_id": "baso_hydrozoa_stylasteridae",
        "dataset": "Antarctic stylasteridae",
        "scientificName": "Calyptopora reticulata",
        "occurrenceID": "926c8809-3844-46ee-b5c9-183a4ae1aea7",
        "eventDate": "",
        "minimumDepthInMeters": 580.0,
        "maximumDepthInMeters": 580.0,
        "basisOfRecord": "HumanObservation",
        "recordedBy": "",
        "license": "CC-BY-4.0",
        "scientific_role": "PRESENCE_ONLY_NO_ABSENCE"
      }
    },
    {
      "type": "Feature",
      "geometry": {
        "type": "Point",
        "coordinates": [
          171.075,
          -54.025
        ]
      },
      "properties": {
        "source_id": "baso_hydrozoa_stylasteridae",
        "dataset": "Antarctic stylasteridae",
        "scientificName": "Calyptopora reticulata",
        "occurrenceID": "8946e679-8896-4fde-b276-28b42213325f",
        "eventDate": "",
        "minimumDepthInMeters": 1262.0,
        "maximumDepthInMeters": 1262.0,
        "basisOfRecord": "HumanObservation",
        "recordedBy": "",
        "license": "CC-BY-4.0",
        "scientific_role": "PRESENCE_ONLY_NO_ABSENCE"
      }
    },
    {
      "type": "Feature",
      "geometry": {
        "type": "Point",
        "coordinates": [
          -66.8783,
          -56.6533
        ]
      },
      "properties": {
        "source_id": "baso_hydrozoa_stylasteridae",
        "dataset": "Antarctic stylasteridae",
        "scientificName": "Cheiloporidion pulvinatum",
        "occurrenceID": "20d163f9-e25a-4138-b1c4-8c67bc168747",
        "eventDate": "",
        "minimumDepthInMeters": 1137.0,
        "maximumDepthInMeters": 1137.0,
        "basisOfRecord": "HumanObservation",
        "recordedBy": "",
        "license": "CC-BY-4.0",
        "scientific_role": "PRESENCE_ONLY_NO_ABSENCE"
      }
    },
    {
      "type": "Feature",
      "geometry": {
        "type": "Point",
        "coordinates": [
          -42.7,
          -53.33
        ]
      },
      "properties": {
        "source_id": "baso_hydrozoa_stylasteridae",
        "dataset": "Antarctic stylasteridae",
        "scientificName": "Cheiloporidion pulvinatum",
        "occurrenceID": "b3a9dbee-69ea-4c78-8f73-04d5c826218a",
        "eventDate": "",
        "minimumDepthInMeters": 417.0,
        "maximumDepthInMeters": 417.0,
        "basisOfRecord": "HumanObservation",
        "recordedBy": "",
        "license": "CC-BY-4.0",
        "scientific_role": "PRESENCE_ONLY_NO_ABSENCE"
      }
    },
    {
      "type": "Feature",
      "geometry": {
        "type": "Point",
        "coordinates": [
          -55.9,
          -53.95
        ]
      },
      "properties": {
        "source_id": "baso_hydrozoa_stylasteridae",
        "dataset": "Antarctic stylasteridae",
        "scientificName": "Conopora verrucosa",
        "occurrenceID": "c7a12906-be6d-485a-ab4c-242afc302fd6",
        "eventDate": "",
        "minimumDepthInMeters": 1879.0,
        "maximumDepthInMeters": 1879.0,
        "basisOfRecord": "HumanObservation",
        "recordedBy": "",
        "license": "CC-BY-4.0",
        "scientific_role": "PRESENCE_ONLY_NO_ABSENCE"
      }
    },
    {
      "type": "Feature",
      "geometry": {
        "type": "Point",
        "coordinates": [
          -66.32,
          -56.1
        ]
      },
      "properties": {
        "source_id": "baso_hydrozoa_stylasteridae",
        "dataset": "Antarctic stylasteridae",
        "scientificName": "Conopora verrucosa",
        "occurrenceID": "57824305-f945-415a-bfc9-428443a22b05",
        "eventDate": "",
        "minimumDepthInMeters": 384.0,
        "maximumDepthInMeters": 384.0,
        "basisOfRecord": "HumanObservation",
        "recordedBy": "",
        "license": "CC-BY-4.0",
        "scientific_role": "PRESENCE_ONLY_NO_ABSENCE"
      }
    },
    {
      "type": "Feature",
      "geometry": {
        "type": "Point",
        "coordinates": [
          -53.5,
          -60.78
        ]
      },
      "properties": {
        "source_id": "baso_hydrozoa_stylasteridae",
        "dataset": "Antarctic stylasteridae",
        "scientificName": "Conopora verrucosa",
        "occurrenceID": "c91d38b5-83c0-448a-89ce-2de71538b78b",
        "eventDate": "",
        "minimumDepthInMeters": 641.0,
        "maximumDepthInMeters": 641.0,
        "basisOfRecord": "HumanObservation",
        "recordedBy": "",
        "license": "CC-BY-4.0",
        "scientific_role": "PRESENCE_ONLY_NO_ABSENCE"
      }
    },
    {
      "type": "Feature",
      "geometry": {
        "type": "Point",
        "coordinates": [
          -53.47,
          -60.82
        ]
      },
      "properties": {
        "source_id": "baso_hydrozoa_stylasteridae",
        "dataset": "Antarctic stylasteridae",
        "scientificName": "Conopora verrucosa",
        "occurrenceID": "50106011-c06d-4087-ba98-fa6414fce205",
        "eventDate": "",
        "minimumDepthInMeters": 587.0,
        "maximumDepthInMeters": 587.0,
        "basisOfRecord": "HumanObservation",
        "recordedBy": "",
        "license": "CC-BY-4.0",
        "scientific_role": "PRESENCE_ONLY_NO_ABSENCE"
      }
    },
    {
      "type": "Feature",
      "geometry": {
        "type": "Point",
        "coordinates": [
          160.67,
          -52.28
        ]
      },
      "properties": {
        "source_id": "baso_hydrozoa_stylasteridae",
        "dataset": "Antarctic stylasteridae",
        "scientificName": "Conopora verrucosa",
        "occurrenceID": "00333e0d-74d6-4d38-9679-e4d519208dc7",
        "eventDate": "",
        "minimumDepthInMeters": 659.0,
        "maximumDepthInMeters": 659.0,
        "basisOfRecord": "HumanObservation",
        "recordedBy": "",
        "license": "CC-BY-4.0",
        "scientific_role": "PRESENCE_ONLY_NO_ABSENCE"
      }
    },
    {
      "type": "Feature",
      "geometry": {
        "type": "Point",
        "coordinates": [
          160.67,
          -52.28
        ]
      },
      "properties": {
        "source_id": "baso_hydrozoa_stylasteridae",
        "dataset": "Antarctic stylasteridae",
        "scientificName": "Conopora verrucosa",
        "occurrenceID": "0c507fb3-7897-495c-9d3e-77d43d8211d8",
        "eventDate": "",
        "minimumDepthInMeters": 659.0,
        "maximumDepthInMeters": 659.0,
        "basisOfRecord": "HumanObservation",
        "recordedBy": "",
        "license": "CC-BY-4.0",
        "scientific_role": "PRESENCE_ONLY_NO_ABSENCE"
      }
    },
    {
      "type": "Feature",
      "geometry": {
        "type": "Point",
        "coordinates": [
          -65.83,
          -55.33
        ]
      },
      "properties": {
        "source_id": "baso_hydrozoa_stylasteridae",
        "dataset": "Antarctic stylasteridae",
        "scientificName": "Conopora verrucosa",
        "occurrenceID": "4a15a1ef-bd90-4544-8553-d2de5ab00be9",
        "eventDate": "",
        "minimumDepthInMeters": 1185.0,
        "maximumDepthInMeters": 1185.0,
        "basisOfRecord": "HumanObservation",
        "recordedBy": "",
        "license": "CC-BY-4.0",
        "scientific_role": "PRESENCE_ONLY_NO_ABSENCE"
      }
    },
    {
      "type": "Feature",
      "geometry": {
        "type": "Point",
        "coordinates": [
          -56.47,
          -61.32
        ]
      },
      "properties": {
        "source_id": "baso_hydrozoa_stylasteridae",
        "dataset": "Antarctic stylasteridae",
        "scientificName": "Conopora verrucosa",
        "occurrenceID": "2010b1fc-97d1-46ea-968c-0f6b58ccc79a",
        "eventDate": "",
        "minimumDepthInMeters": 403.0,
        "maximumDepthInMeters": 403.0,
        "basisOfRecord": "HumanObservation",
        "recordedBy": "",
        "license": "CC-BY-4.0",
        "scientific_role": "PRESENCE_ONLY_NO_ABSENCE"
      }
    },
    {
      "type": "Feature",
      "geometry": {
        "type": "Point",
        "coordinates": [
          -56.67,
          -51.88
        ]
      },
      "properties": {
        "source_id": "baso_hydrozoa_stylasteridae",
        "dataset": "Antarctic stylasteridae",
        "scientificName": "Conopora verrucosa",
        "occurrenceID": "5a79f2c6-40f3-4f57-8000-df68240bbb0c",
        "eventDate": "",
        "minimumDepthInMeters": 849.0,
        "maximumDepthInMeters": 849.0,
        "basisOfRecord": "HumanObservation",
        "recordedBy": "",
        "license": "CC-BY-4.0",
        "scientific_role": "PRESENCE_ONLY_NO_ABSENCE"
      }
    },
    {
      "type": "Feature",
      "geometry": {
        "type": "Point",
        "coordinates": [
          -56.517,
          -61.417
        ]
      },
      "properties": {
        "source_id": "baso_hydrozoa_stylasteridae",
        "dataset": "Antarctic stylasteridae",
        "scientificName": "Conopora verrucosa",
        "occurrenceID": "842a38bc-fb9b-4c3c-a874-676805df71f6",
        "eventDate": "",
        "minimumDepthInMeters": 300.0,
        "maximumDepthInMeters": 300.0,
        "basisOfRecord": "HumanObservation",
        "recordedBy": "",
        "license": "CC-BY-4.0",
        "scientific_role": "PRESENCE_ONLY_NO_ABSENCE"
      }
    },
    {
      "type": "Feature",
      "geometry": {
        "type": "Point",
        "coordinates": [
          147.87,
          -47.35
        ]
      },
      "properties": {
        "source_id": "baso_hydrozoa_stylasteridae",
        "dataset": "Antarctic stylasteridae",
        "scientificName": "Conopora verrucosa",
        "occurrenceID": "ed0f5ee2-789f-4277-b48d-df7b19643156",
        "eventDate": "",
        "minimumDepthInMeters": 910.0,
        "maximumDepthInMeters": 910.0,
        "basisOfRecord": "HumanObservation",
        "recordedBy": "",
        "license": "CC-BY-4.0",
        "scientific_role": "PRESENCE_ONLY_NO_ABSENCE"
      }
    },
    {
      "type": "Feature",
      "geometry": {
        "type": "Point",
        "coordinates": [
          170.37,
          -54.65
        ]
      },
      "properties": {
        "source_id": "baso_hydrozoa_stylasteridae",
        "dataset": "Antarctic stylasteridae",
        "scientificName": "Conopora verrucosa",
        "occurrenceID": "79c1d084-67c7-423f-90ac-595ecae841fc",
        "eventDate": "",
        "minimumDepthInMeters": 1860.0,
        "maximumDepthInMeters": 1860.0,
        "basisOfRecord": "HumanObservation",
        "recordedBy": "",
        "license": "CC-BY-4.0",
        "scientific_role": "PRESENCE_ONLY_NO_ABSENCE"
      }
    },
    {
      "type": "Feature",
      "geometry": {
        "type": "Point",
        "coordinates": [
          -39.37,
          -54.48
        ]
      },
      "properties": {
        "source_id": "baso_hydrozoa_stylasteridae",
        "dataset": "Antarctic stylasteridae",
        "scientificName": "Conopora verrucosa",
        "occurrenceID": "05c47a0a-7e16-4e7e-85c7-d902c1fe2070",
        "eventDate": "",
        "minimumDepthInMeters": 659.0,
        "maximumDepthInMeters": 659.0,
        "basisOfRecord": "HumanObservation",
        "recordedBy": "",
        "license": "CC-BY-4.0",
        "scientific_role": "PRESENCE_ONLY_NO_ABSENCE"
      }
    },
    {
      "type": "Feature",
      "geometry": {
        "type": "Point",
        "coordinates": [
          -52.13,
          -54.15
        ]
      },
      "properties": {
        "source_id": "baso_hydrozoa_stylasteridae",
        "dataset": "Antarctic stylasteridae",
        "scientificName": "Conopora verrucosa",
        "occurrenceID": "a3e03a34-1367-494d-9292-6c8d98032972",
        "eventDate": "",
        "minimumDepthInMeters": 419.0,
        "maximumDepthInMeters": 419.0,
        "basisOfRecord": "HumanObservation",
        "recordedBy": "",
        "license": "CC-BY-4.0",
        "scientific_role": "PRESENCE_ONLY_NO_ABSENCE"
      }
    },
    {
      "type": "Feature",
      "geometry": {
        "type": "Point",
        "coordinates": [
          178.88,
          -49.67
        ]
      },
      "properties": {
        "source_id": "baso_hydrozoa_stylasteridae",
        "dataset": "Antarctic stylasteridae",
        "scientificName": "Conopora verrucosa",
        "occurrenceID": "f50fc3cf-1a0f-4adb-b199-cddcf436095c",
        "eventDate": "",
        "minimumDepthInMeters": 476.0,
        "maximumDepthInMeters": 476.0,
        "basisOfRecord": "HumanObservation",
        "recordedBy": "",
        "license": "CC-BY-4.0",
        "scientific_role": "PRESENCE_ONLY_NO_ABSENCE"
      }
    },
    {
      "type": "Feature",
      "geometry": {
        "type": "Point",
        "coordinates": [
          -55.5,
          -54.72
        ]
      },
      "properties": {
        "source_id": "baso_hydrozoa_stylasteridae",
        "dataset": "Antarctic stylasteridae",
        "scientificName": "Conopora verrucosa",
        "occurrenceID": "fabc8cdb-33c2-4fa7-9902-d2bab030d71a",
        "eventDate": "",
        "minimumDepthInMeters": 1647.0,
        "maximumDepthInMeters": 1647.0,
        "basisOfRecord": "HumanObservation",
        "recordedBy": "",
        "license": "CC-BY-4.0",
        "scientific_role": "PRESENCE_ONLY_NO_ABSENCE"
      }
    },
    {
      "type": "Feature",
      "geometry": {
        "type": "Point",
        "coordinates": [
          162.02,
          -51.0
        ]
      },
      "properties": {
        "source_id": "baso_hydrozoa_stylasteridae",
        "dataset": "Antarctic stylasteridae",
        "scientificName": "Conopora verrucosa",
        "occurrenceID": "cf94a365-80d2-42a9-8658-02523127bbac",
        "eventDate": "",
        "minimumDepthInMeters": 333.0,
        "maximumDepthInMeters": 333.0,
        "basisOfRecord": "HumanObservation",
        "recordedBy": "",
        "license": "CC-BY-4.0",
        "scientific_role": "PRESENCE_ONLY_NO_ABSENCE"
      }
    },
    {
      "type": "Feature",
      "geometry": {
        "type": "Point",
        "coordinates": [
          -129.8,
          -54.83
        ]
      },
      "properties": {
        "source_id": "baso_hydrozoa_stylasteridae",
        "dataset": "Antarctic stylasteridae",
        "scientificName": "Conopora verrucosa",
        "occurrenceID": "1709c297-eea2-47a0-bf65-e76ebd1c8670",
        "eventDate": "",
        "minimumDepthInMeters": 915.0,
        "maximumDepthInMeters": 915.0,
        "basisOfRecord": "HumanObservation",
        "recordedBy": "",
        "license": "CC-BY-4.0",
        "scientific_role": "PRESENCE_ONLY_NO_ABSENCE"
      }
    },
    {
      "type": "Feature",
      "geometry": {
        "type": "Point",
        "coordinates": [
          162.05,
          -51.12
        ]
      },
      "properties": {
        "source_id": "baso_hydrozoa_stylasteridae",
        "dataset": "Antarctic stylasteridae",
        "scientificName": "Conopora verrucosa",
        "occurrenceID": "44e103b3-de3d-4ca8-85df-d03d2a256c74",
        "eventDate": "",
        "minimumDepthInMeters": 1647.0,
        "maximumDepthInMeters": 1647.0,
        "basisOfRecord": "HumanObservation",
        "recordedBy": "",
        "license": "CC-BY-4.0",
        "scientific_role": "PRESENCE_ONLY_NO_ABSENCE"
      }
    },
    {
      "type": "Feature",
      "geometry": {
        "type": "Point",
        "coordinates": [
          -39.92,
          -61.07
        ]
      },
      "properties": {
        "source_id": "baso_hydrozoa_stylasteridae",
        "dataset": "Antarctic stylasteridae",
        "scientificName": "Conopora verrucosa",
        "occurrenceID": "b62b3d45-fc6f-4284-8691-6b619d707608",
        "eventDate": "",
        "minimumDepthInMeters": 2355.0,
        "maximumDepthInMeters": 2355.0,
        "basisOfRecord": "HumanObservation",
        "recordedBy": "",
        "license": "CC-BY-4.0",
        "scientific_role": "PRESENCE_ONLY_NO_ABSENCE"
      }
    },
    {
      "type": "Feature",
      "geometry": {
        "type": "Point",
        "coordinates": [
          -75.72,
          -53.07
        ]
      },
      "properties": {
        "source_id": "baso_hydrozoa_stylasteridae",
        "dataset": "Antarctic stylasteridae",
        "scientificName": "Conopora verrucosa",
        "occurrenceID": "11474851-3eb6-4e70-8b7a-3db75c2a95ac",
        "eventDate": "",
        "minimumDepthInMeters": 1896.0,
        "maximumDepthInMeters": 1896.0,
        "basisOfRecord": "HumanObservation",
        "recordedBy": "",
        "license": "CC-BY-4.0",
        "scientific_role": "PRESENCE_ONLY_NO_ABSENCE"
      }
    },
    {
      "type": "Feature",
      "geometry": {
        "type": "Point",
        "coordinates": [
          -75.68,
          -53.22
        ]
      },
      "properties": {
        "source_id": "baso_hydrozoa_stylasteridae",
        "dataset": "Antarctic stylasteridae",
        "scientificName": "Conopora verrucosa",
        "occurrenceID": "c6455928-04f8-485e-a99d-703d75e04022",
        "eventDate": "",
        "minimumDepthInMeters": 1500.0,
        "maximumDepthInMeters": 1500.0,
        "basisOfRecord": "HumanObservation",
        "recordedBy": "",
        "license": "CC-BY-4.0",
        "scientific_role": "PRESENCE_ONLY_NO_ABSENCE"
      }
    },
    {
      "type": "Feature",
      "geometry": {
        "type": "Point",
        "coordinates": [
          158.47,
          -56.35
        ]
      },
      "properties": {
        "source_id": "baso_hydrozoa_stylasteridae",
        "dataset": "Antarctic stylasteridae",
        "scientificName": "Conopora verrucosa",
        "occurrenceID": "a3612d40-769b-43cd-aafc-2947389aa373",
        "eventDate": "",
        "minimumDepthInMeters": 1574.0,
        "maximumDepthInMeters": 1574.0,
        "basisOfRecord": "HumanObservation",
        "recordedBy": "",
        "license": "CC-BY-4.0",
        "scientific_role": "PRESENCE_ONLY_NO_ABSENCE"
      }
    },
    {
      "type": "Feature",
      "geometry": {
        "type": "Point",
        "coordinates": [
          178.93,
          -49.67
        ]
      },
      "properties": {
        "source_id": "baso_hydrozoa_stylasteridae",
        "dataset": "Antarctic stylasteridae",
        "scientificName": "Conopora verrucosa",
        "occurrenceID": "37cb3143-dfcd-469b-97af-a7c40198135f",
        "eventDate": "",
        "minimumDepthInMeters": 952.0,
        "maximumDepthInMeters": 952.0,
        "basisOfRecord": "HumanObservation",
        "recordedBy": "",
        "license": "CC-BY-4.0",
        "scientific_role": "PRESENCE_ONLY_NO_ABSENCE"
      }
    },
    {
      "type": "Feature",
      "geometry": {
        "type": "Point",
        "coordinates": [
          -38.08,
          -54.92
        ]
      },
      "properties": {
        "source_id": "baso_hydrozoa_stylasteridae",
        "dataset": "Antarctic stylasteridae",
        "scientificName": "Conopora verrucosa",
        "occurrenceID": "34e1a338-5818-4a64-bf66-d77f3ce49212",
        "eventDate": "",
        "minimumDepthInMeters": 595.0,
        "maximumDepthInMeters": 595.0,
        "basisOfRecord": "HumanObservation",
        "recordedBy": "",
        "license": "CC-BY-4.0",
        "scientific_role": "PRESENCE_ONLY_NO_ABSENCE"
      }
    },
    {
      "type": "Feature",
      "geometry": {
        "type": "Point",
        "coordinates": [
          -42.83,
          -60.7
        ]
      },
      "properties": {
        "source_id": "baso_hydrozoa_stylasteridae",
        "dataset": "Antarctic stylasteridae",
        "scientificName": "Conopora verrucosa",
        "occurrenceID": "4535c920-0a82-416e-9911-df3f97c35e84",
        "eventDate": "",
        "minimumDepthInMeters": 1226.0,
        "maximumDepthInMeters": 1226.0,
        "basisOfRecord": "HumanObservation",
        "recordedBy": "",
        "license": "CC-BY-4.0",
        "scientific_role": "PRESENCE_ONLY_NO_ABSENCE"
      }
    },
    {
      "type": "Feature",
      "geometry": {
        "type": "Point",
        "coordinates": [
          -40.73,
          -60.58
        ]
      },
      "properties": {
        "source_id": "baso_hydrozoa_stylasteridae",
        "dataset": "Antarctic stylasteridae",
        "scientificName": "Conopora verrucosa",
        "occurrenceID": "b57c4a8d-8a84-4310-8251-0d53615fbc5c",
        "eventDate": "",
        "minimumDepthInMeters": 631.0,
        "maximumDepthInMeters": 631.0,
        "basisOfRecord": "HumanObservation",
        "recordedBy": "",
        "license": "CC-BY-4.0",
        "scientific_role": "PRESENCE_ONLY_NO_ABSENCE"
      }
    },
    {
      "type": "Feature",
      "geometry": {
        "type": "Point",
        "coordinates": [
          -37.71,
          -55.01
        ]
      },
      "properties": {
        "source_id": "baso_hydrozoa_stylasteridae",
        "dataset": "Antarctic stylasteridae",
        "scientificName": "Conopora verrucosa",
        "occurrenceID": "0e489a35-0154-45ab-9dee-dbc40d3f140c",
        "eventDate": "",
        "minimumDepthInMeters": 494.0,
        "maximumDepthInMeters": 494.0,
        "basisOfRecord": "HumanObservation",
        "recordedBy": "",
        "license": "CC-BY-4.0",
        "scientific_role": "PRESENCE_ONLY_NO_ABSENCE"
      }
    },
    {
      "type": "Feature",
      "geometry": {
        "type": "Point",
        "coordinates": [
          -63.07,
          -54.95
        ]
      },
      "properties": {
        "source_id": "baso_hydrozoa_stylasteridae",
        "dataset": "Antarctic stylasteridae",
        "scientificName": "Conopora verrucosa",
        "occurrenceID": "298087e0-5104-4dd3-be38-5435b1131f07",
        "eventDate": "",
        "minimumDepthInMeters": 1904.0,
        "maximumDepthInMeters": 1904.0,
        "basisOfRecord": "HumanObservation",
        "recordedBy": "",
        "license": "CC-BY-4.0",
        "scientific_role": "PRESENCE_ONLY_NO_ABSENCE"
      }
    },
    {
      "type": "Feature",
      "geometry": {
        "type": "Point",
        "coordinates": [
          -65.82,
          -55.325
        ]
      },
      "properties": {
        "source_id": "baso_hydrozoa_stylasteridae",
        "dataset": "Antarctic stylasteridae",
        "scientificName": "Conopora verrucosa",
        "occurrenceID": "e9552987-f633-4591-9738-4e24f75bda95",
        "eventDate": "",
        "minimumDepthInMeters": 1274.0,
        "maximumDepthInMeters": 1274.0,
        "basisOfRecord": "HumanObservation",
        "recordedBy": "",
        "license": "CC-BY-4.0",
        "scientific_role": "PRESENCE_ONLY_NO_ABSENCE"
      }
    },
    {
      "type": "Feature",
      "geometry": {
        "type": "Point",
        "coordinates": [
          -54.37,
          -51.13
        ]
      },
      "properties": {
        "source_id": "baso_hydrozoa_stylasteridae",
        "dataset": "Antarctic stylasteridae",
        "scientificName": "Conopora verrucosa",
        "occurrenceID": "4531e8c0-a5b5-4127-ae76-3b1412d75c40",
        "eventDate": "",
        "minimumDepthInMeters": 1512.0,
        "maximumDepthInMeters": 1512.0,
        "basisOfRecord": "HumanObservation",
        "recordedBy": "",
        "license": "CC-BY-4.0",
        "scientific_role": "PRESENCE_ONLY_NO_ABSENCE"
      }
    },
    {
      "type": "Feature",
      "geometry": {
        "type": "Point",
        "coordinates": [
          -55.65,
          -54.73
        ]
      },
      "properties": {
        "source_id": "baso_hydrozoa_stylasteridae",
        "dataset": "Antarctic stylasteridae",
        "scientificName": "Conopora verrucosa",
        "occurrenceID": "e0060c71-be67-4c00-8a3b-2ad91221f357",
        "eventDate": "",
        "minimumDepthInMeters": 1814.0,
        "maximumDepthInMeters": 1814.0,
        "basisOfRecord": "HumanObservation",
        "recordedBy": "",
        "license": "CC-BY-4.0",
        "scientific_role": "PRESENCE_ONLY_NO_ABSENCE"
      }
    },
    {
      "type": "Feature",
      "geometry": {
        "type": "Point",
        "coordinates": [
          -56.62,
          -54.72
        ]
      },
      "properties": {
        "source_id": "baso_hydrozoa_stylasteridae",
        "dataset": "Antarctic stylasteridae",
        "scientificName": "Conopora verrucosa",
        "occurrenceID": "ae308bed-fb4a-4b2f-8948-b4f6cad049f4",
        "eventDate": "",
        "minimumDepthInMeters": 339.0,
        "maximumDepthInMeters": 339.0,
        "basisOfRecord": "HumanObservation",
        "recordedBy": "",
        "license": "CC-BY-4.0",
        "scientific_role": "PRESENCE_ONLY_NO_ABSENCE"
      }
    },
    {
      "type": "Feature",
      "geometry": {
        "type": "Point",
        "coordinates": [
          -66.8783,
          -56.6533
        ]
      },
      "properties": {
        "source_id": "baso_hydrozoa_stylasteridae",
        "dataset": "Antarctic stylasteridae",
        "scientificName": "Conopora verrucosa",
        "occurrenceID": "284d2238-e5e6-4a07-820f-d221776003ea",
        "eventDate": "",
        "minimumDepthInMeters": 1137.0,
        "maximumDepthInMeters": 1137.0,
        "basisOfRecord": "HumanObservation",
        "recordedBy": "",
        "license": "CC-BY-4.0",
        "scientific_role": "PRESENCE_ONLY_NO_ABSENCE"
      }
    },
    {
      "type": "Feature",
      "geometry": {
        "type": "Point",
        "coordinates": [
          -38.02,
          -54.82
        ]
      },
      "properties": {
        "source_id": "baso_hydrozoa_stylasteridae",
        "dataset": "Antarctic stylasteridae",
        "scientificName": "Conopora verrucosa",
        "occurrenceID": "d8f8489f-0690-493e-be68-6ef686bb7f1c",
        "eventDate": "",
        "minimumDepthInMeters": 732.0,
        "maximumDepthInMeters": 732.0,
        "basisOfRecord": "HumanObservation",
        "recordedBy": "",
        "license": "CC-BY-4.0",
        "scientific_role": "PRESENCE_ONLY_NO_ABSENCE"
      }
    },
    {
      "type": "Feature",
      "geometry": {
        "type": "Point",
        "coordinates": [
          -55.5,
          -54.72
        ]
      },
      "properties": {
        "source_id": "baso_hydrozoa_stylasteridae",
        "dataset": "Antarctic stylasteridae",
        "scientificName": "Crypthelia formosa",
        "occurrenceID": "cae7fc29-c3be-4637-b72f-881959293e43",
        "eventDate": "",
        "minimumDepthInMeters": 1647.0,
        "maximumDepthInMeters": 1647.0,
        "basisOfRecord": "HumanObservation",
        "recordedBy": "",
        "license": "CC-BY-4.0",
        "scientific_role": "PRESENCE_ONLY_NO_ABSENCE"
      }
    },
    {
      "type": "Feature",
      "geometry": {
        "type": "Point",
        "coordinates": [
          -39.37,
          -54.48
        ]
      },
      "properties": {
        "source_id": "baso_hydrozoa_stylasteridae",
        "dataset": "Antarctic stylasteridae",
        "scientificName": "Crypthelia formosa",
        "occurrenceID": "7bf7ce2b-00ce-4705-b51f-74aca2f1d3be",
        "eventDate": "",
        "minimumDepthInMeters": 659.0,
        "maximumDepthInMeters": 659.0,
        "basisOfRecord": "HumanObservation",
        "recordedBy": "",
        "license": "CC-BY-4.0",
        "scientific_role": "PRESENCE_ONLY_NO_ABSENCE"
      }
    },
    {
      "type": "Feature",
      "geometry": {
        "type": "Point",
        "coordinates": [
          -52.13,
          -54.15
        ]
      },
      "properties": {
        "source_id": "baso_hydrozoa_stylasteridae",
        "dataset": "Antarctic stylasteridae",
        "scientificName": "Crypthelia formosa",
        "occurrenceID": "04267346-af10-49ca-a005-de8d623220e8",
        "eventDate": "",
        "minimumDepthInMeters": 419.0,
        "maximumDepthInMeters": 419.0,
        "basisOfRecord": "HumanObservation",
        "recordedBy": "",
        "license": "CC-BY-4.0",
        "scientific_role": "PRESENCE_ONLY_NO_ABSENCE"
      }
    },
    {
      "type": "Feature",
      "geometry": {
        "type": "Point",
        "coordinates": [
          -55.65,
          -54.7333
        ]
      },
      "properties": {
        "source_id": "baso_hydrozoa_stylasteridae",
        "dataset": "Antarctic stylasteridae",
        "scientificName": "Crypthelia formosa",
        "occurrenceID": "d33bbb0a-f267-42d8-ab94-3d56e14b8d58",
        "eventDate": "",
        "minimumDepthInMeters": 1814.0,
        "maximumDepthInMeters": 1814.0,
        "basisOfRecord": "HumanObservation",
        "recordedBy": "",
        "license": "CC-BY-4.0",
        "scientific_role": "PRESENCE_ONLY_NO_ABSENCE"
      }
    },
    {
      "type": "Feature",
      "geometry": {
        "type": "Point",
        "coordinates": [
          -65.8167,
          -55.325
        ]
      },
      "properties": {
        "source_id": "baso_hydrozoa_stylasteridae",
        "dataset": "Antarctic stylasteridae",
        "scientificName": "Crypthelia formosa",
        "occurrenceID": "8fe6750e-d692-4e4b-be53-da8122eee56e",
        "eventDate": "",
        "minimumDepthInMeters": 1274.0,
        "maximumDepthInMeters": 1274.0,
        "basisOfRecord": "HumanObservation",
        "recordedBy": "",
        "license": "CC-BY-4.0",
        "scientific_role": "PRESENCE_ONLY_NO_ABSENCE"
      }
    },
    {
      "type": "Feature",
      "geometry": {
        "type": "Point",
        "coordinates": [
          -55.5,
          -54.72
        ]
      },
      "properties": {
        "source_id": "baso_hydrozoa_stylasteridae",
        "dataset": "Antarctic stylasteridae",
        "scientificName": "Crypthelia formosa",
        "occurrenceID": "0c2fd9f3-26a3-4cf1-81bf-2a62b8368563",
        "eventDate": "",
        "minimumDepthInMeters": 1647.0,
        "maximumDepthInMeters": 1647.0,
        "basisOfRecord": "HumanObservation",
        "recordedBy": "",
        "license": "CC-BY-4.0",
        "scientific_role": "PRESENCE_ONLY_NO_ABSENCE"
      }
    },
    {
      "type": "Feature",
      "geometry": {
        "type": "Point",
        "coordinates": [
          -142.17,
          -52.17
        ]
      },
      "properties": {
        "source_id": "baso_hydrozoa_stylasteridae",
        "dataset": "Antarctic stylasteridae",
        "scientificName": "Crypthelia fragilis",
        "occurrenceID": "3a2ce389-8f70-4d9c-93fa-a6be359356ce",
        "eventDate": "",
        "minimumDepthInMeters": 2304.0,
        "maximumDepthInMeters": 2304.0,
        "basisOfRecord": "HumanObservation",
        "recordedBy": "",
        "license": "CC-BY-4.0",
        "scientific_role": "PRESENCE_ONLY_NO_ABSENCE"
      }
    },
    {
      "type": "Feature",
      "geometry": {
        "type": "Point",
        "coordinates": [
          170.37,
          -54.65
        ]
      },
      "properties": {
        "source_id": "baso_hydrozoa_stylasteridae",
        "dataset": "Antarctic stylasteridae",
        "scientificName": "Crypthelia fragilis",
        "occurrenceID": "0f49dbe0-cda4-41f0-889c-4fdd689431f1",
        "eventDate": "",
        "minimumDepthInMeters": 1860.0,
        "maximumDepthInMeters": 1860.0,
        "basisOfRecord": "HumanObservation",
        "recordedBy": "",
        "license": "CC-BY-4.0",
        "scientific_role": "PRESENCE_ONLY_NO_ABSENCE"
      }
    },
    {
      "type": "Feature",
      "geometry": {
        "type": "Point",
        "coordinates": [
          178.93,
          -49.67
        ]
      },
      "properties": {
        "source_id": "baso_hydrozoa_stylasteridae",
        "dataset": "Antarctic stylasteridae",
        "scientificName": "Crypthelia fragilis",
        "occurrenceID": "b4d17663-0174-4e37-aab8-2b6b11907a40",
        "eventDate": "",
        "minimumDepthInMeters": 952.0,
        "maximumDepthInMeters": 952.0,
        "basisOfRecord": "HumanObservation",
        "recordedBy": "",
        "license": "CC-BY-4.0",
        "scientific_role": "PRESENCE_ONLY_NO_ABSENCE"
      }
    },
    {
      "type": "Feature",
      "geometry": {
        "type": "Point",
        "coordinates": [
          162.05,
          -51.12
        ]
      },
      "properties": {
        "source_id": "baso_hydrozoa_stylasteridae",
        "dataset": "Antarctic stylasteridae",
        "scientificName": "Crypthelia fragilis",
        "occurrenceID": "11969b3b-ef82-43d1-b97a-3e326caf1bec",
        "eventDate": "",
        "minimumDepthInMeters": 1647.0,
        "maximumDepthInMeters": 1647.0,
        "basisOfRecord": "HumanObservation",
        "recordedBy": "",
        "license": "CC-BY-4.0",
        "scientific_role": "PRESENCE_ONLY_NO_ABSENCE"
      }
    },
    {
      "type": "Feature",
      "geometry": {
        "type": "Point",
        "coordinates": [
          -142.17,
          -52.17
        ]
      },
      "properties": {
        "source_id": "baso_hydrozoa_stylasteridae",
        "dataset": "Antarctic stylasteridae",
        "scientificName": "Crypthelia fragilis",
        "occurrenceID": "dd0174a7-343f-4023-9daa-9545eacc3487",
        "eventDate": "",
        "minimumDepthInMeters": 2304.0,
        "maximumDepthInMeters": 2304.0,
        "basisOfRecord": "HumanObservation",
        "recordedBy": "",
        "license": "CC-BY-4.0",
        "scientific_role": "PRESENCE_ONLY_NO_ABSENCE"
      }
    },
    {
      "type": "Feature",
      "geometry": {
        "type": "Point",
        "coordinates": [
          -142.17,
          -52.17
        ]
      },
      "properties": {
        "source_id": "baso_hydrozoa_stylasteridae",
        "dataset": "Antarctic stylasteridae",
        "scientificName": "Crypthelia sp.",
        "occurrenceID": "6ed5c953-4825-4a46-9f47-f29bab378810",
        "eventDate": "",
        "minimumDepthInMeters": 2304.0,
        "maximumDepthInMeters": 2304.0,
        "basisOfRecord": "HumanObservation",
        "recordedBy": "",
        "license": "CC-BY-4.0",
        "scientific_role": "PRESENCE_ONLY_NO_ABSENCE"
      }
    },
    {
      "type": "Feature",
      "geometry": {
        "type": "Point",
        "coordinates": [
          -65.05,
          -54.93
        ]
      },
      "properties": {
        "source_id": "baso_hydrozoa_stylasteridae",
        "dataset": "Antarctic stylasteridae",
        "scientificName": "Errina antarctica",
        "occurrenceID": "27d97d75-eddf-460d-a434-7f648864115e",
        "eventDate": "",
        "minimumDepthInMeters": 229.0,
        "maximumDepthInMeters": 229.0,
        "basisOfRecord": "HumanObservation",
        "recordedBy": "",
        "license": "CC-BY-4.0",
        "scientific_role": "PRESENCE_ONLY_NO_ABSENCE"
      }
    },
    {
      "type": "Feature",
      "geometry": {
        "type": "Point",
        "coordinates": [
          -64.7,
          -54.37
        ]
      },
      "properties": {
        "source_id": "baso_hydrozoa_stylasteridae",
        "dataset": "Antarctic stylasteridae",
        "scientificName": "Errina antarctica",
        "occurrenceID": "72a4182b-1898-418d-9ccf-297b4918ab1a",
        "eventDate": "",
        "minimumDepthInMeters": 106.0,
        "maximumDepthInMeters": 106.0,
        "basisOfRecord": "HumanObservation",
        "recordedBy": "",
        "license": "CC-BY-4.0",
        "scientific_role": "PRESENCE_ONLY_NO_ABSENCE"
      }
    },
    {
      "type": "Feature",
      "geometry": {
        "type": "Point",
        "coordinates": [
          -65.05,
          -54.93
        ]
      },
      "properties": {
        "source_id": "baso_hydrozoa_stylasteridae",
        "dataset": "Antarctic stylasteridae",
        "scientificName": "Errina antarctica",
        "occurrenceID": "8b88ad6b-9a81-474a-854d-e73002445c32",
        "eventDate": "",
        "minimumDepthInMeters": 229.0,
        "maximumDepthInMeters": 229.0,
        "basisOfRecord": "HumanObservation",
        "recordedBy": "",
        "license": "CC-BY-4.0",
        "scientific_role": "PRESENCE_ONLY_NO_ABSENCE"
      }
    },
    {
      "type": "Feature",
      "geometry": {
        "type": "Point",
        "coordinates": [
          -65.05,
          -54.93
        ]
      },
      "properties": {
        "source_id": "baso_hydrozoa_stylasteridae",
        "dataset": "Antarctic stylasteridae",
        "scientificName": "Errina antarctica",
        "occurrenceID": "587a9211-6551-41b8-8774-fbdd5f59cd23",
        "eventDate": "",
        "minimumDepthInMeters": 229.0,
        "maximumDepthInMeters": 229.0,
        "basisOfRecord": "HumanObservation",
        "recordedBy": "",
        "license": "CC-BY-4.0",
        "scientific_role": "PRESENCE_ONLY_NO_ABSENCE"
      }
    },
    {
      "type": "Feature",
      "geometry": {
        "type": "Point",
        "coordinates": [
          -66.85,
          -53.25
        ]
      },
      "properties": {
        "source_id": "baso_hydrozoa_stylasteridae",
        "dataset": "Antarctic stylasteridae",
        "scientificName": "Errina antarctica",
        "occurrenceID": "ea6e2376-9fa5-4066-ad69-10da5f7f9f3d",
        "eventDate": "",
        "minimumDepthInMeters": 79.0,
        "maximumDepthInMeters": 79.0,
        "basisOfRecord": "HumanObservation",
        "recordedBy": "",
        "license": "CC-BY-4.0",
        "scientific_role": "PRESENCE_ONLY_NO_ABSENCE"
      }
    },
    {
      "type": "Feature",
      "geometry": {
        "type": "Point",
        "coordinates": [
          -67.23,
          -52.5
        ]
      },
      "properties": {
        "source_id": "baso_hydrozoa_stylasteridae",
        "dataset": "Antarctic stylasteridae",
        "scientificName": "Errina antarctica",
        "occurrenceID": "2d0fb387-bf49-4de4-8a40-fa63e53bec69",
        "eventDate": "",
        "minimumDepthInMeters": 82.0,
        "maximumDepthInMeters": 82.0,
        "basisOfRecord": "HumanObservation",
        "recordedBy": "",
        "license": "CC-BY-4.0",
        "scientific_role": "PRESENCE_ONLY_NO_ABSENCE"
      }
    },
    {
      "type": "Feature",
      "geometry": {
        "type": "Point",
        "coordinates": [
          -66.28,
          -55.78
        ]
      },
      "properties": {
        "source_id": "baso_hydrozoa_stylasteridae",
        "dataset": "Antarctic stylasteridae",
        "scientificName": "Errina antarctica",
        "occurrenceID": "397bd226-8903-4a1e-8cb0-221fec0bbc69",
        "eventDate": "",
        "minimumDepthInMeters": 115.0,
        "maximumDepthInMeters": 115.0,
        "basisOfRecord": "HumanObservation",
        "recordedBy": "",
        "license": "CC-BY-4.0",
        "scientific_role": "PRESENCE_ONLY_NO_ABSENCE"
      }
    },
    {
      "type": "Feature",
      "geometry": {
        "type": "Point",
        "coordinates": [
          -64.95,
          -53.53
        ]
      },
      "properties": {
        "source_id": "baso_hydrozoa_stylasteridae",
        "dataset": "Antarctic stylasteridae",
        "scientificName": "Errina antarctica",
        "occurrenceID": "a3566c30-04ed-49d8-902e-1a6a7d5dced1",
        "eventDate": "",
        "minimumDepthInMeters": 119.0,
        "maximumDepthInMeters": 119.0,
        "basisOfRecord": "HumanObservation",
        "recordedBy": "",
        "license": "CC-BY-4.0",
        "scientific_role": "PRESENCE_ONLY_NO_ABSENCE"
      }
    },
    {
      "type": "Feature",
      "geometry": {
        "type": "Point",
        "coordinates": [
          -65.83,
          -55.33
        ]
      },
      "properties": {
        "source_id": "baso_hydrozoa_stylasteridae",
        "dataset": "Antarctic stylasteridae",
        "scientificName": "Errina antarctica",
        "occurrenceID": "a6eac0ac-895f-4d34-8d7d-94fc3ac05b15",
        "eventDate": "",
        "minimumDepthInMeters": 1185.0,
        "maximumDepthInMeters": 1185.0,
        "basisOfRecord": "HumanObservation",
        "recordedBy": "",
        "license": "CC-BY-4.0",
        "scientific_role": "PRESENCE_ONLY_NO_ABSENCE"
      }
    },
    {
      "type": "Feature",
      "geometry": {
        "type": "Point",
        "coordinates": [
          -64.88,
          -54.98
        ]
      },
      "properties": {
        "source_id": "baso_hydrozoa_stylasteridae",
        "dataset": "Antarctic stylasteridae",
        "scientificName": "Errina antarctica",
        "occurrenceID": "f0247835-5576-489c-993d-5908af429252",
        "eventDate": "",
        "minimumDepthInMeters": 586.0,
        "maximumDepthInMeters": 586.0,
        "basisOfRecord": "HumanObservation",
        "recordedBy": "",
        "license": "CC-BY-4.0",
        "scientific_role": "PRESENCE_ONLY_NO_ABSENCE"
      }
    },
    {
      "type": "Feature",
      "geometry": {
        "type": "Point",
        "coordinates": [
          -64.7,
          -54.37
        ]
      },
      "properties": {
        "source_id": "baso_hydrozoa_stylasteridae",
        "dataset": "Antarctic stylasteridae",
        "scientificName": "Errina antarctica",
        "occurrenceID": "97b8a15a-707c-4059-bdf8-ac738f978a64",
        "eventDate": "",
        "minimumDepthInMeters": 106.0,
        "maximumDepthInMeters": 106.0,
        "basisOfRecord": "HumanObservation",
        "recordedBy": "",
        "license": "CC-BY-4.0",
        "scientific_role": "PRESENCE_ONLY_NO_ABSENCE"
      }
    },
    {
      "type": "Feature",
      "geometry": {
        "type": "Point",
        "coordinates": [
          -59.15,
          -52.68
        ]
      },
      "properties": {
        "source_id": "baso_hydrozoa_stylasteridae",
        "dataset": "Antarctic stylasteridae",
        "scientificName": "Errina antarctica",
        "occurrenceID": "ab0964e3-9808-4eec-a4e6-18b9184a8c02",
        "eventDate": "",
        "minimumDepthInMeters": 108.0,
        "maximumDepthInMeters": 108.0,
        "basisOfRecord": "HumanObservation",
        "recordedBy": "",
        "license": "CC-BY-4.0",
        "scientific_role": "PRESENCE_ONLY_NO_ABSENCE"
      }
    },
    {
      "type": "Feature",
      "geometry": {
        "type": "Point",
        "coordinates": [
          -65.9583,
          -54.17
        ]
      },
      "properties": {
        "source_id": "baso_hydrozoa_stylasteridae",
        "dataset": "Antarctic stylasteridae",
        "scientificName": "Errina antarctica",
        "occurrenceID": "f28c89db-d988-42a9-9a04-3a98ca47cf96",
        "eventDate": "",
        "minimumDepthInMeters": 101.0,
        "maximumDepthInMeters": 101.0,
        "basisOfRecord": "HumanObservation",
        "recordedBy": "",
        "license": "CC-BY-4.0",
        "scientific_role": "PRESENCE_ONLY_NO_ABSENCE"
      }
    },
    {
      "type": "Feature",
      "geometry": {
        "type": "Point",
        "coordinates": [
          -65.58,
          -52.8883
        ]
      },
      "properties": {
        "source_id": "baso_hydrozoa_stylasteridae",
        "dataset": "Antarctic stylasteridae",
        "scientificName": "Errina antarctica",
        "occurrenceID": "47966764-43a1-4f17-9c6f-6fc7d4e7dd4e",
        "eventDate": "",
        "minimumDepthInMeters": 108.0,
        "maximumDepthInMeters": 108.0,
        "basisOfRecord": "HumanObservation",
        "recordedBy": "",
        "license": "CC-BY-4.0",
        "scientific_role": "PRESENCE_ONLY_NO_ABSENCE"
      }
    },
    {
      "type": "Feature",
      "geometry": {
        "type": "Point",
        "coordinates": [
          -65.75,
          -52.37
        ]
      },
      "properties": {
        "source_id": "baso_hydrozoa_stylasteridae",
        "dataset": "Antarctic stylasteridae",
        "scientificName": "Errina antarctica",
        "occurrenceID": "9159cbd3-598a-40e2-a126-9bf869aaead6",
        "eventDate": "",
        "minimumDepthInMeters": 116.0,
        "maximumDepthInMeters": 116.0,
        "basisOfRecord": "HumanObservation",
        "recordedBy": "",
        "license": "CC-BY-4.0",
        "scientific_role": "PRESENCE_ONLY_NO_ABSENCE"
      }
    },
    {
      "type": "Feature",
      "geometry": {
        "type": "Point",
        "coordinates": [
          -66.82,
          -52.93
        ]
      },
      "properties": {
        "source_id": "baso_hydrozoa_stylasteridae",
        "dataset": "Antarctic stylasteridae",
        "scientificName": "Errina antarctica",
        "occurrenceID": "5f82db38-aa35-40ab-a5a4-f01728ad9146",
        "eventDate": "",
        "minimumDepthInMeters": 86.0,
        "maximumDepthInMeters": 86.0,
        "basisOfRecord": "HumanObservation",
        "recordedBy": "",
        "license": "CC-BY-4.0",
        "scientific_role": "PRESENCE_ONLY_NO_ABSENCE"
      }
    },
    {
      "type": "Feature",
      "geometry": {
        "type": "Point",
        "coordinates": [
          -65.05,
          -54.93
        ]
      },
      "properties": {
        "source_id": "baso_hydrozoa_stylasteridae",
        "dataset": "Antarctic stylasteridae",
        "scientificName": "Errina antarctica",
        "occurrenceID": "6c1c0e5c-4afd-4f2f-aed4-3f0778bf8ea5",
        "eventDate": "",
        "minimumDepthInMeters": 229.0,
        "maximumDepthInMeters": 229.0,
        "basisOfRecord": "HumanObservation",
        "recordedBy": "",
        "license": "CC-BY-4.0",
        "scientific_role": "PRESENCE_ONLY_NO_ABSENCE"
      }
    },
    {
      "type": "Feature",
      "geometry": {
        "type": "Point",
        "coordinates": [
          -64.7,
          -54.37
        ]
      },
      "properties": {
        "source_id": "baso_hydrozoa_stylasteridae",
        "dataset": "Antarctic stylasteridae",
        "scientificName": "Errina antarctica",
        "occurrenceID": "c3f4a318-c0ee-445a-8ccc-d6e2c2ea4703",
        "eventDate": "",
        "minimumDepthInMeters": 106.0,
        "maximumDepthInMeters": 106.0,
        "basisOfRecord": "HumanObservation",
        "recordedBy": "",
        "license": "CC-BY-4.0",
        "scientific_role": "PRESENCE_ONLY_NO_ABSENCE"
      }
    },
    {
      "type": "Feature",
      "geometry": {
        "type": "Point",
        "coordinates": [
          -66.85,
          -53.25
        ]
      },
      "properties": {
        "source_id": "baso_hydrozoa_stylasteridae",
        "dataset": "Antarctic stylasteridae",
        "scientificName": "Errina antarctica",
        "occurrenceID": "8b163ec3-50d7-446e-b42c-592323be099f",
        "eventDate": "",
        "minimumDepthInMeters": 79.0,
        "maximumDepthInMeters": 79.0,
        "basisOfRecord": "HumanObservation",
        "recordedBy": "",
        "license": "CC-BY-4.0",
        "scientific_role": "PRESENCE_ONLY_NO_ABSENCE"
      }
    },
    {
      "type": "Feature",
      "geometry": {
        "type": "Point",
        "coordinates": [
          -66.85,
          -53.25
        ]
      },
      "properties": {
        "source_id": "baso_hydrozoa_stylasteridae",
        "dataset": "Antarctic stylasteridae",
        "scientificName": "Errina antarctica",
        "occurrenceID": "6653b1be-a7f4-4e6d-b126-752d8601622a",
        "eventDate": "",
        "minimumDepthInMeters": 79.0,
        "maximumDepthInMeters": 79.0,
        "basisOfRecord": "HumanObservation",
        "recordedBy": "",
        "license": "CC-BY-4.0",
        "scientific_role": "PRESENCE_ONLY_NO_ABSENCE"
      }
    },
    {
      "type": "Feature",
      "geometry": {
        "type": "Point",
        "coordinates": [
          -70.9167,
          -53.6567
        ]
      },
      "properties": {
        "source_id": "baso_hydrozoa_stylasteridae",
        "dataset": "Antarctic stylasteridae",
        "scientificName": "Errina antarctica",
        "occurrenceID": "dc105de4-d02f-4c07-91bb-58caa19265f3",
        "eventDate": "",
        "minimumDepthInMeters": 82.0,
        "maximumDepthInMeters": 82.0,
        "basisOfRecord": "HumanObservation",
        "recordedBy": "",
        "license": "CC-BY-4.0",
        "scientific_role": "PRESENCE_ONLY_NO_ABSENCE"
      }
    },
    {
      "type": "Feature",
      "geometry": {
        "type": "Point",
        "coordinates": [
          -64.6667,
          -54.5667
        ]
      },
      "properties": {
        "source_id": "baso_hydrozoa_stylasteridae",
        "dataset": "Antarctic stylasteridae",
        "scientificName": "Errina antarctica",
        "occurrenceID": "9d64b503-24df-4da4-b249-d62394d290a4",
        "eventDate": "",
        "minimumDepthInMeters": 84.0,
        "maximumDepthInMeters": 84.0,
        "basisOfRecord": "HumanObservation",
        "recordedBy": "",
        "license": "CC-BY-4.0",
        "scientific_role": "PRESENCE_ONLY_NO_ABSENCE"
      }
    },
    {
      "type": "Feature",
      "geometry": {
        "type": "Point",
        "coordinates": [
          -67.0667,
          -53.1
        ]
      },
      "properties": {
        "source_id": "baso_hydrozoa_stylasteridae",
        "dataset": "Antarctic stylasteridae",
        "scientificName": "Errina antarctica",
        "occurrenceID": "f9f31e69-0df8-4a9c-82fd-8fdf0a27a088",
        "eventDate": "",
        "minimumDepthInMeters": 86.0,
        "maximumDepthInMeters": 86.0,
        "basisOfRecord": "HumanObservation",
        "recordedBy": "",
        "license": "CC-BY-4.0",
        "scientific_role": "PRESENCE_ONLY_NO_ABSENCE"
      }
    },
    {
      "type": "Feature",
      "geometry": {
        "type": "Point",
        "coordinates": [
          -64.8333,
          -54.9983
        ]
      },
      "properties": {
        "source_id": "baso_hydrozoa_stylasteridae",
        "dataset": "Antarctic stylasteridae",
        "scientificName": "Errina antarctica",
        "occurrenceID": "326cc381-9ec0-4093-86bb-de0e47d61107",
        "eventDate": "",
        "minimumDepthInMeters": 438.0,
        "maximumDepthInMeters": 438.0,
        "basisOfRecord": "HumanObservation",
        "recordedBy": "",
        "license": "CC-BY-4.0",
        "scientific_role": "PRESENCE_ONLY_NO_ABSENCE"
      }
    },
    {
      "type": "Feature",
      "geometry": {
        "type": "Point",
        "coordinates": [
          -64.1667,
          -54.5667
        ]
      },
      "properties": {
        "source_id": "baso_hydrozoa_stylasteridae",
        "dataset": "Antarctic stylasteridae",
        "scientificName": "Errina antarctica",
        "occurrenceID": "827bf19d-fe45-4fa5-9c5a-d525dbc222f0",
        "eventDate": "",
        "minimumDepthInMeters": 73.0,
        "maximumDepthInMeters": 73.0,
        "basisOfRecord": "HumanObservation",
        "recordedBy": "",
        "license": "CC-BY-4.0",
        "scientific_role": "PRESENCE_ONLY_NO_ABSENCE"
      }
    },
    {
      "type": "Feature",
      "geometry": {
        "type": "Point",
        "coordinates": [
          -74.97,
          -52.67
        ]
      },
      "properties": {
        "source_id": "baso_hydrozoa_stylasteridae",
        "dataset": "Antarctic stylasteridae",
        "scientificName": "Errina antarctica",
        "occurrenceID": "0169229c-9b6b-4f50-8122-79c33b2c3bb0",
        "eventDate": "",
        "minimumDepthInMeters": 64.0,
        "maximumDepthInMeters": 64.0,
        "basisOfRecord": "HumanObservation",
        "recordedBy": "",
        "license": "CC-BY-4.0",
        "scientific_role": "PRESENCE_ONLY_NO_ABSENCE"
      }
    },
    {
      "type": "Feature",
      "geometry": {
        "type": "Point",
        "coordinates": [
          -64.5,
          -54.9167
        ]
      },
      "properties": {
        "source_id": "baso_hydrozoa_stylasteridae",
        "dataset": "Antarctic stylasteridae",
        "scientificName": "Errina antarctica",
        "occurrenceID": "5e6bf65a-f910-434c-9425-daed43227ff6",
        "eventDate": "",
        "minimumDepthInMeters": 138.0,
        "maximumDepthInMeters": 138.0,
        "basisOfRecord": "HumanObservation",
        "recordedBy": "",
        "license": "CC-BY-4.0",
        "scientific_role": "PRESENCE_ONLY_NO_ABSENCE"
      }
    },
    {
      "type": "Feature",
      "geometry": {
        "type": "Point",
        "coordinates": [
          -64.67,
          -54.7383
        ]
      },
      "properties": {
        "source_id": "baso_hydrozoa_stylasteridae",
        "dataset": "Antarctic stylasteridae",
        "scientificName": "Errina antarctica",
        "occurrenceID": "b2b0b4a2-7a7f-4200-b8c3-9689001eae6b",
        "eventDate": "",
        "minimumDepthInMeters": 84.0,
        "maximumDepthInMeters": 84.0,
        "basisOfRecord": "HumanObservation",
        "recordedBy": "",
        "license": "CC-BY-4.0",
        "scientific_role": "PRESENCE_ONLY_NO_ABSENCE"
      }
    },
    {
      "type": "Feature",
      "geometry": {
        "type": "Point",
        "coordinates": [
          -64.3633,
          -54.9267
        ]
      },
      "properties": {
        "source_id": "baso_hydrozoa_stylasteridae",
        "dataset": "Antarctic stylasteridae",
        "scientificName": "Errina antarctica",
        "occurrenceID": "c357e8ed-030b-4b39-b1ce-25f7d67df218",
        "eventDate": "",
        "minimumDepthInMeters": 303.0,
        "maximumDepthInMeters": 303.0,
        "basisOfRecord": "HumanObservation",
        "recordedBy": "",
        "license": "CC-BY-4.0",
        "scientific_role": "PRESENCE_ONLY_NO_ABSENCE"
      }
    },
    {
      "type": "Feature",
      "geometry": {
        "type": "Point",
        "coordinates": [
          -65.8333,
          -54.5667
        ]
      },
      "properties": {
        "source_id": "baso_hydrozoa_stylasteridae",
        "dataset": "Antarctic stylasteridae",
        "scientificName": "Errina antarctica",
        "occurrenceID": "4e40285e-10cd-4ff0-84c9-b5dc219d87f0",
        "eventDate": "",
        "minimumDepthInMeters": 118.0,
        "maximumDepthInMeters": 118.0,
        "basisOfRecord": "HumanObservation",
        "recordedBy": "",
        "license": "CC-BY-4.0",
        "scientific_role": "PRESENCE_ONLY_NO_ABSENCE"
      }
    },
    {
      "type": "Feature",
      "geometry": {
        "type": "Point",
        "coordinates": [
          -59.5,
          -54.3
        ]
      },
      "properties": {
        "source_id": "baso_hydrozoa_stylasteridae",
        "dataset": "Antarctic stylasteridae",
        "scientificName": "Errina antarctica",
        "occurrenceID": "5c4f0d25-c73f-4046-848b-4e72eb98ef0d",
        "eventDate": "",
        "minimumDepthInMeters": 88.0,
        "maximumDepthInMeters": 88.0,
        "basisOfRecord": "HumanObservation",
        "recordedBy": "",
        "license": "CC-BY-4.0",
        "scientific_role": "PRESENCE_ONLY_NO_ABSENCE"
      }
    },
    {
      "type": "Feature",
      "geometry": {
        "type": "Point",
        "coordinates": [
          -64.0667,
          -54.7817
        ]
      },
      "properties": {
        "source_id": "baso_hydrozoa_stylasteridae",
        "dataset": "Antarctic stylasteridae",
        "scientificName": "Errina antarctica",
        "occurrenceID": "45d12537-c6a6-4d58-bbcc-02ee75689e03",
        "eventDate": "",
        "minimumDepthInMeters": null,
        "maximumDepthInMeters": null,
        "basisOfRecord": "HumanObservation",
        "recordedBy": "",
        "license": "CC-BY-4.0",
        "scientific_role": "PRESENCE_ONLY_NO_ABSENCE"
      }
    },
    {
      "type": "Feature",
      "geometry": {
        "type": "Point",
        "coordinates": [
          -64.0,
          -54.5667
        ]
      },
      "properties": {
        "source_id": "baso_hydrozoa_stylasteridae",
        "dataset": "Antarctic stylasteridae",
        "scientificName": "Errina antarctica",
        "occurrenceID": "f13c3caf-8f00-472b-bdd9-30bcae3038ed",
        "eventDate": "",
        "minimumDepthInMeters": 87.0,
        "maximumDepthInMeters": 87.0,
        "basisOfRecord": "HumanObservation",
        "recordedBy": "",
        "license": "CC-BY-4.0",
        "scientific_role": "PRESENCE_ONLY_NO_ABSENCE"
      }
    },
    {
      "type": "Feature",
      "geometry": {
        "type": "Point",
        "coordinates": [
          -57.15,
          -54.65
        ]
      },
      "properties": {
        "source_id": "baso_hydrozoa_stylasteridae",
        "dataset": "Antarctic stylasteridae",
        "scientificName": "Errina antarctica",
        "occurrenceID": "257d331a-68bb-4b80-a9a9-3b2094fe8cb7",
        "eventDate": "",
        "minimumDepthInMeters": 124.0,
        "maximumDepthInMeters": 124.0,
        "basisOfRecord": "HumanObservation",
        "recordedBy": "",
        "license": "CC-BY-4.0",
        "scientific_role": "PRESENCE_ONLY_NO_ABSENCE"
      }
    },
    {
      "type": "Feature",
      "geometry": {
        "type": "Point",
        "coordinates": [
          -63.835,
          -54.652
        ]
      },
      "properties": {
        "source_id": "baso_hydrozoa_stylasteridae",
        "dataset": "Antarctic stylasteridae",
        "scientificName": "Errina antarctica",
        "occurrenceID": "6209f8e8-f9d5-4772-bfc4-b8bb534c1536",
        "eventDate": "",
        "minimumDepthInMeters": 135.0,
        "maximumDepthInMeters": 135.0,
        "basisOfRecord": "HumanObservation",
        "recordedBy": "",
        "license": "CC-BY-4.0",
        "scientific_role": "PRESENCE_ONLY_NO_ABSENCE"
      }
    },
    {
      "type": "Feature",
      "geometry": {
        "type": "Point",
        "coordinates": [
          -70.58,
          -55.7
        ]
      },
      "properties": {
        "source_id": "baso_hydrozoa_stylasteridae",
        "dataset": "Antarctic stylasteridae",
        "scientificName": "Errina antarctica",
        "occurrenceID": "81393eeb-6603-4dd4-82d4-3348d2bdba29",
        "eventDate": "",
        "minimumDepthInMeters": 174.0,
        "maximumDepthInMeters": 174.0,
        "basisOfRecord": "HumanObservation",
        "recordedBy": "",
        "license": "CC-BY-4.0",
        "scientific_role": "PRESENCE_ONLY_NO_ABSENCE"
      }
    },
    {
      "type": "Feature",
      "geometry": {
        "type": "Point",
        "coordinates": [
          -64.5,
          -54.5667
        ]
      },
      "properties": {
        "source_id": "baso_hydrozoa_stylasteridae",
        "dataset": "Antarctic stylasteridae",
        "scientificName": "Errina antarctica",
        "occurrenceID": "5bdb5845-4b74-495f-9939-961c2ff8083a",
        "eventDate": "",
        "minimumDepthInMeters": 73.0,
        "maximumDepthInMeters": 73.0,
        "basisOfRecord": "HumanObservation",
        "recordedBy": "",
        "license": "CC-BY-4.0",
        "scientific_role": "PRESENCE_ONLY_NO_ABSENCE"
      }
    },
    {
      "type": "Feature",
      "geometry": {
        "type": "Point",
        "coordinates": [
          -64.3333,
          -54.65
        ]
      },
      "properties": {
        "source_id": "baso_hydrozoa_stylasteridae",
        "dataset": "Antarctic stylasteridae",
        "scientificName": "Errina antarctica",
        "occurrenceID": "31f45324-7388-49d6-af37-0762fffa58ed",
        "eventDate": "",
        "minimumDepthInMeters": 48.0,
        "maximumDepthInMeters": 48.0,
        "basisOfRecord": "HumanObservation",
        "recordedBy": "",
        "license": "CC-BY-4.0",
        "scientific_role": "PRESENCE_ONLY_NO_ABSENCE"
      }
    },
    {
      "type": "Feature",
      "geometry": {
        "type": "Point",
        "coordinates": [
          -64.0,
          -54.65
        ]
      },
      "properties": {
        "source_id": "baso_hydrozoa_stylasteridae",
        "dataset": "Antarctic stylasteridae",
        "scientificName": "Errina antarctica",
        "occurrenceID": "4463cf7d-3fbd-455a-87e0-5105fe8bf62a",
        "eventDate": "",
        "minimumDepthInMeters": null,
        "maximumDepthInMeters": null,
        "basisOfRecord": "HumanObservation",
        "recordedBy": "",
        "license": "CC-BY-4.0",
        "scientific_role": "PRESENCE_ONLY_NO_ABSENCE"
      }
    },
    {
      "type": "Feature",
      "geometry": {
        "type": "Point",
        "coordinates": [
          -56.98,
          -54.68
        ]
      },
      "properties": {
        "source_id": "baso_hydrozoa_stylasteridae",
        "dataset": "Antarctic stylasteridae",
        "scientificName": "Errina antarctica",
        "occurrenceID": "25ac636d-de2d-4235-b8c4-8788a621ce80",
        "eventDate": "",
        "minimumDepthInMeters": 70.0,
        "maximumDepthInMeters": 70.0,
        "basisOfRecord": "HumanObservation",
        "recordedBy": "",
        "license": "CC-BY-4.0",
        "scientific_role": "PRESENCE_ONLY_NO_ABSENCE"
      }
    },
    {
      "type": "Feature",
      "geometry": {
        "type": "Point",
        "coordinates": [
          -64.0,
          -54.9167
        ]
      },
      "properties": {
        "source_id": "baso_hydrozoa_stylasteridae",
        "dataset": "Antarctic stylasteridae",
        "scientificName": "Errina antarctica",
        "occurrenceID": "aeebc243-5eb2-4ce0-9521-45234d97abc6",
        "eventDate": "",
        "minimumDepthInMeters": 771.0,
        "maximumDepthInMeters": 771.0,
        "basisOfRecord": "HumanObservation",
        "recordedBy": "",
        "license": "CC-BY-4.0",
        "scientific_role": "PRESENCE_ONLY_NO_ABSENCE"
      }
    },
    {
      "type": "Feature",
      "geometry": {
        "type": "Point",
        "coordinates": [
          -64.0,
          -54.4833
        ]
      },
      "properties": {
        "source_id": "baso_hydrozoa_stylasteridae",
        "dataset": "Antarctic stylasteridae",
        "scientificName": "Errina antarctica",
        "occurrenceID": "736ec265-6125-4c32-897f-e451cf2b2a0c",
        "eventDate": "",
        "minimumDepthInMeters": 104.0,
        "maximumDepthInMeters": 104.0,
        "basisOfRecord": "HumanObservation",
        "recordedBy": "",
        "license": "CC-BY-4.0",
        "scientific_role": "PRESENCE_ONLY_NO_ABSENCE"
      }
    },
    {
      "type": "Feature",
      "geometry": {
        "type": "Point",
        "coordinates": [
          -64.1667,
          -54.4833
        ]
      },
      "properties": {
        "source_id": "baso_hydrozoa_stylasteridae",
        "dataset": "Antarctic stylasteridae",
        "scientificName": "Errina antarctica",
        "occurrenceID": "794a50ee-5473-43c6-aba7-3fd0e852afbf",
        "eventDate": "",
        "minimumDepthInMeters": null,
        "maximumDepthInMeters": null,
        "basisOfRecord": "HumanObservation",
        "recordedBy": "",
        "license": "CC-BY-4.0",
        "scientific_role": "PRESENCE_ONLY_NO_ABSENCE"
      }
    },
    {
      "type": "Feature",
      "geometry": {
        "type": "Point",
        "coordinates": [
          -64.94,
          -54.825
        ]
      },
      "properties": {
        "source_id": "baso_hydrozoa_stylasteridae",
        "dataset": "Antarctic stylasteridae",
        "scientificName": "Errina antarctica",
        "occurrenceID": "39b15a4e-34ac-4a9e-b98e-9d41333d26d2",
        "eventDate": "",
        "minimumDepthInMeters": 179.0,
        "maximumDepthInMeters": 179.0,
        "basisOfRecord": "HumanObservation",
        "recordedBy": "",
        "license": "CC-BY-4.0",
        "scientific_role": "PRESENCE_ONLY_NO_ABSENCE"
      }
    },
    {
      "type": "Feature",
      "geometry": {
        "type": "Point",
        "coordinates": [
          -64.325,
          -54.915
        ]
      },
      "properties": {
        "source_id": "baso_hydrozoa_stylasteridae",
        "dataset": "Antarctic stylasteridae",
        "scientificName": "Errina antarctica",
        "occurrenceID": "75d6c1d0-134a-493b-afdf-081718d40d04",
        "eventDate": "",
        "minimumDepthInMeters": 263.0,
        "maximumDepthInMeters": 263.0,
        "basisOfRecord": "HumanObservation",
        "recordedBy": "",
        "license": "CC-BY-4.0",
        "scientific_role": "PRESENCE_ONLY_NO_ABSENCE"
      }
    },
    {
      "type": "Feature",
      "geometry": {
        "type": "Point",
        "coordinates": [
          -64.67,
          -54.7383
        ]
      },
      "properties": {
        "source_id": "baso_hydrozoa_stylasteridae",
        "dataset": "Antarctic stylasteridae",
        "scientificName": "Errina antarctica",
        "occurrenceID": "bf55a1a4-5b99-4b4a-9bfa-2743dd14e30c",
        "eventDate": "",
        "minimumDepthInMeters": 84.0,
        "maximumDepthInMeters": 84.0,
        "basisOfRecord": "HumanObservation",
        "recordedBy": "",
        "license": "CC-BY-4.0",
        "scientific_role": "PRESENCE_ONLY_NO_ABSENCE"
      }
    },
    {
      "type": "Feature",
      "geometry": {
        "type": "Point",
        "coordinates": [
          -64.34,
          -54.9167
        ]
      },
      "properties": {
        "source_id": "baso_hydrozoa_stylasteridae",
        "dataset": "Antarctic stylasteridae",
        "scientificName": "Errina antarctica",
        "occurrenceID": "49495fdb-1a1f-46c1-b48c-8b88fb4498b6",
        "eventDate": "",
        "minimumDepthInMeters": 283.0,
        "maximumDepthInMeters": 283.0,
        "basisOfRecord": "HumanObservation",
        "recordedBy": "",
        "license": "CC-BY-4.0",
        "scientific_role": "PRESENCE_ONLY_NO_ABSENCE"
      }
    },
    {
      "type": "Feature",
      "geometry": {
        "type": "Point",
        "coordinates": [
          -75.0,
          -52.93
        ]
      },
      "properties": {
        "source_id": "baso_hydrozoa_stylasteridae",
        "dataset": "Antarctic stylasteridae",
        "scientificName": "Errina antarctica",
        "occurrenceID": "1e912c2f-013d-4416-97cf-d5091b81bfdc",
        "eventDate": "",
        "minimumDepthInMeters": 92.0,
        "maximumDepthInMeters": 92.0,
        "basisOfRecord": "HumanObservation",
        "recordedBy": "",
        "license": "CC-BY-4.0",
        "scientific_role": "PRESENCE_ONLY_NO_ABSENCE"
      }
    },
    {
      "type": "Feature",
      "geometry": {
        "type": "Point",
        "coordinates": [
          -75.7,
          -50.61
        ]
      },
      "properties": {
        "source_id": "baso_hydrozoa_stylasteridae",
        "dataset": "Antarctic stylasteridae",
        "scientificName": "Errina antarctica",
        "occurrenceID": "1d2ababc-716a-4e44-911f-bc314b690a70",
        "eventDate": "",
        "minimumDepthInMeters": 73.0,
        "maximumDepthInMeters": 73.0,
        "basisOfRecord": "HumanObservation",
        "recordedBy": "",
        "license": "CC-BY-4.0",
        "scientific_role": "PRESENCE_ONLY_NO_ABSENCE"
      }
    },
    {
      "type": "Feature",
      "geometry": {
        "type": "Point",
        "coordinates": [
          -75.3,
          -52.87
        ]
      },
      "properties": {
        "source_id": "baso_hydrozoa_stylasteridae",
        "dataset": "Antarctic stylasteridae",
        "scientificName": "Errina antarctica",
        "occurrenceID": "8b0249ad-351a-4021-b1fe-ee4df975819f",
        "eventDate": "",
        "minimumDepthInMeters": 119.0,
        "maximumDepthInMeters": 119.0,
        "basisOfRecord": "HumanObservation",
        "recordedBy": "",
        "license": "CC-BY-4.0",
        "scientific_role": "PRESENCE_ONLY_NO_ABSENCE"
      }
    },
    {
      "type": "Feature",
      "geometry": {
        "type": "Point",
        "coordinates": [
          -64.6,
          -53.9
        ]
      },
      "properties": {
        "source_id": "baso_hydrozoa_stylasteridae",
        "dataset": "Antarctic stylasteridae",
        "scientificName": "Errina antarctica",
        "occurrenceID": "e087f711-8d99-4503-aeac-e44f9ca1a585",
        "eventDate": "",
        "minimumDepthInMeters": 104.0,
        "maximumDepthInMeters": 104.0,
        "basisOfRecord": "HumanObservation",
        "recordedBy": "",
        "license": "CC-BY-4.0",
        "scientific_role": "PRESENCE_ONLY_NO_ABSENCE"
      }
    },
    {
      "type": "Feature",
      "geometry": {
        "type": "Point",
        "coordinates": [
          -56.62,
          -54.72
        ]
      },
      "properties": {
        "source_id": "baso_hydrozoa_stylasteridae",
        "dataset": "Antarctic stylasteridae",
        "scientificName": "Errina antarctica",
        "occurrenceID": "94656ae0-2ed0-4eb7-9545-bee91800275c",
        "eventDate": "",
        "minimumDepthInMeters": 339.0,
        "maximumDepthInMeters": 339.0,
        "basisOfRecord": "HumanObservation",
        "recordedBy": "",
        "license": "CC-BY-4.0",
        "scientific_role": "PRESENCE_ONLY_NO_ABSENCE"
      }
    },
    {
      "type": "Feature",
      "geometry": {
        "type": "Point",
        "coordinates": [
          -63.58,
          -54.07
        ]
      },
      "properties": {
        "source_id": "baso_hydrozoa_stylasteridae",
        "dataset": "Antarctic stylasteridae",
        "scientificName": "Errina antarctica",
        "occurrenceID": "849c3906-bc6e-4f0f-9c3b-5e1039ffd900",
        "eventDate": "",
        "minimumDepthInMeters": 247.0,
        "maximumDepthInMeters": 247.0,
        "basisOfRecord": "HumanObservation",
        "recordedBy": "",
        "license": "CC-BY-4.0",
        "scientific_role": "PRESENCE_ONLY_NO_ABSENCE"
      }
    },
    {
      "type": "Feature",
      "geometry": {
        "type": "Point",
        "coordinates": [
          -64.1667,
          -54.8342
        ]
      },
      "properties": {
        "source_id": "baso_hydrozoa_stylasteridae",
        "dataset": "Antarctic stylasteridae",
        "scientificName": "Errina antarctica",
        "occurrenceID": "e3750431-c951-4850-b77d-64136171a5b2",
        "eventDate": "",
        "minimumDepthInMeters": 76.0,
        "maximumDepthInMeters": 76.0,
        "basisOfRecord": "HumanObservation",
        "recordedBy": "",
        "license": "CC-BY-4.0",
        "scientific_role": "PRESENCE_ONLY_NO_ABSENCE"
      }
    },
    {
      "type": "Feature",
      "geometry": {
        "type": "Point",
        "coordinates": [
          -64.0,
          -54.55
        ]
      },
      "properties": {
        "source_id": "baso_hydrozoa_stylasteridae",
        "dataset": "Antarctic stylasteridae",
        "scientificName": "Errina antarctica",
        "occurrenceID": "49e63bcc-7f9b-4159-9e43-9f800c589812",
        "eventDate": "",
        "minimumDepthInMeters": 84.0,
        "maximumDepthInMeters": 84.0,
        "basisOfRecord": "HumanObservation",
        "recordedBy": "",
        "license": "CC-BY-4.0",
        "scientific_role": "PRESENCE_ONLY_NO_ABSENCE"
      }
    },
    {
      "type": "Feature",
      "geometry": {
        "type": "Point",
        "coordinates": [
          -63.2,
          -64.8333
        ]
      },
      "properties": {
        "source_id": "baso_hydrozoa_stylasteridae",
        "dataset": "Antarctic stylasteridae",
        "scientificName": "Errina boschmai",
        "occurrenceID": "36ed06f5-ab41-4f15-8e8b-cee2ec3cdc3d",
        "eventDate": "",
        "minimumDepthInMeters": 283.0,
        "maximumDepthInMeters": 283.0,
        "basisOfRecord": "HumanObservation",
        "recordedBy": "",
        "license": "CC-BY-4.0",
        "scientific_role": "PRESENCE_ONLY_NO_ABSENCE"
      }
    },
    {
      "type": "Feature",
      "geometry": {
        "type": "Point",
        "coordinates": [
          -60.6,
          -63.3833
        ]
      },
      "properties": {
        "source_id": "baso_hydrozoa_stylasteridae",
        "dataset": "Antarctic stylasteridae",
        "scientificName": "Errina boschmai",
        "occurrenceID": "5da5faab-de73-4c25-82db-783a273c063a",
        "eventDate": "",
        "minimumDepthInMeters": 424.0,
        "maximumDepthInMeters": 424.0,
        "basisOfRecord": "HumanObservation",
        "recordedBy": "",
        "license": "CC-BY-4.0",
        "scientific_role": "PRESENCE_ONLY_NO_ABSENCE"
      }
    },
    {
      "type": "Feature",
      "geometry": {
        "type": "Point",
        "coordinates": [
          -56.517,
          -61.417
        ]
      },
      "properties": {
        "source_id": "baso_hydrozoa_stylasteridae",
        "dataset": "Antarctic stylasteridae",
        "scientificName": "Errina boschmai",
        "occurrenceID": "440a94c0-a0d1-4df0-81b0-86e1507e08ab",
        "eventDate": "",
        "minimumDepthInMeters": 300.0,
        "maximumDepthInMeters": 300.0,
        "basisOfRecord": "HumanObservation",
        "recordedBy": "",
        "license": "CC-BY-4.0",
        "scientific_role": "PRESENCE_ONLY_NO_ABSENCE"
      }
    },
    {
      "type": "Feature",
      "geometry": {
        "type": "Point",
        "coordinates": [
          -56.17,
          -62.7
        ]
      },
      "properties": {
        "source_id": "baso_hydrozoa_stylasteridae",
        "dataset": "Antarctic stylasteridae",
        "scientificName": "Errina boschmai",
        "occurrenceID": "93af3b7e-71df-435a-83a8-6584ef67ee57",
        "eventDate": "",
        "minimumDepthInMeters": 406.0,
        "maximumDepthInMeters": 406.0,
        "basisOfRecord": "HumanObservation",
        "recordedBy": "",
        "license": "CC-BY-4.0",
        "scientific_role": "PRESENCE_ONLY_NO_ABSENCE"
      }
    },
    {
      "type": "Feature",
      "geometry": {
        "type": "Point",
        "coordinates": [
          -36.85,
          -53.6
        ]
      },
      "properties": {
        "source_id": "baso_hydrozoa_stylasteridae",
        "dataset": "Antarctic stylasteridae",
        "scientificName": "Errina boschmai",
        "occurrenceID": "0b1e07a3-140a-46b8-98ca-0c7cb7599457",
        "eventDate": "",
        "minimumDepthInMeters": 220.0,
        "maximumDepthInMeters": 220.0,
        "basisOfRecord": "HumanObservation",
        "recordedBy": "",
        "license": "CC-BY-4.0",
        "scientific_role": "PRESENCE_ONLY_NO_ABSENCE"
      }
    },
    {
      "type": "Feature",
      "geometry": {
        "type": "Point",
        "coordinates": [
          -38.63,
          -54.68
        ]
      },
      "properties": {
        "source_id": "baso_hydrozoa_stylasteridae",
        "dataset": "Antarctic stylasteridae",
        "scientificName": "Errina boschmai",
        "occurrenceID": "a8361d2c-8ae3-450d-9d27-c9c4cadb3868",
        "eventDate": "",
        "minimumDepthInMeters": 220.0,
        "maximumDepthInMeters": 220.0,
        "basisOfRecord": "HumanObservation",
        "recordedBy": "",
        "license": "CC-BY-4.0",
        "scientific_role": "PRESENCE_ONLY_NO_ABSENCE"
      }
    },
    {
      "type": "Feature",
      "geometry": {
        "type": "Point",
        "coordinates": [
          -56.17,
          -62.65
        ]
      },
      "properties": {
        "source_id": "baso_hydrozoa_stylasteridae",
        "dataset": "Antarctic stylasteridae",
        "scientificName": "Errina boschmai",
        "occurrenceID": "5e4bc7bb-c6a2-4041-8d1a-a918524ea207",
        "eventDate": "",
        "minimumDepthInMeters": 311.0,
        "maximumDepthInMeters": 311.0,
        "basisOfRecord": "HumanObservation",
        "recordedBy": "",
        "license": "CC-BY-4.0",
        "scientific_role": "PRESENCE_ONLY_NO_ABSENCE"
      }
    },
    {
      "type": "Feature",
      "geometry": {
        "type": "Point",
        "coordinates": [
          -56.517,
          -61.417
        ]
      },
      "properties": {
        "source_id": "baso_hydrozoa_stylasteridae",
        "dataset": "Antarctic stylasteridae",
        "scientificName": "Errina boschmai",
        "occurrenceID": "f14e996f-855c-4e39-b66e-2549e6df4a63",
        "eventDate": "",
        "minimumDepthInMeters": 300.0,
        "maximumDepthInMeters": 300.0,
        "basisOfRecord": "HumanObservation",
        "recordedBy": "",
        "license": "CC-BY-4.0",
        "scientific_role": "PRESENCE_ONLY_NO_ABSENCE"
      }
    },
    {
      "type": "Feature",
      "geometry": {
        "type": "Point",
        "coordinates": [
          -56.517,
          -61.417
        ]
      },
      "properties": {
        "source_id": "baso_hydrozoa_stylasteridae",
        "dataset": "Antarctic stylasteridae",
        "scientificName": "Errina boschmai",
        "occurrenceID": "556299f1-adc0-4467-8c18-3fa18fa5c952",
        "eventDate": "",
        "minimumDepthInMeters": 300.0,
        "maximumDepthInMeters": 300.0,
        "basisOfRecord": "HumanObservation",
        "recordedBy": "",
        "license": "CC-BY-4.0",
        "scientific_role": "PRESENCE_ONLY_NO_ABSENCE"
      }
    },
    {
      "type": "Feature",
      "geometry": {
        "type": "Point",
        "coordinates": [
          -65.0117,
          -65.1117
        ]
      },
      "properties": {
        "source_id": "baso_hydrozoa_stylasteridae",
        "dataset": "Antarctic stylasteridae",
        "scientificName": "Errina boschmai",
        "occurrenceID": "b44def26-cb2b-4c61-bfb6-e804f2cbbc6b",
        "eventDate": "",
        "minimumDepthInMeters": 100.0,
        "maximumDepthInMeters": 100.0,
        "basisOfRecord": "HumanObservation",
        "recordedBy": "",
        "license": "CC-BY-4.0",
        "scientific_role": "PRESENCE_ONLY_NO_ABSENCE"
      }
    },
    {
      "type": "Feature",
      "geometry": {
        "type": "Point",
        "coordinates": [
          -63.7072,
          -64.935
        ]
      },
      "properties": {
        "source_id": "baso_hydrozoa_stylasteridae",
        "dataset": "Antarctic stylasteridae",
        "scientificName": "Errina boschmai",
        "occurrenceID": "1cdde80f-e1bd-4881-b618-3fe4df99eb7f",
        "eventDate": "",
        "minimumDepthInMeters": 220.0,
        "maximumDepthInMeters": 220.0,
        "basisOfRecord": "HumanObservation",
        "recordedBy": "",
        "license": "CC-BY-4.0",
        "scientific_role": "PRESENCE_ONLY_NO_ABSENCE"
      }
    },
    {
      "type": "Feature",
      "geometry": {
        "type": "Point",
        "coordinates": [
          -34.8517,
          -54.6933
        ]
      },
      "properties": {
        "source_id": "baso_hydrozoa_stylasteridae",
        "dataset": "Antarctic stylasteridae",
        "scientificName": "Errina boschmai",
        "occurrenceID": "22be0591-43a6-47e9-972f-ab394904294d",
        "eventDate": "",
        "minimumDepthInMeters": 564.0,
        "maximumDepthInMeters": 564.0,
        "basisOfRecord": "HumanObservation",
        "recordedBy": "",
        "license": "CC-BY-4.0",
        "scientific_role": "PRESENCE_ONLY_NO_ABSENCE"
      }
    },
    {
      "type": "Feature",
      "geometry": {
        "type": "Point",
        "coordinates": [
          -38.03,
          -53.6333
        ]
      },
      "properties": {
        "source_id": "baso_hydrozoa_stylasteridae",
        "dataset": "Antarctic stylasteridae",
        "scientificName": "Errina boschmai",
        "occurrenceID": "902dc124-b54a-4ace-90cc-01bac6b8d822",
        "eventDate": "",
        "minimumDepthInMeters": 132.0,
        "maximumDepthInMeters": 132.0,
        "basisOfRecord": "HumanObservation",
        "recordedBy": "",
        "license": "CC-BY-4.0",
        "scientific_role": "PRESENCE_ONLY_NO_ABSENCE"
      }
    },
    {
      "type": "Feature",
      "geometry": {
        "type": "Point",
        "coordinates": [
          -37.3967,
          -54.8433
        ]
      },
      "properties": {
        "source_id": "baso_hydrozoa_stylasteridae",
        "dataset": "Antarctic stylasteridae",
        "scientificName": "Errina boschmai",
        "occurrenceID": "0f69180e-9e2c-488f-84e9-030a18a78aeb",
        "eventDate": "",
        "minimumDepthInMeters": 223.0,
        "maximumDepthInMeters": 223.0,
        "basisOfRecord": "HumanObservation",
        "recordedBy": "",
        "license": "CC-BY-4.0",
        "scientific_role": "PRESENCE_ONLY_NO_ABSENCE"
      }
    },
    {
      "type": "Feature",
      "geometry": {
        "type": "Point",
        "coordinates": [
          -37.71,
          -55.01
        ]
      },
      "properties": {
        "source_id": "baso_hydrozoa_stylasteridae",
        "dataset": "Antarctic stylasteridae",
        "scientificName": "Errina boschmai",
        "occurrenceID": "0d3cfdc4-b9ed-4021-ae4f-74b2ecc3c23c",
        "eventDate": "",
        "minimumDepthInMeters": 494.0,
        "maximumDepthInMeters": 494.0,
        "basisOfRecord": "HumanObservation",
        "recordedBy": "",
        "license": "CC-BY-4.0",
        "scientific_role": "PRESENCE_ONLY_NO_ABSENCE"
      }
    },
    {
      "type": "Feature",
      "geometry": {
        "type": "Point",
        "coordinates": [
          -37.9117,
          -53.6367
        ]
      },
      "properties": {
        "source_id": "baso_hydrozoa_stylasteridae",
        "dataset": "Antarctic stylasteridae",
        "scientificName": "Errina boschmai",
        "occurrenceID": "b345bfa0-5c4b-438d-9b60-f63ab5821ae7",
        "eventDate": "",
        "minimumDepthInMeters": 130.0,
        "maximumDepthInMeters": 130.0,
        "basisOfRecord": "HumanObservation",
        "recordedBy": "",
        "license": "CC-BY-4.0",
        "scientific_role": "PRESENCE_ONLY_NO_ABSENCE"
      }
    },
    {
      "type": "Feature",
      "geometry": {
        "type": "Point",
        "coordinates": [
          -39.37,
          -54.48
        ]
      },
      "properties": {
        "source_id": "baso_hydrozoa_stylasteridae",
        "dataset": "Antarctic stylasteridae",
        "scientificName": "Errina boschmai",
        "occurrenceID": "4b23c6c9-766a-4b39-b54f-131ed6650a40",
        "eventDate": "",
        "minimumDepthInMeters": 659.0,
        "maximumDepthInMeters": 659.0,
        "basisOfRecord": "HumanObservation",
        "recordedBy": "",
        "license": "CC-BY-4.0",
        "scientific_role": "PRESENCE_ONLY_NO_ABSENCE"
      }
    },
    {
      "type": "Feature",
      "geometry": {
        "type": "Point",
        "coordinates": [
          -38.08,
          -54.92
        ]
      },
      "properties": {
        "source_id": "baso_hydrozoa_stylasteridae",
        "dataset": "Antarctic stylasteridae",
        "scientificName": "Errina boschmai",
        "occurrenceID": "ae173aa2-7466-49e6-aec5-114976c95a92",
        "eventDate": "",
        "minimumDepthInMeters": 595.0,
        "maximumDepthInMeters": 595.0,
        "basisOfRecord": "HumanObservation",
        "recordedBy": "",
        "license": "CC-BY-4.0",
        "scientific_role": "PRESENCE_ONLY_NO_ABSENCE"
      }
    },
    {
      "type": "Feature",
      "geometry": {
        "type": "Point",
        "coordinates": [
          -38.05,
          -53.6
        ]
      },
      "properties": {
        "source_id": "baso_hydrozoa_stylasteridae",
        "dataset": "Antarctic stylasteridae",
        "scientificName": "Errina boschmai",
        "occurrenceID": "fc97d503-be74-4575-bf0b-f99e07e4c45a",
        "eventDate": "",
        "minimumDepthInMeters": 122.0,
        "maximumDepthInMeters": 122.0,
        "basisOfRecord": "HumanObservation",
        "recordedBy": "",
        "license": "CC-BY-4.0",
        "scientific_role": "PRESENCE_ONLY_NO_ABSENCE"
      }
    },
    {
      "type": "Feature",
      "geometry": {
        "type": "Point",
        "coordinates": [
          -41.6533,
          -53.4517
        ]
      },
      "properties": {
        "source_id": "baso_hydrozoa_stylasteridae",
        "dataset": "Antarctic stylasteridae",
        "scientificName": "Errina boschmai",
        "occurrenceID": "0698f585-e9af-4e3a-9138-899f800c4dee",
        "eventDate": "",
        "minimumDepthInMeters": 371.0,
        "maximumDepthInMeters": 371.0,
        "basisOfRecord": "HumanObservation",
        "recordedBy": "",
        "license": "CC-BY-4.0",
        "scientific_role": "PRESENCE_ONLY_NO_ABSENCE"
      }
    },
    {
      "type": "Feature",
      "geometry": {
        "type": "Point",
        "coordinates": [
          159.0,
          -54.5
        ]
      },
      "properties": {
        "source_id": "baso_hydrozoa_stylasteridae",
        "dataset": "Antarctic stylasteridae",
        "scientificName": "Errina cheilopora",
        "occurrenceID": "b3411462-8d8a-4b58-83f2-38fd5dec656c",
        "eventDate": "",
        "minimumDepthInMeters": 443.0,
        "maximumDepthInMeters": 443.0,
        "basisOfRecord": "HumanObservation",
        "recordedBy": "",
        "license": "CC-BY-4.0",
        "scientific_role": "PRESENCE_ONLY_NO_ABSENCE"
      }
    },
    {
      "type": "Feature",
      "geometry": {
        "type": "Point",
        "coordinates": [
          162.02,
          -51.0
        ]
      },
      "properties": {
        "source_id": "baso_hydrozoa_stylasteridae",
        "dataset": "Antarctic stylasteridae",
        "scientificName": "Errina cheilopora",
        "occurrenceID": "eb5dd73b-c9a5-40c4-bc62-feae9e4493e1",
        "eventDate": "",
        "minimumDepthInMeters": 333.0,
        "maximumDepthInMeters": 333.0,
        "basisOfRecord": "HumanObservation",
        "recordedBy": "",
        "license": "CC-BY-4.0",
        "scientific_role": "PRESENCE_ONLY_NO_ABSENCE"
      }
    },
    {
      "type": "Feature",
      "geometry": {
        "type": "Point",
        "coordinates": [
          160.67,
          -52.28
        ]
      },
      "properties": {
        "source_id": "baso_hydrozoa_stylasteridae",
        "dataset": "Antarctic stylasteridae",
        "scientificName": "Errina cheilopora",
        "occurrenceID": "16e223a7-28c3-4b2d-9686-848be52c2704",
        "eventDate": "",
        "minimumDepthInMeters": 659.0,
        "maximumDepthInMeters": 659.0,
        "basisOfRecord": "HumanObservation",
        "recordedBy": "",
        "license": "CC-BY-4.0",
        "scientific_role": "PRESENCE_ONLY_NO_ABSENCE"
      }
    },
    {
      "type": "Feature",
      "geometry": {
        "type": "Point",
        "coordinates": [
          178.88,
          -49.67
        ]
      },
      "properties": {
        "source_id": "baso_hydrozoa_stylasteridae",
        "dataset": "Antarctic stylasteridae",
        "scientificName": "Errina cheilopora",
        "occurrenceID": "dc9cb52f-548b-45bb-b156-a3ef93360d5a",
        "eventDate": "",
        "minimumDepthInMeters": 476.0,
        "maximumDepthInMeters": 476.0,
        "basisOfRecord": "HumanObservation",
        "recordedBy": "",
        "license": "CC-BY-4.0",
        "scientific_role": "PRESENCE_ONLY_NO_ABSENCE"
      }
    },
    {
      "type": "Feature",
      "geometry": {
        "type": "Point",
        "coordinates": [
          159.0,
          -54.5
        ]
      },
      "properties": {
        "source_id": "baso_hydrozoa_stylasteridae",
        "dataset": "Antarctic stylasteridae",
        "scientificName": "Errina cheilopora",
        "occurrenceID": "af682d66-11b4-46d1-8dbf-5ab178ac536d",
        "eventDate": "",
        "minimumDepthInMeters": 443.0,
        "maximumDepthInMeters": 443.0,
        "basisOfRecord": "HumanObservation",
        "recordedBy": "",
        "license": "CC-BY-4.0",
        "scientific_role": "PRESENCE_ONLY_NO_ABSENCE"
      }
    },
    {
      "type": "Feature",
      "geometry": {
        "type": "Point",
        "coordinates": [
          -55.65,
          -54.7333
        ]
      },
      "properties": {
        "source_id": "baso_hydrozoa_stylasteridae",
        "dataset": "Antarctic stylasteridae",
        "scientificName": "Errina cyclopora",
        "occurrenceID": "aecd0999-2f74-4588-a4bb-c6253725400f",
        "eventDate": "",
        "minimumDepthInMeters": 1814.0,
        "maximumDepthInMeters": 1814.0,
        "basisOfRecord": "HumanObservation",
        "recordedBy": "",
        "license": "CC-BY-4.0",
        "scientific_role": "PRESENCE_ONLY_NO_ABSENCE"
      }
    },
    {
      "type": "Feature",
      "geometry": {
        "type": "Point",
        "coordinates": [
          -55.5,
          -54.72
        ]
      },
      "properties": {
        "source_id": "baso_hydrozoa_stylasteridae",
        "dataset": "Antarctic stylasteridae",
        "scientificName": "Errina cyclopora",
        "occurrenceID": "019a3c2e-f1a8-4411-841a-b579925cffab",
        "eventDate": "",
        "minimumDepthInMeters": 1647.0,
        "maximumDepthInMeters": 1647.0,
        "basisOfRecord": "HumanObservation",
        "recordedBy": "",
        "license": "CC-BY-4.0",
        "scientific_role": "PRESENCE_ONLY_NO_ABSENCE"
      }
    },
    {
      "type": "Feature",
      "geometry": {
        "type": "Point",
        "coordinates": [
          -55.5,
          -54.72
        ]
      },
      "properties": {
        "source_id": "baso_hydrozoa_stylasteridae",
        "dataset": "Antarctic stylasteridae",
        "scientificName": "Errina cyclopora",
        "occurrenceID": "daf74a46-e9fa-44ee-ba69-6a49e64c90c8",
        "eventDate": "",
        "minimumDepthInMeters": 1647.0,
        "maximumDepthInMeters": 1647.0,
        "basisOfRecord": "HumanObservation",
        "recordedBy": "",
        "license": "CC-BY-4.0",
        "scientific_role": "PRESENCE_ONLY_NO_ABSENCE"
      }
    },
    {
      "type": "Feature",
      "geometry": {
        "type": "Point",
        "coordinates": [
          -56.517,
          -61.417
        ]
      },
      "properties": {
        "source_id": "baso_hydrozoa_stylasteridae",
        "dataset": "Antarctic stylasteridae",
        "scientificName": "Errina fissurata",
        "occurrenceID": "68243147-1a2d-4330-a844-93af8455afc6",
        "eventDate": "",
        "minimumDepthInMeters": 300.0,
        "maximumDepthInMeters": 300.0,
        "basisOfRecord": "HumanObservation",
        "recordedBy": "",
        "license": "CC-BY-4.0",
        "scientific_role": "PRESENCE_ONLY_NO_ABSENCE"
      }
    },
    {
      "type": "Feature",
      "geometry": {
        "type": "Point",
        "coordinates": [
          172.2533,
          -72.0967
        ]
      },
      "properties": {
        "source_id": "baso_hydrozoa_stylasteridae",
        "dataset": "Antarctic stylasteridae",
        "scientificName": "Errina fissurata",
        "occurrenceID": "db6c9f7e-2bac-4ac3-8ab0-b3b4e7b70b04",
        "eventDate": "",
        "minimumDepthInMeters": 392.0,
        "maximumDepthInMeters": 392.0,
        "basisOfRecord": "HumanObservation",
        "recordedBy": "",
        "license": "CC-BY-4.0",
        "scientific_role": "PRESENCE_ONLY_NO_ABSENCE"
      }
    },
    {
      "type": "Feature",
      "geometry": {
        "type": "Point",
        "coordinates": [
          172.2533,
          -72.0967
        ]
      },
      "properties": {
        "source_id": "baso_hydrozoa_stylasteridae",
        "dataset": "Antarctic stylasteridae",
        "scientificName": "Errina fissurata",
        "occurrenceID": "4c6c01d7-e5f4-4b8c-a226-dbe5c7e0595b",
        "eventDate": "",
        "minimumDepthInMeters": 392.0,
        "maximumDepthInMeters": 392.0,
        "basisOfRecord": "HumanObservation",
        "recordedBy": "",
        "license": "CC-BY-4.0",
        "scientific_role": "PRESENCE_ONLY_NO_ABSENCE"
      }
    },
    {
      "type": "Feature",
      "geometry": {
        "type": "Point",
        "coordinates": [
          172.2533,
          -72.0967
        ]
      },
      "properties": {
        "source_id": "baso_hydrozoa_stylasteridae",
        "dataset": "Antarctic stylasteridae",
        "scientificName": "Errina fissurata",
        "occurrenceID": "a2bcc398-d447-4e1a-8e94-2c0b5afe697e",
        "eventDate": "",
        "minimumDepthInMeters": 392.0,
        "maximumDepthInMeters": 392.0,
        "basisOfRecord": "HumanObservation",
        "recordedBy": "",
        "license": "CC-BY-4.0",
        "scientific_role": "PRESENCE_ONLY_NO_ABSENCE"
      }
    },
    {
      "type": "Feature",
      "geometry": {
        "type": "Point",
        "coordinates": [
          172.2533,
          -72.0967
        ]
      },
      "properties": {
        "source_id": "baso_hydrozoa_stylasteridae",
        "dataset": "Antarctic stylasteridae",
        "scientificName": "Errina fissurata",
        "occurrenceID": "c87276cd-2250-4ca7-922c-ab96440151f0",
        "eventDate": "",
        "minimumDepthInMeters": 392.0,
        "maximumDepthInMeters": 392.0,
        "basisOfRecord": "HumanObservation",
        "recordedBy": "",
        "license": "CC-BY-4.0",
        "scientific_role": "PRESENCE_ONLY_NO_ABSENCE"
      }
    },
    {
      "type": "Feature",
      "geometry": {
        "type": "Point",
        "coordinates": [
          172.17,
          -72.13
        ]
      },
      "properties": {
        "source_id": "baso_hydrozoa_stylasteridae",
        "dataset": "Antarctic stylasteridae",
        "scientificName": "Errina fissurata",
        "occurrenceID": "3dcdcaad-5b36-4000-8b77-dc9062ca5882",
        "eventDate": "",
        "minimumDepthInMeters": 433.0,
        "maximumDepthInMeters": 433.0,
        "basisOfRecord": "HumanObservation",
        "recordedBy": "",
        "license": "CC-BY-4.0",
        "scientific_role": "PRESENCE_ONLY_NO_ABSENCE"
      }
    },
    {
      "type": "Feature",
      "geometry": {
        "type": "Point",
        "coordinates": [
          -164.77,
          -76.07
        ]
      },
      "properties": {
        "source_id": "baso_hydrozoa_stylasteridae",
        "dataset": "Antarctic stylasteridae",
        "scientificName": "Errina fissurata",
        "occurrenceID": "fa0ffe30-e7da-4936-92c3-788b3c770811",
        "eventDate": "",
        "minimumDepthInMeters": 513.0,
        "maximumDepthInMeters": 513.0,
        "basisOfRecord": "HumanObservation",
        "recordedBy": "",
        "license": "CC-BY-4.0",
        "scientific_role": "PRESENCE_ONLY_NO_ABSENCE"
      }
    },
    {
      "type": "Feature",
      "geometry": {
        "type": "Point",
        "coordinates": [
          172.13,
          -72.08
        ]
      },
      "properties": {
        "source_id": "baso_hydrozoa_stylasteridae",
        "dataset": "Antarctic stylasteridae",
        "scientificName": "Errina fissurata",
        "occurrenceID": "11edf741-c96b-4052-abdd-d56317c442d6",
        "eventDate": "",
        "minimumDepthInMeters": 348.0,
        "maximumDepthInMeters": 348.0,
        "basisOfRecord": "HumanObservation",
        "recordedBy": "",
        "license": "CC-BY-4.0",
        "scientific_role": "PRESENCE_ONLY_NO_ABSENCE"
      }
    },
    {
      "type": "Feature",
      "geometry": {
        "type": "Point",
        "coordinates": [
          172.13,
          -72.05
        ]
      },
      "properties": {
        "source_id": "baso_hydrozoa_stylasteridae",
        "dataset": "Antarctic stylasteridae",
        "scientificName": "Errina fissurata",
        "occurrenceID": "6932b835-8ddd-4614-a593-4afa9e32da92",
        "eventDate": "",
        "minimumDepthInMeters": 344.0,
        "maximumDepthInMeters": 344.0,
        "basisOfRecord": "HumanObservation",
        "recordedBy": "",
        "license": "CC-BY-4.0",
        "scientific_role": "PRESENCE_ONLY_NO_ABSENCE"
      }
    },
    {
      "type": "Feature",
      "geometry": {
        "type": "Point",
        "coordinates": [
          170.43,
          -72.3
        ]
      },
      "properties": {
        "source_id": "baso_hydrozoa_stylasteridae",
        "dataset": "Antarctic stylasteridae",
        "scientificName": "Errina fissurata",
        "occurrenceID": "cab0e544-e806-4597-80a6-90b4daee9867",
        "eventDate": "",
        "minimumDepthInMeters": 143.0,
        "maximumDepthInMeters": 143.0,
        "basisOfRecord": "HumanObservation",
        "recordedBy": "",
        "license": "CC-BY-4.0",
        "scientific_role": "PRESENCE_ONLY_NO_ABSENCE"
      }
    },
    {
      "type": "Feature",
      "geometry": {
        "type": "Point",
        "coordinates": [
          171.37,
          -72.17
        ]
      },
      "properties": {
        "source_id": "baso_hydrozoa_stylasteridae",
        "dataset": "Antarctic stylasteridae",
        "scientificName": "Errina fissurata",
        "occurrenceID": "e924e587-ecbd-43e5-9810-13dfc2f6c26f",
        "eventDate": "",
        "minimumDepthInMeters": 448.0,
        "maximumDepthInMeters": 448.0,
        "basisOfRecord": "HumanObservation",
        "recordedBy": "",
        "license": "CC-BY-4.0",
        "scientific_role": "PRESENCE_ONLY_NO_ABSENCE"
      }
    },
    {
      "type": "Feature",
      "geometry": {
        "type": "Point",
        "coordinates": [
          171.55,
          -71.28
        ]
      },
      "properties": {
        "source_id": "baso_hydrozoa_stylasteridae",
        "dataset": "Antarctic stylasteridae",
        "scientificName": "Errina fissurata",
        "occurrenceID": "cedabf1e-07b9-445d-9e98-8cca37f57de0",
        "eventDate": "",
        "minimumDepthInMeters": 659.0,
        "maximumDepthInMeters": 659.0,
        "basisOfRecord": "HumanObservation",
        "recordedBy": "",
        "license": "CC-BY-4.0",
        "scientific_role": "PRESENCE_ONLY_NO_ABSENCE"
      }
    },
    {
      "type": "Feature",
      "geometry": {
        "type": "Point",
        "coordinates": [
          -59.2183,
          -62.3367
        ]
      },
      "properties": {
        "source_id": "baso_hydrozoa_stylasteridae",
        "dataset": "Antarctic stylasteridae",
        "scientificName": "Errina fissurata",
        "occurrenceID": "2dc998dd-6247-43a3-b6aa-03236cfca9fd",
        "eventDate": "",
        "minimumDepthInMeters": 328.0,
        "maximumDepthInMeters": 328.0,
        "basisOfRecord": "HumanObservation",
        "recordedBy": "",
        "license": "CC-BY-4.0",
        "scientific_role": "PRESENCE_ONLY_NO_ABSENCE"
      }
    },
    {
      "type": "Feature",
      "geometry": {
        "type": "Point",
        "coordinates": [
          -176.617,
          -75.058
        ]
      },
      "properties": {
        "source_id": "baso_hydrozoa_stylasteridae",
        "dataset": "Antarctic stylasteridae",
        "scientificName": "Errina fissurata",
        "occurrenceID": "010e6eb9-2a90-4ec2-b211-1f3c8c0be604",
        "eventDate": "",
        "minimumDepthInMeters": 801.0,
        "maximumDepthInMeters": 801.0,
        "basisOfRecord": "HumanObservation",
        "recordedBy": "",
        "license": "CC-BY-4.0",
        "scientific_role": "PRESENCE_ONLY_NO_ABSENCE"
      }
    },
    {
      "type": "Feature",
      "geometry": {
        "type": "Point",
        "coordinates": [
          -168.82,
          -76.0
        ]
      },
      "properties": {
        "source_id": "baso_hydrozoa_stylasteridae",
        "dataset": "Antarctic stylasteridae",
        "scientificName": "Errina fissurata",
        "occurrenceID": "92a529b7-4fc8-4a80-bb2a-7d08cd4860be",
        "eventDate": "",
        "minimumDepthInMeters": 526.0,
        "maximumDepthInMeters": 526.0,
        "basisOfRecord": "HumanObservation",
        "recordedBy": "",
        "license": "CC-BY-4.0",
        "scientific_role": "PRESENCE_ONLY_NO_ABSENCE"
      }
    },
    {
      "type": "Feature",
      "geometry": {
        "type": "Point",
        "coordinates": [
          -165.07,
          -76.13
        ]
      },
      "properties": {
        "source_id": "baso_hydrozoa_stylasteridae",
        "dataset": "Antarctic stylasteridae",
        "scientificName": "Errina fissurata",
        "occurrenceID": "6414c929-0fc8-4c74-aa22-c2d7bac400d7",
        "eventDate": "",
        "minimumDepthInMeters": 494.0,
        "maximumDepthInMeters": 494.0,
        "basisOfRecord": "HumanObservation",
        "recordedBy": "",
        "license": "CC-BY-4.0",
        "scientific_role": "PRESENCE_ONLY_NO_ABSENCE"
      }
    },
    {
      "type": "Feature",
      "geometry": {
        "type": "Point",
        "coordinates": [
          173.98,
          -73.08
        ]
      },
      "properties": {
        "source_id": "baso_hydrozoa_stylasteridae",
        "dataset": "Antarctic stylasteridae",
        "scientificName": "Errina fissurata",
        "occurrenceID": "3778a97b-b598-4b0b-b015-4c586d38b7fb",
        "eventDate": "",
        "minimumDepthInMeters": 339.0,
        "maximumDepthInMeters": 339.0,
        "basisOfRecord": "HumanObservation",
        "recordedBy": "",
        "license": "CC-BY-4.0",
        "scientific_role": "PRESENCE_ONLY_NO_ABSENCE"
      }
    },
    {
      "type": "Feature",
      "geometry": {
        "type": "Point",
        "coordinates": [
          171.43,
          -72.53
        ]
      },
      "properties": {
        "source_id": "baso_hydrozoa_stylasteridae",
        "dataset": "Antarctic stylasteridae",
        "scientificName": "Errina fissurata",
        "occurrenceID": "3903bcbd-4172-4756-b93f-ee1418fb739f",
        "eventDate": "",
        "minimumDepthInMeters": 329.0,
        "maximumDepthInMeters": 329.0,
        "basisOfRecord": "HumanObservation",
        "recordedBy": "",
        "license": "CC-BY-4.0",
        "scientific_role": "PRESENCE_ONLY_NO_ABSENCE"
      }
    },
    {
      "type": "Feature",
      "geometry": {
        "type": "Point",
        "coordinates": [
          172.47,
          -72.0
        ]
      },
      "properties": {
        "source_id": "baso_hydrozoa_stylasteridae",
        "dataset": "Antarctic stylasteridae",
        "scientificName": "Errina fissurata",
        "occurrenceID": "a1747869-fcbe-47d8-82af-8c4680845402",
        "eventDate": "",
        "minimumDepthInMeters": 523.0,
        "maximumDepthInMeters": 523.0,
        "basisOfRecord": "HumanObservation",
        "recordedBy": "",
        "license": "CC-BY-4.0",
        "scientific_role": "PRESENCE_ONLY_NO_ABSENCE"
      }
    },
    {
      "type": "Feature",
      "geometry": {
        "type": "Point",
        "coordinates": [
          -176.22,
          -75.17
        ]
      },
      "properties": {
        "source_id": "baso_hydrozoa_stylasteridae",
        "dataset": "Antarctic stylasteridae",
        "scientificName": "Errina fissurata",
        "occurrenceID": "7034950c-6c62-41ff-8821-e337e379d0e5",
        "eventDate": "",
        "minimumDepthInMeters": 728.0,
        "maximumDepthInMeters": 728.0,
        "basisOfRecord": "HumanObservation",
        "recordedBy": "",
        "license": "CC-BY-4.0",
        "scientific_role": "PRESENCE_ONLY_NO_ABSENCE"
      }
    },
    {
      "type": "Feature",
      "geometry": {
        "type": "Point",
        "coordinates": [
          -175.97,
          -75.15
        ]
      },
      "properties": {
        "source_id": "baso_hydrozoa_stylasteridae",
        "dataset": "Antarctic stylasteridae",
        "scientificName": "Errina fissurata",
        "occurrenceID": "9e91163b-8e8c-4576-89f3-b54d9b090f30",
        "eventDate": "",
        "minimumDepthInMeters": 1382.0,
        "maximumDepthInMeters": 1382.0,
        "basisOfRecord": "HumanObservation",
        "recordedBy": "",
        "license": "CC-BY-4.0",
        "scientific_role": "PRESENCE_ONLY_NO_ABSENCE"
      }
    },
    {
      "type": "Feature",
      "geometry": {
        "type": "Point",
        "coordinates": [
          174.4,
          -71.97
        ]
      },
      "properties": {
        "source_id": "baso_hydrozoa_stylasteridae",
        "dataset": "Antarctic stylasteridae",
        "scientificName": "Errina fissurata",
        "occurrenceID": "94dae03d-6bcf-4731-a0ce-66bf340babea",
        "eventDate": "",
        "minimumDepthInMeters": 1772.0,
        "maximumDepthInMeters": 1772.0,
        "basisOfRecord": "HumanObservation",
        "recordedBy": "",
        "license": "CC-BY-4.0",
        "scientific_role": "PRESENCE_ONLY_NO_ABSENCE"
      }
    },
    {
      "type": "Feature",
      "geometry": {
        "type": "Point",
        "coordinates": [
          -175.17,
          -74.88
        ]
      },
      "properties": {
        "source_id": "baso_hydrozoa_stylasteridae",
        "dataset": "Antarctic stylasteridae",
        "scientificName": "Errina fissurata",
        "occurrenceID": "21f96d5b-2a0d-4474-a43e-c5c1ed7f4d0d",
        "eventDate": "",
        "minimumDepthInMeters": 2143.0,
        "maximumDepthInMeters": 2143.0,
        "basisOfRecord": "HumanObservation",
        "recordedBy": "",
        "license": "CC-BY-4.0",
        "scientific_role": "PRESENCE_ONLY_NO_ABSENCE"
      }
    },
    {
      "type": "Feature",
      "geometry": {
        "type": "Point",
        "coordinates": [
          110.4778,
          -66.2567
        ]
      },
      "properties": {
        "source_id": "baso_hydrozoa_stylasteridae",
        "dataset": "Antarctic stylasteridae",
        "scientificName": "Errina fissurata",
        "occurrenceID": "bd9a178c-5ec6-4a84-96f5-baab160f05bf",
        "eventDate": "",
        "minimumDepthInMeters": 46.0,
        "maximumDepthInMeters": 46.0,
        "basisOfRecord": "HumanObservation",
        "recordedBy": "",
        "license": "CC-BY-4.0",
        "scientific_role": "PRESENCE_ONLY_NO_ABSENCE"
      }
    },
    {
      "type": "Feature",
      "geometry": {
        "type": "Point",
        "coordinates": [
          93.015,
          -66.5489
        ]
      },
      "properties": {
        "source_id": "baso_hydrozoa_stylasteridae",
        "dataset": "Antarctic stylasteridae",
        "scientificName": "Errina fissurata",
        "occurrenceID": "37af825c-c1a7-4dae-a8fc-333f835d12c7",
        "eventDate": "",
        "minimumDepthInMeters": 80.0,
        "maximumDepthInMeters": 80.0,
        "basisOfRecord": "HumanObservation",
        "recordedBy": "",
        "license": "CC-BY-4.0",
        "scientific_role": "PRESENCE_ONLY_NO_ABSENCE"
      }
    },
    {
      "type": "Feature",
      "geometry": {
        "type": "Point",
        "coordinates": [
          171.43,
          -72.53
        ]
      },
      "properties": {
        "source_id": "baso_hydrozoa_stylasteridae",
        "dataset": "Antarctic stylasteridae",
        "scientificName": "Errina fissurata",
        "occurrenceID": "b4b9f4d8-3270-48c0-bf74-09b6b8b92d1c",
        "eventDate": "",
        "minimumDepthInMeters": 329.0,
        "maximumDepthInMeters": 329.0,
        "basisOfRecord": "HumanObservation",
        "recordedBy": "",
        "license": "CC-BY-4.0",
        "scientific_role": "PRESENCE_ONLY_NO_ABSENCE"
      }
    },
    {
      "type": "Feature",
      "geometry": {
        "type": "Point",
        "coordinates": [
          -140.32,
          -53.93
        ]
      },
      "properties": {
        "source_id": "baso_hydrozoa_stylasteridae",
        "dataset": "Antarctic stylasteridae",
        "scientificName": "Errina gracilis",
        "occurrenceID": "9f5bb55f-8901-4972-a0bb-c66c9b48d8f0",
        "eventDate": "",
        "minimumDepthInMeters": 362.0,
        "maximumDepthInMeters": 362.0,
        "basisOfRecord": "HumanObservation",
        "recordedBy": "",
        "license": "CC-BY-4.0",
        "scientific_role": "PRESENCE_ONLY_NO_ABSENCE"
      }
    },
    {
      "type": "Feature",
      "geometry": {
        "type": "Point",
        "coordinates": [
          -129.83,
          -54.83
        ]
      },
      "properties": {
        "source_id": "baso_hydrozoa_stylasteridae",
        "dataset": "Antarctic stylasteridae",
        "scientificName": "Errina gracilis",
        "occurrenceID": "f729e586-7cb6-4a63-b0b3-aed5564b62db",
        "eventDate": "",
        "minimumDepthInMeters": 567.0,
        "maximumDepthInMeters": 567.0,
        "basisOfRecord": "HumanObservation",
        "recordedBy": "",
        "license": "CC-BY-4.0",
        "scientific_role": "PRESENCE_ONLY_NO_ABSENCE"
      }
    },
    {
      "type": "Feature",
      "geometry": {
        "type": "Point",
        "coordinates": [
          -129.8,
          -54.82
        ]
      },
      "properties": {
        "source_id": "baso_hydrozoa_stylasteridae",
        "dataset": "Antarctic stylasteridae",
        "scientificName": "Errina gracilis",
        "occurrenceID": "e5290b89-2e9e-45a6-ac77-82b9caf7dccf",
        "eventDate": "",
        "minimumDepthInMeters": 549.0,
        "maximumDepthInMeters": 549.0,
        "basisOfRecord": "HumanObservation",
        "recordedBy": "",
        "license": "CC-BY-4.0",
        "scientific_role": "PRESENCE_ONLY_NO_ABSENCE"
      }
    },
    {
      "type": "Feature",
      "geometry": {
        "type": "Point",
        "coordinates": [
          -129.8,
          -54.83
        ]
      },
      "properties": {
        "source_id": "baso_hydrozoa_stylasteridae",
        "dataset": "Antarctic stylasteridae",
        "scientificName": "Errina gracilis",
        "occurrenceID": "d343563a-5801-4e47-bc1b-f620bb597358",
        "eventDate": "",
        "minimumDepthInMeters": 915.0,
        "maximumDepthInMeters": 915.0,
        "basisOfRecord": "HumanObservation",
        "recordedBy": "",
        "license": "CC-BY-4.0",
        "scientific_role": "PRESENCE_ONLY_NO_ABSENCE"
      }
    },
    {
      "type": "Feature",
      "geometry": {
        "type": "Point",
        "coordinates": [
          158.48,
          -56.32
        ]
      },
      "properties": {
        "source_id": "baso_hydrozoa_stylasteridae",
        "dataset": "Antarctic stylasteridae",
        "scientificName": "Errina gracilis",
        "occurrenceID": "5c8d4c5f-86eb-40a7-b81d-b2482ce06d22",
        "eventDate": "",
        "minimumDepthInMeters": 833.0,
        "maximumDepthInMeters": 833.0,
        "basisOfRecord": "HumanObservation",
        "recordedBy": "",
        "license": "CC-BY-4.0",
        "scientific_role": "PRESENCE_ONLY_NO_ABSENCE"
      }
    },
    {
      "type": "Feature",
      "geometry": {
        "type": "Point",
        "coordinates": [
          171.55,
          -71.28
        ]
      },
      "properties": {
        "source_id": "baso_hydrozoa_stylasteridae",
        "dataset": "Antarctic stylasteridae",
        "scientificName": "Errina gracilis",
        "occurrenceID": "5a19dd63-53bb-48bc-9c66-7d0f7bedb5bb",
        "eventDate": "",
        "minimumDepthInMeters": 659.0,
        "maximumDepthInMeters": 659.0,
        "basisOfRecord": "HumanObservation",
        "recordedBy": "",
        "license": "CC-BY-4.0",
        "scientific_role": "PRESENCE_ONLY_NO_ABSENCE"
      }
    },
    {
      "type": "Feature",
      "geometry": {
        "type": "Point",
        "coordinates": [
          -37.71,
          -55.01
        ]
      },
      "properties": {
        "source_id": "baso_hydrozoa_stylasteridae",
        "dataset": "Antarctic stylasteridae",
        "scientificName": "Errina gracilis",
        "occurrenceID": "efc95b7c-e31f-46aa-8d06-02a77af5de6c",
        "eventDate": "",
        "minimumDepthInMeters": 494.0,
        "maximumDepthInMeters": 494.0,
        "basisOfRecord": "HumanObservation",
        "recordedBy": "",
        "license": "CC-BY-4.0",
        "scientific_role": "PRESENCE_ONLY_NO_ABSENCE"
      }
    },
    {
      "type": "Feature",
      "geometry": {
        "type": "Point",
        "coordinates": [
          -42.83,
          -60.7
        ]
      },
      "properties": {
        "source_id": "baso_hydrozoa_stylasteridae",
        "dataset": "Antarctic stylasteridae",
        "scientificName": "Errina gracilis",
        "occurrenceID": "2cc500d5-b762-4dc8-a852-f027bf885475",
        "eventDate": "",
        "minimumDepthInMeters": 1226.0,
        "maximumDepthInMeters": 1226.0,
        "basisOfRecord": "HumanObservation",
        "recordedBy": "",
        "license": "CC-BY-4.0",
        "scientific_role": "PRESENCE_ONLY_NO_ABSENCE"
      }
    },
    {
      "type": "Feature",
      "geometry": {
        "type": "Point",
        "coordinates": [
          -176.22,
          -75.17
        ]
      },
      "properties": {
        "source_id": "baso_hydrozoa_stylasteridae",
        "dataset": "Antarctic stylasteridae",
        "scientificName": "Errina gracilis",
        "occurrenceID": "b82b7a49-7912-4c0c-916f-d20df670bf92",
        "eventDate": "",
        "minimumDepthInMeters": 728.0,
        "maximumDepthInMeters": 728.0,
        "basisOfRecord": "HumanObservation",
        "recordedBy": "",
        "license": "CC-BY-4.0",
        "scientific_role": "PRESENCE_ONLY_NO_ABSENCE"
      }
    },
    {
      "type": "Feature",
      "geometry": {
        "type": "Point",
        "coordinates": [
          -39.37,
          -54.48
        ]
      },
      "properties": {
        "source_id": "baso_hydrozoa_stylasteridae",
        "dataset": "Antarctic stylasteridae",
        "scientificName": "Errina gracilis",
        "occurrenceID": "07a7758b-375b-44e1-a966-148ab4b9fb05",
        "eventDate": "",
        "minimumDepthInMeters": 659.0,
        "maximumDepthInMeters": 659.0,
        "basisOfRecord": "HumanObservation",
        "recordedBy": "",
        "license": "CC-BY-4.0",
        "scientific_role": "PRESENCE_ONLY_NO_ABSENCE"
      }
    },
    {
      "type": "Feature",
      "geometry": {
        "type": "Point",
        "coordinates": [
          -168.82,
          -76.0
        ]
      },
      "properties": {
        "source_id": "baso_hydrozoa_stylasteridae",
        "dataset": "Antarctic stylasteridae",
        "scientificName": "Errina gracilis",
        "occurrenceID": "f5b9e63a-21ca-46ea-8655-b54e9c139ccd",
        "eventDate": "",
        "minimumDepthInMeters": 526.0,
        "maximumDepthInMeters": 526.0,
        "basisOfRecord": "HumanObservation",
        "recordedBy": "",
        "license": "CC-BY-4.0",
        "scientific_role": "PRESENCE_ONLY_NO_ABSENCE"
      }
    },
    {
      "type": "Feature",
      "geometry": {
        "type": "Point",
        "coordinates": [
          -164.77,
          -76.07
        ]
      },
      "properties": {
        "source_id": "baso_hydrozoa_stylasteridae",
        "dataset": "Antarctic stylasteridae",
        "scientificName": "Errina gracilis",
        "occurrenceID": "14d37894-4c11-4da2-a71b-471a266431c6",
        "eventDate": "",
        "minimumDepthInMeters": 513.0,
        "maximumDepthInMeters": 513.0,
        "basisOfRecord": "HumanObservation",
        "recordedBy": "",
        "license": "CC-BY-4.0",
        "scientific_role": "PRESENCE_ONLY_NO_ABSENCE"
      }
    },
    {
      "type": "Feature",
      "geometry": {
        "type": "Point",
        "coordinates": [
          -68.87,
          -59.82
        ]
      },
      "properties": {
        "source_id": "baso_hydrozoa_stylasteridae",
        "dataset": "Antarctic stylasteridae",
        "scientificName": "Errina gracilis",
        "occurrenceID": "f4d59abb-e14b-4d10-818d-0fb3d357c0da",
        "eventDate": "",
        "minimumDepthInMeters": 512.0,
        "maximumDepthInMeters": 512.0,
        "basisOfRecord": "HumanObservation",
        "recordedBy": "",
        "license": "CC-BY-4.0",
        "scientific_role": "PRESENCE_ONLY_NO_ABSENCE"
      }
    },
    {
      "type": "Feature",
      "geometry": {
        "type": "Point",
        "coordinates": [
          172.17,
          -72.13
        ]
      },
      "properties": {
        "source_id": "baso_hydrozoa_stylasteridae",
        "dataset": "Antarctic stylasteridae",
        "scientificName": "Errina gracilis",
        "occurrenceID": "5183d7f5-a986-4930-a1ee-96d020c01ebd",
        "eventDate": "",
        "minimumDepthInMeters": 433.0,
        "maximumDepthInMeters": 433.0,
        "basisOfRecord": "HumanObservation",
        "recordedBy": "",
        "license": "CC-BY-4.0",
        "scientific_role": "PRESENCE_ONLY_NO_ABSENCE"
      }
    },
    {
      "type": "Feature",
      "geometry": {
        "type": "Point",
        "coordinates": [
          159.0,
          -54.5
        ]
      },
      "properties": {
        "source_id": "baso_hydrozoa_stylasteridae",
        "dataset": "Antarctic stylasteridae",
        "scientificName": "Errina gracilis",
        "occurrenceID": "31b287c0-b1b2-4ed5-bc71-34f59a41b1f7",
        "eventDate": "",
        "minimumDepthInMeters": 443.0,
        "maximumDepthInMeters": 443.0,
        "basisOfRecord": "HumanObservation",
        "recordedBy": "",
        "license": "CC-BY-4.0",
        "scientific_role": "PRESENCE_ONLY_NO_ABSENCE"
      }
    },
    {
      "type": "Feature",
      "geometry": {
        "type": "Point",
        "coordinates": [
          172.2533,
          -72.0967
        ]
      },
      "properties": {
        "source_id": "baso_hydrozoa_stylasteridae",
        "dataset": "Antarctic stylasteridae",
        "scientificName": "Errina gracilis",
        "occurrenceID": "097899db-1a4e-4117-8e80-20baf5c57650",
        "eventDate": "",
        "minimumDepthInMeters": 392.0,
        "maximumDepthInMeters": 392.0,
        "basisOfRecord": "HumanObservation",
        "recordedBy": "",
        "license": "CC-BY-4.0",
        "scientific_role": "PRESENCE_ONLY_NO_ABSENCE"
      }
    },
    {
      "type": "Feature",
      "geometry": {
        "type": "Point",
        "coordinates": [
          -140.32,
          -53.93
        ]
      },
      "properties": {
        "source_id": "baso_hydrozoa_stylasteridae",
        "dataset": "Antarctic stylasteridae",
        "scientificName": "Errina gracilis",
        "occurrenceID": "cddc7b56-1d7e-4de4-a0aa-99b395f420d6",
        "eventDate": "",
        "minimumDepthInMeters": 362.0,
        "maximumDepthInMeters": 362.0,
        "basisOfRecord": "HumanObservation",
        "recordedBy": "",
        "license": "CC-BY-4.0",
        "scientific_role": "PRESENCE_ONLY_NO_ABSENCE"
      }
    },
    {
      "type": "Feature",
      "geometry": {
        "type": "Point",
        "coordinates": [
          159.15,
          -53.75
        ]
      },
      "properties": {
        "source_id": "baso_hydrozoa_stylasteridae",
        "dataset": "Antarctic stylasteridae",
        "scientificName": "Errina gracilis",
        "occurrenceID": "06db683b-2ecb-4cb9-bba4-7fbf4cd7e59d",
        "eventDate": "",
        "minimumDepthInMeters": 787.0,
        "maximumDepthInMeters": 787.0,
        "basisOfRecord": "HumanObservation",
        "recordedBy": "",
        "license": "CC-BY-4.0",
        "scientific_role": "PRESENCE_ONLY_NO_ABSENCE"
      }
    },
    {
      "type": "Feature",
      "geometry": {
        "type": "Point",
        "coordinates": [
          159.2,
          -53.77
        ]
      },
      "properties": {
        "source_id": "baso_hydrozoa_stylasteridae",
        "dataset": "Antarctic stylasteridae",
        "scientificName": "Errina gracilis",
        "occurrenceID": "32f6c6d8-98e1-4e64-b2ea-5e1287362104",
        "eventDate": "",
        "minimumDepthInMeters": 750.0,
        "maximumDepthInMeters": 750.0,
        "basisOfRecord": "HumanObservation",
        "recordedBy": "",
        "license": "CC-BY-4.0",
        "scientific_role": "PRESENCE_ONLY_NO_ABSENCE"
      }
    },
    {
      "type": "Feature",
      "geometry": {
        "type": "Point",
        "coordinates": [
          -66.32,
          -56.1
        ]
      },
      "properties": {
        "source_id": "baso_hydrozoa_stylasteridae",
        "dataset": "Antarctic stylasteridae",
        "scientificName": "Errina gracilis",
        "occurrenceID": "28d8bde4-c213-4a5a-a5ad-ad169e202e0a",
        "eventDate": "",
        "minimumDepthInMeters": 384.0,
        "maximumDepthInMeters": 384.0,
        "basisOfRecord": "HumanObservation",
        "recordedBy": "",
        "license": "CC-BY-4.0",
        "scientific_role": "PRESENCE_ONLY_NO_ABSENCE"
      }
    },
    {
      "type": "Feature",
      "geometry": {
        "type": "Point",
        "coordinates": [
          -52.13,
          -54.15
        ]
      },
      "properties": {
        "source_id": "baso_hydrozoa_stylasteridae",
        "dataset": "Antarctic stylasteridae",
        "scientificName": "Errina gracilis",
        "occurrenceID": "38bbb895-da54-483a-b0d9-e072276c1711",
        "eventDate": "",
        "minimumDepthInMeters": 419.0,
        "maximumDepthInMeters": 419.0,
        "basisOfRecord": "HumanObservation",
        "recordedBy": "",
        "license": "CC-BY-4.0",
        "scientific_role": "PRESENCE_ONLY_NO_ABSENCE"
      }
    },
    {
      "type": "Feature",
      "geometry": {
        "type": "Point",
        "coordinates": [
          -53.5,
          -60.78
        ]
      },
      "properties": {
        "source_id": "baso_hydrozoa_stylasteridae",
        "dataset": "Antarctic stylasteridae",
        "scientificName": "Errina gracilis",
        "occurrenceID": "f5941572-6c58-4978-ac96-178a7470fd8b",
        "eventDate": "",
        "minimumDepthInMeters": 641.0,
        "maximumDepthInMeters": 641.0,
        "basisOfRecord": "HumanObservation",
        "recordedBy": "",
        "license": "CC-BY-4.0",
        "scientific_role": "PRESENCE_ONLY_NO_ABSENCE"
      }
    },
    {
      "type": "Feature",
      "geometry": {
        "type": "Point",
        "coordinates": [
          -38.08,
          -54.92
        ]
      },
      "properties": {
        "source_id": "baso_hydrozoa_stylasteridae",
        "dataset": "Antarctic stylasteridae",
        "scientificName": "Errina gracilis",
        "occurrenceID": "f5a143ab-4a6f-47de-9ea0-715ffe19d4c0",
        "eventDate": "",
        "minimumDepthInMeters": 595.0,
        "maximumDepthInMeters": 595.0,
        "basisOfRecord": "HumanObservation",
        "recordedBy": "",
        "license": "CC-BY-4.0",
        "scientific_role": "PRESENCE_ONLY_NO_ABSENCE"
      }
    },
    {
      "type": "Feature",
      "geometry": {
        "type": "Point",
        "coordinates": [
          -65.78,
          -64.87
        ]
      },
      "properties": {
        "source_id": "baso_hydrozoa_stylasteridae",
        "dataset": "Antarctic stylasteridae",
        "scientificName": "Errina gracilis",
        "occurrenceID": "d8082e95-57ea-4c6e-a312-1cf77fac145b",
        "eventDate": "",
        "minimumDepthInMeters": 218.0,
        "maximumDepthInMeters": 218.0,
        "basisOfRecord": "HumanObservation",
        "recordedBy": "",
        "license": "CC-BY-4.0",
        "scientific_role": "PRESENCE_ONLY_NO_ABSENCE"
      }
    },
    {
      "type": "Feature",
      "geometry": {
        "type": "Point",
        "coordinates": [
          -56.517,
          -61.417
        ]
      },
      "properties": {
        "source_id": "baso_hydrozoa_stylasteridae",
        "dataset": "Antarctic stylasteridae",
        "scientificName": "Errina gracilis",
        "occurrenceID": "342c4443-d061-4a1f-aec4-5eb4478768b1",
        "eventDate": "",
        "minimumDepthInMeters": 300.0,
        "maximumDepthInMeters": 300.0,
        "basisOfRecord": "HumanObservation",
        "recordedBy": "",
        "license": "CC-BY-4.0",
        "scientific_role": "PRESENCE_ONLY_NO_ABSENCE"
      }
    },
    {
      "type": "Feature",
      "geometry": {
        "type": "Point",
        "coordinates": [
          107.48,
          -65.12
        ]
      },
      "properties": {
        "source_id": "baso_hydrozoa_stylasteridae",
        "dataset": "Antarctic stylasteridae",
        "scientificName": "Errina gracilis",
        "occurrenceID": "ff0c57ee-98f6-4cd8-a0dd-8c8ebd6d1bdd",
        "eventDate": "",
        "minimumDepthInMeters": 502.0,
        "maximumDepthInMeters": 502.0,
        "basisOfRecord": "HumanObservation",
        "recordedBy": "",
        "license": "CC-BY-4.0",
        "scientific_role": "PRESENCE_ONLY_NO_ABSENCE"
      }
    },
    {
      "type": "Feature",
      "geometry": {
        "type": "Point",
        "coordinates": [
          -87.65,
          -71.25
        ]
      },
      "properties": {
        "source_id": "baso_hydrozoa_stylasteridae",
        "dataset": "Antarctic stylasteridae",
        "scientificName": "Errina gracilis",
        "occurrenceID": "9665028e-dbef-4531-8f9e-3bc9633082e6",
        "eventDate": "",
        "minimumDepthInMeters": null,
        "maximumDepthInMeters": null,
        "basisOfRecord": "HumanObservation",
        "recordedBy": "",
        "license": "CC-BY-4.0",
        "scientific_role": "PRESENCE_ONLY_NO_ABSENCE"
      }
    },
    {
      "type": "Feature",
      "geometry": {
        "type": "Point",
        "coordinates": [
          162.8,
          -66.67
        ]
      },
      "properties": {
        "source_id": "baso_hydrozoa_stylasteridae",
        "dataset": "Antarctic stylasteridae",
        "scientificName": "Errina kerguelensis",
        "occurrenceID": "5fe98a91-3fe8-43b2-881f-9c395f775233",
        "eventDate": "",
        "minimumDepthInMeters": 150.0,
        "maximumDepthInMeters": 150.0,
        "basisOfRecord": "HumanObservation",
        "recordedBy": "",
        "license": "CC-BY-4.0",
        "scientific_role": "PRESENCE_ONLY_NO_ABSENCE"
      }
    },
    {
      "type": "Feature",
      "geometry": {
        "type": "Point",
        "coordinates": [
          -140.32,
          -53.93
        ]
      },
      "properties": {
        "source_id": "baso_hydrozoa_stylasteridae",
        "dataset": "Antarctic stylasteridae",
        "scientificName": "Errina kerguelensis",
        "occurrenceID": "5e017d05-071b-42e9-8403-9116bc800b7e",
        "eventDate": "",
        "minimumDepthInMeters": 362.0,
        "maximumDepthInMeters": 362.0,
        "basisOfRecord": "HumanObservation",
        "recordedBy": "",
        "license": "CC-BY-4.0",
        "scientific_role": "PRESENCE_ONLY_NO_ABSENCE"
      }
    },
    {
      "type": "Feature",
      "geometry": {
        "type": "Point",
        "coordinates": [
          162.93,
          -66.63
        ]
      },
      "properties": {
        "source_id": "baso_hydrozoa_stylasteridae",
        "dataset": "Antarctic stylasteridae",
        "scientificName": "Errina kerguelensis",
        "occurrenceID": "3df01e5f-d5ed-4e9f-8170-0bf3fa00a136",
        "eventDate": "",
        "minimumDepthInMeters": 201.0,
        "maximumDepthInMeters": 201.0,
        "basisOfRecord": "HumanObservation",
        "recordedBy": "",
        "license": "CC-BY-4.0",
        "scientific_role": "PRESENCE_ONLY_NO_ABSENCE"
      }
    },
    {
      "type": "Feature",
      "geometry": {
        "type": "Point",
        "coordinates": [
          162.95,
          -66.6833
        ]
      },
      "properties": {
        "source_id": "baso_hydrozoa_stylasteridae",
        "dataset": "Antarctic stylasteridae",
        "scientificName": "Errina kerguelensis",
        "occurrenceID": "b30748c7-6894-4272-af00-7a1730c9c08a",
        "eventDate": "",
        "minimumDepthInMeters": 190.0,
        "maximumDepthInMeters": 190.0,
        "basisOfRecord": "HumanObservation",
        "recordedBy": "",
        "license": "CC-BY-4.0",
        "scientific_role": "PRESENCE_ONLY_NO_ABSENCE"
      }
    },
    {
      "type": "Feature",
      "geometry": {
        "type": "Point",
        "coordinates": [
          162.5,
          -66.65
        ]
      },
      "properties": {
        "source_id": "baso_hydrozoa_stylasteridae",
        "dataset": "Antarctic stylasteridae",
        "scientificName": "Errina kerguelensis",
        "occurrenceID": "bc0e9831-9941-4101-b3e6-d045399b1aa6",
        "eventDate": "",
        "minimumDepthInMeters": 146.0,
        "maximumDepthInMeters": 146.0,
        "basisOfRecord": "HumanObservation",
        "recordedBy": "",
        "license": "CC-BY-4.0",
        "scientific_role": "PRESENCE_ONLY_NO_ABSENCE"
      }
    },
    {
      "type": "Feature",
      "geometry": {
        "type": "Point",
        "coordinates": [
          163.23,
          -66.95
        ]
      },
      "properties": {
        "source_id": "baso_hydrozoa_stylasteridae",
        "dataset": "Antarctic stylasteridae",
        "scientificName": "Errina kerguelensis",
        "occurrenceID": "104e02cc-45bb-4c83-b574-fcf06daa0580",
        "eventDate": "",
        "minimumDepthInMeters": 91.0,
        "maximumDepthInMeters": 91.0,
        "basisOfRecord": "HumanObservation",
        "recordedBy": "",
        "license": "CC-BY-4.0",
        "scientific_role": "PRESENCE_ONLY_NO_ABSENCE"
      }
    },
    {
      "type": "Feature",
      "geometry": {
        "type": "Point",
        "coordinates": [
          -56.517,
          -61.417
        ]
      },
      "properties": {
        "source_id": "baso_hydrozoa_stylasteridae",
        "dataset": "Antarctic stylasteridae",
        "scientificName": "Errina laterorifa",
        "occurrenceID": "d5b2def1-b17a-4b6f-b83f-2b15282df99b",
        "eventDate": "",
        "minimumDepthInMeters": 300.0,
        "maximumDepthInMeters": 300.0,
        "basisOfRecord": "HumanObservation",
        "recordedBy": "",
        "license": "CC-BY-4.0",
        "scientific_role": "PRESENCE_ONLY_NO_ABSENCE"
      }
    },
    {
      "type": "Feature",
      "geometry": {
        "type": "Point",
        "coordinates": [
          -56.517,
          -61.417
        ]
      },
      "properties": {
        "source_id": "baso_hydrozoa_stylasteridae",
        "dataset": "Antarctic stylasteridae",
        "scientificName": "Errina laterorifa",
        "occurrenceID": "099cac8d-9ad6-4c65-af0c-f9063bd6627b",
        "eventDate": "",
        "minimumDepthInMeters": 300.0,
        "maximumDepthInMeters": 300.0,
        "basisOfRecord": "HumanObservation",
        "recordedBy": "",
        "license": "CC-BY-4.0",
        "scientific_role": "PRESENCE_ONLY_NO_ABSENCE"
      }
    },
    {
      "type": "Feature",
      "geometry": {
        "type": "Point",
        "coordinates": [
          -56.517,
          -61.417
        ]
      },
      "properties": {
        "source_id": "baso_hydrozoa_stylasteridae",
        "dataset": "Antarctic stylasteridae",
        "scientificName": "Errina laterorifa",
        "occurrenceID": "603937d6-4d23-42eb-94fe-1667e75b9b05",
        "eventDate": "",
        "minimumDepthInMeters": 300.0,
        "maximumDepthInMeters": 300.0,
        "basisOfRecord": "HumanObservation",
        "recordedBy": "",
        "license": "CC-BY-4.0",
        "scientific_role": "PRESENCE_ONLY_NO_ABSENCE"
      }
    },
    {
      "type": "Feature",
      "geometry": {
        "type": "Point",
        "coordinates": [
          -65.78,
          -64.87
        ]
      },
      "properties": {
        "source_id": "baso_hydrozoa_stylasteridae",
        "dataset": "Antarctic stylasteridae",
        "scientificName": "Errina laterorifa",
        "occurrenceID": "db86d88e-317c-49d6-9bc2-a92662485779",
        "eventDate": "",
        "minimumDepthInMeters": 218.0,
        "maximumDepthInMeters": 218.0,
        "basisOfRecord": "HumanObservation",
        "recordedBy": "",
        "license": "CC-BY-4.0",
        "scientific_role": "PRESENCE_ONLY_NO_ABSENCE"
      }
    },
    {
      "type": "Feature",
      "geometry": {
        "type": "Point",
        "coordinates": [
          -56.517,
          -61.417
        ]
      },
      "properties": {
        "source_id": "baso_hydrozoa_stylasteridae",
        "dataset": "Antarctic stylasteridae",
        "scientificName": "Errina laterorifa",
        "occurrenceID": "20bd8f07-514f-49bb-8e62-5036544de959",
        "eventDate": "",
        "minimumDepthInMeters": 300.0,
        "maximumDepthInMeters": 300.0,
        "basisOfRecord": "HumanObservation",
        "recordedBy": "",
        "license": "CC-BY-4.0",
        "scientific_role": "PRESENCE_ONLY_NO_ABSENCE"
      }
    },
    {
      "type": "Feature",
      "geometry": {
        "type": "Point",
        "coordinates": [
          -56.517,
          -61.417
        ]
      },
      "properties": {
        "source_id": "baso_hydrozoa_stylasteridae",
        "dataset": "Antarctic stylasteridae",
        "scientificName": "Errina laterorifa",
        "occurrenceID": "c581d3c6-cf38-451c-a9c4-fab5d3e234c5",
        "eventDate": "",
        "minimumDepthInMeters": 300.0,
        "maximumDepthInMeters": 300.0,
        "basisOfRecord": "HumanObservation",
        "recordedBy": "",
        "license": "CC-BY-4.0",
        "scientific_role": "PRESENCE_ONLY_NO_ABSENCE"
      }
    },
    {
      "type": "Feature",
      "geometry": {
        "type": "Point",
        "coordinates": [
          -60.12,
          -60.7
        ]
      },
      "properties": {
        "source_id": "baso_hydrozoa_stylasteridae",
        "dataset": "Antarctic stylasteridae",
        "scientificName": "Errina laterorifa",
        "occurrenceID": "dc5201e4-cce7-46df-b15f-38d947b78665",
        "eventDate": "",
        "minimumDepthInMeters": 3770.0,
        "maximumDepthInMeters": 3770.0,
        "basisOfRecord": "HumanObservation",
        "recordedBy": "",
        "license": "CC-BY-4.0",
        "scientific_role": "PRESENCE_ONLY_NO_ABSENCE"
      }
    },
    {
      "type": "Feature",
      "geometry": {
        "type": "Point",
        "coordinates": [
          -175.97,
          -75.15
        ]
      },
      "properties": {
        "source_id": "baso_hydrozoa_stylasteridae",
        "dataset": "Antarctic stylasteridae",
        "scientificName": "Errina laterorifa",
        "occurrenceID": "48450285-e71a-46c6-ba61-63e62038c9c7",
        "eventDate": "",
        "minimumDepthInMeters": 1382.0,
        "maximumDepthInMeters": 1382.0,
        "basisOfRecord": "HumanObservation",
        "recordedBy": "",
        "license": "CC-BY-4.0",
        "scientific_role": "PRESENCE_ONLY_NO_ABSENCE"
      }
    },
    {
      "type": "Feature",
      "geometry": {
        "type": "Point",
        "coordinates": [
          172.13,
          -72.05
        ]
      },
      "properties": {
        "source_id": "baso_hydrozoa_stylasteridae",
        "dataset": "Antarctic stylasteridae",
        "scientificName": "Errina laterorifa",
        "occurrenceID": "31033ce8-6e46-4a65-86bf-52b60753d030",
        "eventDate": "",
        "minimumDepthInMeters": 344.0,
        "maximumDepthInMeters": 344.0,
        "basisOfRecord": "HumanObservation",
        "recordedBy": "",
        "license": "CC-BY-4.0",
        "scientific_role": "PRESENCE_ONLY_NO_ABSENCE"
      }
    },
    {
      "type": "Feature",
      "geometry": {
        "type": "Point",
        "coordinates": [
          172.13,
          -72.08
        ]
      },
      "properties": {
        "source_id": "baso_hydrozoa_stylasteridae",
        "dataset": "Antarctic stylasteridae",
        "scientificName": "Errina laterorifa",
        "occurrenceID": "6f8980ff-a32e-4fb8-b1f7-3aef3a02e848",
        "eventDate": "",
        "minimumDepthInMeters": 348.0,
        "maximumDepthInMeters": 348.0,
        "basisOfRecord": "HumanObservation",
        "recordedBy": "",
        "license": "CC-BY-4.0",
        "scientific_role": "PRESENCE_ONLY_NO_ABSENCE"
      }
    },
    {
      "type": "Feature",
      "geometry": {
        "type": "Point",
        "coordinates": [
          -176.22,
          -75.17
        ]
      },
      "properties": {
        "source_id": "baso_hydrozoa_stylasteridae",
        "dataset": "Antarctic stylasteridae",
        "scientificName": "Errina laterorifa",
        "occurrenceID": "fdd44f07-da33-449f-9aa4-d6c784811998",
        "eventDate": "",
        "minimumDepthInMeters": 728.0,
        "maximumDepthInMeters": 728.0,
        "basisOfRecord": "HumanObservation",
        "recordedBy": "",
        "license": "CC-BY-4.0",
        "scientific_role": "PRESENCE_ONLY_NO_ABSENCE"
      }
    },
    {
      "type": "Feature",
      "geometry": {
        "type": "Point",
        "coordinates": [
          171.55,
          -71.28
        ]
      },
      "properties": {
        "source_id": "baso_hydrozoa_stylasteridae",
        "dataset": "Antarctic stylasteridae",
        "scientificName": "Errina laterorifa",
        "occurrenceID": "4311b679-895c-4ff9-8a32-134cc9ac3f18",
        "eventDate": "",
        "minimumDepthInMeters": 659.0,
        "maximumDepthInMeters": 659.0,
        "basisOfRecord": "HumanObservation",
        "recordedBy": "",
        "license": "CC-BY-4.0",
        "scientific_role": "PRESENCE_ONLY_NO_ABSENCE"
      }
    },
    {
      "type": "Feature",
      "geometry": {
        "type": "Point",
        "coordinates": [
          172.47,
          -72.0
        ]
      },
      "properties": {
        "source_id": "baso_hydrozoa_stylasteridae",
        "dataset": "Antarctic stylasteridae",
        "scientificName": "Errina laterorifa",
        "occurrenceID": "2ab17d5d-fd6a-4d16-8d32-5ac54cd3917d",
        "eventDate": "",
        "minimumDepthInMeters": 523.0,
        "maximumDepthInMeters": 523.0,
        "basisOfRecord": "HumanObservation",
        "recordedBy": "",
        "license": "CC-BY-4.0",
        "scientific_role": "PRESENCE_ONLY_NO_ABSENCE"
      }
    },
    {
      "type": "Feature",
      "geometry": {
        "type": "Point",
        "coordinates": [
          171.43,
          -72.53
        ]
      },
      "properties": {
        "source_id": "baso_hydrozoa_stylasteridae",
        "dataset": "Antarctic stylasteridae",
        "scientificName": "Errina laterorifa",
        "occurrenceID": "abfa912f-0105-4dad-b0c7-63cb41a6d507",
        "eventDate": "",
        "minimumDepthInMeters": 329.0,
        "maximumDepthInMeters": 329.0,
        "basisOfRecord": "HumanObservation",
        "recordedBy": "",
        "license": "CC-BY-4.0",
        "scientific_role": "PRESENCE_ONLY_NO_ABSENCE"
      }
    },
    {
      "type": "Feature",
      "geometry": {
        "type": "Point",
        "coordinates": [
          -168.82,
          -76.0
        ]
      },
      "properties": {
        "source_id": "baso_hydrozoa_stylasteridae",
        "dataset": "Antarctic stylasteridae",
        "scientificName": "Errina laterorifa",
        "occurrenceID": "f8c57f01-8ae0-45cd-a1be-e8c987238e97",
        "eventDate": "",
        "minimumDepthInMeters": 526.0,
        "maximumDepthInMeters": 526.0,
        "basisOfRecord": "HumanObservation",
        "recordedBy": "",
        "license": "CC-BY-4.0",
        "scientific_role": "PRESENCE_ONLY_NO_ABSENCE"
      }
    },
    {
      "type": "Feature",
      "geometry": {
        "type": "Point",
        "coordinates": [
          173.98,
          -73.08
        ]
      },
      "properties": {
        "source_id": "baso_hydrozoa_stylasteridae",
        "dataset": "Antarctic stylasteridae",
        "scientificName": "Errina laterorifa",
        "occurrenceID": "12452fd2-d6da-48c7-9aa3-3822ec04d45b",
        "eventDate": "",
        "minimumDepthInMeters": 339.0,
        "maximumDepthInMeters": 339.0,
        "basisOfRecord": "HumanObservation",
        "recordedBy": "",
        "license": "CC-BY-4.0",
        "scientific_role": "PRESENCE_ONLY_NO_ABSENCE"
      }
    },
    {
      "type": "Feature",
      "geometry": {
        "type": "Point",
        "coordinates": [
          -165.07,
          -76.13
        ]
      },
      "properties": {
        "source_id": "baso_hydrozoa_stylasteridae",
        "dataset": "Antarctic stylasteridae",
        "scientificName": "Errina laterorifa",
        "occurrenceID": "f4259952-6165-450b-85f1-5a96305c7b42",
        "eventDate": "",
        "minimumDepthInMeters": 494.0,
        "maximumDepthInMeters": 494.0,
        "basisOfRecord": "HumanObservation",
        "recordedBy": "",
        "license": "CC-BY-4.0",
        "scientific_role": "PRESENCE_ONLY_NO_ABSENCE"
      }
    },
    {
      "type": "Feature",
      "geometry": {
        "type": "Point",
        "coordinates": [
          -176.617,
          -75.058
        ]
      },
      "properties": {
        "source_id": "baso_hydrozoa_stylasteridae",
        "dataset": "Antarctic stylasteridae",
        "scientificName": "Errina laterorifa",
        "occurrenceID": "0fd2ff81-d3c0-4921-ab7e-57ee9890715a",
        "eventDate": "",
        "minimumDepthInMeters": 801.0,
        "maximumDepthInMeters": 801.0,
        "basisOfRecord": "HumanObservation",
        "recordedBy": "",
        "license": "CC-BY-4.0",
        "scientific_role": "PRESENCE_ONLY_NO_ABSENCE"
      }
    },
    {
      "type": "Feature",
      "geometry": {
        "type": "Point",
        "coordinates": [
          -164.77,
          -76.07
        ]
      },
      "properties": {
        "source_id": "baso_hydrozoa_stylasteridae",
        "dataset": "Antarctic stylasteridae",
        "scientificName": "Errina laterorifa",
        "occurrenceID": "1f394b7c-5b73-477d-9601-d11fda5344ac",
        "eventDate": "",
        "minimumDepthInMeters": 513.0,
        "maximumDepthInMeters": 513.0,
        "basisOfRecord": "HumanObservation",
        "recordedBy": "",
        "license": "CC-BY-4.0",
        "scientific_role": "PRESENCE_ONLY_NO_ABSENCE"
      }
    },
    {
      "type": "Feature",
      "geometry": {
        "type": "Point",
        "coordinates": [
          174.4,
          -71.97
        ]
      },
      "properties": {
        "source_id": "baso_hydrozoa_stylasteridae",
        "dataset": "Antarctic stylasteridae",
        "scientificName": "Errina laterorifa",
        "occurrenceID": "7b585b1f-8179-40a0-98ce-03d76d435447",
        "eventDate": "",
        "minimumDepthInMeters": 1772.0,
        "maximumDepthInMeters": 1772.0,
        "basisOfRecord": "HumanObservation",
        "recordedBy": "",
        "license": "CC-BY-4.0",
        "scientific_role": "PRESENCE_ONLY_NO_ABSENCE"
      }
    },
    {
      "type": "Feature",
      "geometry": {
        "type": "Point",
        "coordinates": [
          172.2533,
          -72.0967
        ]
      },
      "properties": {
        "source_id": "baso_hydrozoa_stylasteridae",
        "dataset": "Antarctic stylasteridae",
        "scientificName": "Errina laterorifa",
        "occurrenceID": "dcb1366c-2d77-4c5d-a950-13b9ea7ee029",
        "eventDate": "",
        "minimumDepthInMeters": 392.0,
        "maximumDepthInMeters": 392.0,
        "basisOfRecord": "HumanObservation",
        "recordedBy": "",
        "license": "CC-BY-4.0",
        "scientific_role": "PRESENCE_ONLY_NO_ABSENCE"
      }
    },
    {
      "type": "Feature",
      "geometry": {
        "type": "Point",
        "coordinates": [
          172.17,
          -72.13
        ]
      },
      "properties": {
        "source_id": "baso_hydrozoa_stylasteridae",
        "dataset": "Antarctic stylasteridae",
        "scientificName": "Errina laterorifa",
        "occurrenceID": "2fa847ee-c594-4072-bd8c-1963fab308bb",
        "eventDate": "",
        "minimumDepthInMeters": 433.0,
        "maximumDepthInMeters": 433.0,
        "basisOfRecord": "HumanObservation",
        "recordedBy": "",
        "license": "CC-BY-4.0",
        "scientific_role": "PRESENCE_ONLY_NO_ABSENCE"
      }
    },
    {
      "type": "Feature",
      "geometry": {
        "type": "Point",
        "coordinates": [
          110.4778,
          -66.2567
        ]
      },
      "properties": {
        "source_id": "baso_hydrozoa_stylasteridae",
        "dataset": "Antarctic stylasteridae",
        "scientificName": "Errina laterorifa",
        "occurrenceID": "2b68dc60-9729-478a-8426-6512a6047e63",
        "eventDate": "",
        "minimumDepthInMeters": 46.0,
        "maximumDepthInMeters": 46.0,
        "basisOfRecord": "HumanObservation",
        "recordedBy": "",
        "license": "CC-BY-4.0",
        "scientific_role": "PRESENCE_ONLY_NO_ABSENCE"
      }
    },
    {
      "type": "Feature",
      "geometry": {
        "type": "Point",
        "coordinates": [
          171.92,
          -70.9
        ]
      },
      "properties": {
        "source_id": "baso_hydrozoa_stylasteridae",
        "dataset": "Antarctic stylasteridae",
        "scientificName": "Errina laterorifa",
        "occurrenceID": "7bd85c59-5bf9-4664-a713-c1ba195df851",
        "eventDate": "",
        "minimumDepthInMeters": 2273.0,
        "maximumDepthInMeters": 2273.0,
        "basisOfRecord": "HumanObservation",
        "recordedBy": "",
        "license": "CC-BY-4.0",
        "scientific_role": "PRESENCE_ONLY_NO_ABSENCE"
      }
    },
    {
      "type": "Feature",
      "geometry": {
        "type": "Point",
        "coordinates": [
          176.9,
          -73.03
        ]
      },
      "properties": {
        "source_id": "baso_hydrozoa_stylasteridae",
        "dataset": "Antarctic stylasteridae",
        "scientificName": "Errina laterorifa",
        "occurrenceID": "71fad138-df78-4f6d-b36c-6cadab396aaf",
        "eventDate": "",
        "minimumDepthInMeters": 864.0,
        "maximumDepthInMeters": 864.0,
        "basisOfRecord": "HumanObservation",
        "recordedBy": "",
        "license": "CC-BY-4.0",
        "scientific_role": "PRESENCE_ONLY_NO_ABSENCE"
      }
    },
    {
      "type": "Feature",
      "geometry": {
        "type": "Point",
        "coordinates": [
          159.02,
          -54.4
        ]
      },
      "properties": {
        "source_id": "baso_hydrozoa_stylasteridae",
        "dataset": "Antarctic stylasteridae",
        "scientificName": "Errina laterorifa",
        "occurrenceID": "07bb35d3-1526-4704-b167-44d7c6bc6930",
        "eventDate": "",
        "minimumDepthInMeters": 79.0,
        "maximumDepthInMeters": 79.0,
        "basisOfRecord": "HumanObservation",
        "recordedBy": "",
        "license": "CC-BY-4.0",
        "scientific_role": "PRESENCE_ONLY_NO_ABSENCE"
      }
    },
    {
      "type": "Feature",
      "geometry": {
        "type": "Point",
        "coordinates": [
          -56.517,
          -61.417
        ]
      },
      "properties": {
        "source_id": "baso_hydrozoa_stylasteridae",
        "dataset": "Antarctic stylasteridae",
        "scientificName": "Errina sp.",
        "occurrenceID": "f1b34aed-e52a-4ac3-bbdf-5a4a9acc7e9c",
        "eventDate": "",
        "minimumDepthInMeters": 300.0,
        "maximumDepthInMeters": 300.0,
        "basisOfRecord": "HumanObservation",
        "recordedBy": "",
        "license": "CC-BY-4.0",
        "scientific_role": "PRESENCE_ONLY_NO_ABSENCE"
      }
    },
    {
      "type": "Feature",
      "geometry": {
        "type": "Point",
        "coordinates": [
          -56.517,
          -61.417
        ]
      },
      "properties": {
        "source_id": "baso_hydrozoa_stylasteridae",
        "dataset": "Antarctic stylasteridae",
        "scientificName": "Errina sp.",
        "occurrenceID": "6ae276b1-4769-4e58-b6a0-183fe7106c74",
        "eventDate": "",
        "minimumDepthInMeters": 300.0,
        "maximumDepthInMeters": 300.0,
        "basisOfRecord": "HumanObservation",
        "recordedBy": "",
        "license": "CC-BY-4.0",
        "scientific_role": "PRESENCE_ONLY_NO_ABSENCE"
      }
    },
    {
      "type": "Feature",
      "geometry": {
        "type": "Point",
        "coordinates": [
          -56.517,
          -61.417
        ]
      },
      "properties": {
        "source_id": "baso_hydrozoa_stylasteridae",
        "dataset": "Antarctic stylasteridae",
        "scientificName": "Errina sp.",
        "occurrenceID": "5b2bdeda-476c-433c-9366-5522055defeb",
        "eventDate": "",
        "minimumDepthInMeters": 300.0,
        "maximumDepthInMeters": 300.0,
        "basisOfRecord": "HumanObservation",
        "recordedBy": "",
        "license": "CC-BY-4.0",
        "scientific_role": "PRESENCE_ONLY_NO_ABSENCE"
      }
    },
    {
      "type": "Feature",
      "geometry": {
        "type": "Point",
        "coordinates": [
          -53.47,
          -60.82
        ]
      },
      "properties": {
        "source_id": "baso_hydrozoa_stylasteridae",
        "dataset": "Antarctic stylasteridae",
        "scientificName": "Errina sp.",
        "occurrenceID": "b0058ace-29d5-457b-b4ce-fbbdce4f5354",
        "eventDate": "",
        "minimumDepthInMeters": 587.0,
        "maximumDepthInMeters": 587.0,
        "basisOfRecord": "HumanObservation",
        "recordedBy": "",
        "license": "CC-BY-4.0",
        "scientific_role": "PRESENCE_ONLY_NO_ABSENCE"
      }
    },
    {
      "type": "Feature",
      "geometry": {
        "type": "Point",
        "coordinates": [
          -38.02,
          -54.82
        ]
      },
      "properties": {
        "source_id": "baso_hydrozoa_stylasteridae",
        "dataset": "Antarctic stylasteridae",
        "scientificName": "Errina sp.",
        "occurrenceID": "45923fac-0fb4-4467-aa5d-518a09c7d19d",
        "eventDate": "",
        "minimumDepthInMeters": 732.0,
        "maximumDepthInMeters": 732.0,
        "basisOfRecord": "HumanObservation",
        "recordedBy": "",
        "license": "CC-BY-4.0",
        "scientific_role": "PRESENCE_ONLY_NO_ABSENCE"
      }
    },
    {
      "type": "Feature",
      "geometry": {
        "type": "Point",
        "coordinates": [
          -55.5,
          -54.72
        ]
      },
      "properties": {
        "source_id": "baso_hydrozoa_stylasteridae",
        "dataset": "Antarctic stylasteridae",
        "scientificName": "Errina sp.",
        "occurrenceID": "8a027e4f-4352-42b9-a348-41f0f8173272",
        "eventDate": "",
        "minimumDepthInMeters": 1647.0,
        "maximumDepthInMeters": 1647.0,
        "basisOfRecord": "HumanObservation",
        "recordedBy": "",
        "license": "CC-BY-4.0",
        "scientific_role": "PRESENCE_ONLY_NO_ABSENCE"
      }
    },
    {
      "type": "Feature",
      "geometry": {
        "type": "Point",
        "coordinates": [
          -129.83,
          -54.83
        ]
      },
      "properties": {
        "source_id": "baso_hydrozoa_stylasteridae",
        "dataset": "Antarctic stylasteridae",
        "scientificName": "Errina sp.",
        "occurrenceID": "eb53ac0f-c699-47bd-ac32-3bcf0403b6d4",
        "eventDate": "",
        "minimumDepthInMeters": 567.0,
        "maximumDepthInMeters": 567.0,
        "basisOfRecord": "HumanObservation",
        "recordedBy": "",
        "license": "CC-BY-4.0",
        "scientific_role": "PRESENCE_ONLY_NO_ABSENCE"
      }
    },
    {
      "type": "Feature",
      "geometry": {
        "type": "Point",
        "coordinates": [
          -129.8,
          -54.82
        ]
      },
      "properties": {
        "source_id": "baso_hydrozoa_stylasteridae",
        "dataset": "Antarctic stylasteridae",
        "scientificName": "Errina sp.",
        "occurrenceID": "7544f644-d8ae-4bc8-b4a8-43ef863b3e83",
        "eventDate": "",
        "minimumDepthInMeters": 549.0,
        "maximumDepthInMeters": 549.0,
        "basisOfRecord": "HumanObservation",
        "recordedBy": "",
        "license": "CC-BY-4.0",
        "scientific_role": "PRESENCE_ONLY_NO_ABSENCE"
      }
    },
    {
      "type": "Feature",
      "geometry": {
        "type": "Point",
        "coordinates": [
          -129.8,
          -54.83
        ]
      },
      "properties": {
        "source_id": "baso_hydrozoa_stylasteridae",
        "dataset": "Antarctic stylasteridae",
        "scientificName": "Errina sp.",
        "occurrenceID": "8d7c76e6-4a5b-4328-ab01-dfa92c903150",
        "eventDate": "",
        "minimumDepthInMeters": 915.0,
        "maximumDepthInMeters": 915.0,
        "basisOfRecord": "HumanObservation",
        "recordedBy": "",
        "license": "CC-BY-4.0",
        "scientific_role": "PRESENCE_ONLY_NO_ABSENCE"
      }
    },
    {
      "type": "Feature",
      "geometry": {
        "type": "Point",
        "coordinates": [
          -56.62,
          -54.72
        ]
      },
      "properties": {
        "source_id": "baso_hydrozoa_stylasteridae",
        "dataset": "Antarctic stylasteridae",
        "scientificName": "Errina sp.",
        "occurrenceID": "cf56ec9e-f60e-4715-8cc6-efae94641f6e",
        "eventDate": "",
        "minimumDepthInMeters": 339.0,
        "maximumDepthInMeters": 339.0,
        "basisOfRecord": "HumanObservation",
        "recordedBy": "",
        "license": "CC-BY-4.0",
        "scientific_role": "PRESENCE_ONLY_NO_ABSENCE"
      }
    },
    {
      "type": "Feature",
      "geometry": {
        "type": "Point",
        "coordinates": [
          -57.15,
          -54.65
        ]
      },
      "properties": {
        "source_id": "baso_hydrozoa_stylasteridae",
        "dataset": "Antarctic stylasteridae",
        "scientificName": "Errina sp.",
        "occurrenceID": "47cdc5ed-a17f-4194-8462-5399c2504414",
        "eventDate": "",
        "minimumDepthInMeters": 124.0,
        "maximumDepthInMeters": 124.0,
        "basisOfRecord": "HumanObservation",
        "recordedBy": "",
        "license": "CC-BY-4.0",
        "scientific_role": "PRESENCE_ONLY_NO_ABSENCE"
      }
    },
    {
      "type": "Feature",
      "geometry": {
        "type": "Point",
        "coordinates": [
          -55.5,
          -54.72
        ]
      },
      "properties": {
        "source_id": "baso_hydrozoa_stylasteridae",
        "dataset": "Antarctic stylasteridae",
        "scientificName": "Errina sp.",
        "occurrenceID": "728201cb-b88a-4441-86ee-5945f9cc0696",
        "eventDate": "",
        "minimumDepthInMeters": 1647.0,
        "maximumDepthInMeters": 1647.0,
        "basisOfRecord": "HumanObservation",
        "recordedBy": "",
        "license": "CC-BY-4.0",
        "scientific_role": "PRESENCE_ONLY_NO_ABSENCE"
      }
    },
    {
      "type": "Feature",
      "geometry": {
        "type": "Point",
        "coordinates": [
          172.13,
          -72.08
        ]
      },
      "properties": {
        "source_id": "baso_hydrozoa_stylasteridae",
        "dataset": "Antarctic stylasteridae",
        "scientificName": "Errina sp.",
        "occurrenceID": "11f8e79c-b72f-4b77-9467-251c24ceb42b",
        "eventDate": "",
        "minimumDepthInMeters": 348.0,
        "maximumDepthInMeters": 348.0,
        "basisOfRecord": "HumanObservation",
        "recordedBy": "",
        "license": "CC-BY-4.0",
        "scientific_role": "PRESENCE_ONLY_NO_ABSENCE"
      }
    },
    {
      "type": "Feature",
      "geometry": {
        "type": "Point",
        "coordinates": [
          -56.62,
          -54.72
        ]
      },
      "properties": {
        "source_id": "baso_hydrozoa_stylasteridae",
        "dataset": "Antarctic stylasteridae",
        "scientificName": "Errina sp.",
        "occurrenceID": "a3aac2e3-3596-4bba-94f6-9655a0ba4d07",
        "eventDate": "",
        "minimumDepthInMeters": 339.0,
        "maximumDepthInMeters": 339.0,
        "basisOfRecord": "HumanObservation",
        "recordedBy": "",
        "license": "CC-BY-4.0",
        "scientific_role": "PRESENCE_ONLY_NO_ABSENCE"
      }
    },
    {
      "type": "Feature",
      "geometry": {
        "type": "Point",
        "coordinates": [
          171.55,
          -71.28
        ]
      },
      "properties": {
        "source_id": "baso_hydrozoa_stylasteridae",
        "dataset": "Antarctic stylasteridae",
        "scientificName": "Errina sp.",
        "occurrenceID": "bded14fd-f6e4-4a97-a584-e230da40739b",
        "eventDate": "",
        "minimumDepthInMeters": 659.0,
        "maximumDepthInMeters": 659.0,
        "basisOfRecord": "HumanObservation",
        "recordedBy": "",
        "license": "CC-BY-4.0",
        "scientific_role": "PRESENCE_ONLY_NO_ABSENCE"
      }
    },
    {
      "type": "Feature",
      "geometry": {
        "type": "Point",
        "coordinates": [
          -168.82,
          -76.0
        ]
      },
      "properties": {
        "source_id": "baso_hydrozoa_stylasteridae",
        "dataset": "Antarctic stylasteridae",
        "scientificName": "Errina sp.",
        "occurrenceID": "03e78e68-7340-46cc-b29b-1103743f6b56",
        "eventDate": "",
        "minimumDepthInMeters": 526.0,
        "maximumDepthInMeters": 526.0,
        "basisOfRecord": "HumanObservation",
        "recordedBy": "",
        "license": "CC-BY-4.0",
        "scientific_role": "PRESENCE_ONLY_NO_ABSENCE"
      }
    },
    {
      "type": "Feature",
      "geometry": {
        "type": "Point",
        "coordinates": [
          -140.32,
          -53.93
        ]
      },
      "properties": {
        "source_id": "baso_hydrozoa_stylasteridae",
        "dataset": "Antarctic stylasteridae",
        "scientificName": "Errina sp.",
        "occurrenceID": "0964481b-1425-443d-9cd1-b6a6a0bb9585",
        "eventDate": "",
        "minimumDepthInMeters": 362.0,
        "maximumDepthInMeters": 362.0,
        "basisOfRecord": "HumanObservation",
        "recordedBy": "",
        "license": "CC-BY-4.0",
        "scientific_role": "PRESENCE_ONLY_NO_ABSENCE"
      }
    },
    {
      "type": "Feature",
      "geometry": {
        "type": "Point",
        "coordinates": [
          178.88,
          -49.67
        ]
      },
      "properties": {
        "source_id": "baso_hydrozoa_stylasteridae",
        "dataset": "Antarctic stylasteridae",
        "scientificName": "Errina sp.",
        "occurrenceID": "8f98e90e-5cfc-4a1a-9385-ba6940ce4106",
        "eventDate": "",
        "minimumDepthInMeters": 476.0,
        "maximumDepthInMeters": 476.0,
        "basisOfRecord": "HumanObservation",
        "recordedBy": "",
        "license": "CC-BY-4.0",
        "scientific_role": "PRESENCE_ONLY_NO_ABSENCE"
      }
    },
    {
      "type": "Feature",
      "geometry": {
        "type": "Point",
        "coordinates": [
          -63.8267,
          -64.865
        ]
      },
      "properties": {
        "source_id": "baso_hydrozoa_stylasteridae",
        "dataset": "Antarctic stylasteridae",
        "scientificName": "Errina sp.",
        "occurrenceID": "c18ccc56-2670-4b44-aa01-4f02624e8695",
        "eventDate": "",
        "minimumDepthInMeters": 440.0,
        "maximumDepthInMeters": 440.0,
        "basisOfRecord": "HumanObservation",
        "recordedBy": "",
        "license": "CC-BY-4.0",
        "scientific_role": "PRESENCE_ONLY_NO_ABSENCE"
      }
    },
    {
      "type": "Feature",
      "geometry": {
        "type": "Point",
        "coordinates": [
          -75.7,
          -50.61
        ]
      },
      "properties": {
        "source_id": "baso_hydrozoa_stylasteridae",
        "dataset": "Antarctic stylasteridae",
        "scientificName": "Errina sp.",
        "occurrenceID": "79e7eadd-3b0a-40f1-875a-2c40da5f1892",
        "eventDate": "",
        "minimumDepthInMeters": 73.0,
        "maximumDepthInMeters": 73.0,
        "basisOfRecord": "HumanObservation",
        "recordedBy": "",
        "license": "CC-BY-4.0",
        "scientific_role": "PRESENCE_ONLY_NO_ABSENCE"
      }
    },
    {
      "type": "Feature",
      "geometry": {
        "type": "Point",
        "coordinates": [
          -65.0117,
          -65.1117
        ]
      },
      "properties": {
        "source_id": "baso_hydrozoa_stylasteridae",
        "dataset": "Antarctic stylasteridae",
        "scientificName": "Errina sp.",
        "occurrenceID": "6d0a2fd0-249c-4f14-b24b-8ce7c8899695",
        "eventDate": "",
        "minimumDepthInMeters": 100.0,
        "maximumDepthInMeters": 100.0,
        "basisOfRecord": "HumanObservation",
        "recordedBy": "",
        "license": "CC-BY-4.0",
        "scientific_role": "PRESENCE_ONLY_NO_ABSENCE"
      }
    },
    {
      "type": "Feature",
      "geometry": {
        "type": "Point",
        "coordinates": [
          -63.8267,
          -64.865
        ]
      },
      "properties": {
        "source_id": "baso_hydrozoa_stylasteridae",
        "dataset": "Antarctic stylasteridae",
        "scientificName": "Errina sp.",
        "occurrenceID": "ba90e9a6-0b7e-440c-864f-95f9ac928434",
        "eventDate": "",
        "minimumDepthInMeters": 440.0,
        "maximumDepthInMeters": 440.0,
        "basisOfRecord": "HumanObservation",
        "recordedBy": "",
        "license": "CC-BY-4.0",
        "scientific_role": "PRESENCE_ONLY_NO_ABSENCE"
      }
    },
    {
      "type": "Feature",
      "geometry": {
        "type": "Point",
        "coordinates": [
          -140.32,
          -53.93
        ]
      },
      "properties": {
        "source_id": "baso_hydrozoa_stylasteridae",
        "dataset": "Antarctic stylasteridae",
        "scientificName": "Errina sp.",
        "occurrenceID": "7ca85966-8e3f-4e51-90e4-5aac0e38fb61",
        "eventDate": "",
        "minimumDepthInMeters": 362.0,
        "maximumDepthInMeters": 362.0,
        "basisOfRecord": "HumanObservation",
        "recordedBy": "",
        "license": "CC-BY-4.0",
        "scientific_role": "PRESENCE_ONLY_NO_ABSENCE"
      }
    },
    {
      "type": "Feature",
      "geometry": {
        "type": "Point",
        "coordinates": [
          178.88,
          -49.67
        ]
      },
      "properties": {
        "source_id": "baso_hydrozoa_stylasteridae",
        "dataset": "Antarctic stylasteridae",
        "scientificName": "Errina sp.",
        "occurrenceID": "b2c27691-6237-439b-b7e3-29369923d8ab",
        "eventDate": "",
        "minimumDepthInMeters": 476.0,
        "maximumDepthInMeters": 476.0,
        "basisOfRecord": "HumanObservation",
        "recordedBy": "",
        "license": "CC-BY-4.0",
        "scientific_role": "PRESENCE_ONLY_NO_ABSENCE"
      }
    },
    {
      "type": "Feature",
      "geometry": {
        "type": "Point",
        "coordinates": [
          -56.517,
          -61.417
        ]
      },
      "properties": {
        "source_id": "baso_hydrozoa_stylasteridae",
        "dataset": "Antarctic stylasteridae",
        "scientificName": "Errina sp.",
        "occurrenceID": "9e4cc8f4-6896-4c37-9fb6-b9d1eeea2e28",
        "eventDate": "",
        "minimumDepthInMeters": 300.0,
        "maximumDepthInMeters": 300.0,
        "basisOfRecord": "HumanObservation",
        "recordedBy": "",
        "license": "CC-BY-4.0",
        "scientific_role": "PRESENCE_ONLY_NO_ABSENCE"
      }
    },
    {
      "type": "Feature",
      "geometry": {
        "type": "Point",
        "coordinates": [
          -55.5,
          -54.72
        ]
      },
      "properties": {
        "source_id": "baso_hydrozoa_stylasteridae",
        "dataset": "Antarctic stylasteridae",
        "scientificName": "Errina sp.",
        "occurrenceID": "376b9e13-e60e-48bc-9c86-219e34844831",
        "eventDate": "",
        "minimumDepthInMeters": 1647.0,
        "maximumDepthInMeters": 1647.0,
        "basisOfRecord": "HumanObservation",
        "recordedBy": "",
        "license": "CC-BY-4.0",
        "scientific_role": "PRESENCE_ONLY_NO_ABSENCE"
      }
    },
    {
      "type": "Feature",
      "geometry": {
        "type": "Point",
        "coordinates": [
          -38.02,
          -54.82
        ]
      },
      "properties": {
        "source_id": "baso_hydrozoa_stylasteridae",
        "dataset": "Antarctic stylasteridae",
        "scientificName": "Errina sp.",
        "occurrenceID": "b12a54e0-0425-4c6f-bbef-d1b88ed6e9b8",
        "eventDate": "",
        "minimumDepthInMeters": 732.0,
        "maximumDepthInMeters": 732.0,
        "basisOfRecord": "HumanObservation",
        "recordedBy": "",
        "license": "CC-BY-4.0",
        "scientific_role": "PRESENCE_ONLY_NO_ABSENCE"
      }
    },
    {
      "type": "Feature",
      "geometry": {
        "type": "Point",
        "coordinates": [
          -52.13,
          -54.15
        ]
      },
      "properties": {
        "source_id": "baso_hydrozoa_stylasteridae",
        "dataset": "Antarctic stylasteridae",
        "scientificName": "Errina sp.",
        "occurrenceID": "ce6db6a3-5d8c-4deb-bac2-6461fa378d6a",
        "eventDate": "",
        "minimumDepthInMeters": 419.0,
        "maximumDepthInMeters": 419.0,
        "basisOfRecord": "HumanObservation",
        "recordedBy": "",
        "license": "CC-BY-4.0",
        "scientific_role": "PRESENCE_ONLY_NO_ABSENCE"
      }
    },
    {
      "type": "Feature",
      "geometry": {
        "type": "Point",
        "coordinates": [
          -168.82,
          -76.0
        ]
      },
      "properties": {
        "source_id": "baso_hydrozoa_stylasteridae",
        "dataset": "Antarctic stylasteridae",
        "scientificName": "Errina sp.",
        "occurrenceID": "63c7a04b-a31d-44b5-a267-7ae84627da63",
        "eventDate": "",
        "minimumDepthInMeters": 526.0,
        "maximumDepthInMeters": 526.0,
        "basisOfRecord": "HumanObservation",
        "recordedBy": "",
        "license": "CC-BY-4.0",
        "scientific_role": "PRESENCE_ONLY_NO_ABSENCE"
      }
    },
    {
      "type": "Feature",
      "geometry": {
        "type": "Point",
        "coordinates": [
          -68.87,
          -59.82
        ]
      },
      "properties": {
        "source_id": "baso_hydrozoa_stylasteridae",
        "dataset": "Antarctic stylasteridae",
        "scientificName": "Errina sp.",
        "occurrenceID": "8eebd2cb-b8fd-4d23-9b79-42ef70939354",
        "eventDate": "",
        "minimumDepthInMeters": 512.0,
        "maximumDepthInMeters": 512.0,
        "basisOfRecord": "HumanObservation",
        "recordedBy": "",
        "license": "CC-BY-4.0",
        "scientific_role": "PRESENCE_ONLY_NO_ABSENCE"
      }
    },
    {
      "type": "Feature",
      "geometry": {
        "type": "Point",
        "coordinates": [
          -63.8833,
          -64.8333
        ]
      },
      "properties": {
        "source_id": "baso_hydrozoa_stylasteridae",
        "dataset": "Antarctic stylasteridae",
        "scientificName": "Errina sp.",
        "occurrenceID": "0f393f82-aac0-4a2f-9c1f-21050863f740",
        "eventDate": "",
        "minimumDepthInMeters": 280.0,
        "maximumDepthInMeters": 280.0,
        "basisOfRecord": "HumanObservation",
        "recordedBy": "",
        "license": "CC-BY-4.0",
        "scientific_role": "PRESENCE_ONLY_NO_ABSENCE"
      }
    },
    {
      "type": "Feature",
      "geometry": {
        "type": "Point",
        "coordinates": [
          -66.32,
          -56.1
        ]
      },
      "properties": {
        "source_id": "baso_hydrozoa_stylasteridae",
        "dataset": "Antarctic stylasteridae",
        "scientificName": "Errina sp.",
        "occurrenceID": "c7c84787-e959-4203-93fc-8e54ee742983",
        "eventDate": "",
        "minimumDepthInMeters": 384.0,
        "maximumDepthInMeters": 384.0,
        "basisOfRecord": "HumanObservation",
        "recordedBy": "",
        "license": "CC-BY-4.0",
        "scientific_role": "PRESENCE_ONLY_NO_ABSENCE"
      }
    },
    {
      "type": "Feature",
      "geometry": {
        "type": "Point",
        "coordinates": [
          -129.83,
          -54.83
        ]
      },
      "properties": {
        "source_id": "baso_hydrozoa_stylasteridae",
        "dataset": "Antarctic stylasteridae",
        "scientificName": "Errina sp.",
        "occurrenceID": "41cecf8e-60de-44ee-bb5b-bf00ad4b43cf",
        "eventDate": "",
        "minimumDepthInMeters": 567.0,
        "maximumDepthInMeters": 567.0,
        "basisOfRecord": "HumanObservation",
        "recordedBy": "",
        "license": "CC-BY-4.0",
        "scientific_role": "PRESENCE_ONLY_NO_ABSENCE"
      }
    },
    {
      "type": "Feature",
      "geometry": {
        "type": "Point",
        "coordinates": [
          -42.1,
          -53.6
        ]
      },
      "properties": {
        "source_id": "baso_hydrozoa_stylasteridae",
        "dataset": "Antarctic stylasteridae",
        "scientificName": "Errina sp.",
        "occurrenceID": "a707e230-da0c-4b5c-b6da-74c67565099e",
        "eventDate": "",
        "minimumDepthInMeters": 142.0,
        "maximumDepthInMeters": 142.0,
        "basisOfRecord": "HumanObservation",
        "recordedBy": "",
        "license": "CC-BY-4.0",
        "scientific_role": "PRESENCE_ONLY_NO_ABSENCE"
      }
    },
    {
      "type": "Feature",
      "geometry": {
        "type": "Point",
        "coordinates": [
          -65.83,
          -55.33
        ]
      },
      "properties": {
        "source_id": "baso_hydrozoa_stylasteridae",
        "dataset": "Antarctic stylasteridae",
        "scientificName": "Errinopora cestoporina",
        "occurrenceID": "2d900356-1201-4ead-bcc4-cc17ae9b4958",
        "eventDate": "",
        "minimumDepthInMeters": 1185.0,
        "maximumDepthInMeters": 1185.0,
        "basisOfRecord": "HumanObservation",
        "recordedBy": "",
        "license": "CC-BY-4.0",
        "scientific_role": "PRESENCE_ONLY_NO_ABSENCE"
      }
    },
    {
      "type": "Feature",
      "geometry": {
        "type": "Point",
        "coordinates": [
          -66.32,
          -56.1
        ]
      },
      "properties": {
        "source_id": "baso_hydrozoa_stylasteridae",
        "dataset": "Antarctic stylasteridae",
        "scientificName": "Errinopora cestoporina",
        "occurrenceID": "b0fa2ca1-5137-4bc2-8dd6-180b94c7dc83",
        "eventDate": "",
        "minimumDepthInMeters": 384.0,
        "maximumDepthInMeters": 384.0,
        "basisOfRecord": "HumanObservation",
        "recordedBy": "",
        "license": "CC-BY-4.0",
        "scientific_role": "PRESENCE_ONLY_NO_ABSENCE"
      }
    },
    {
      "type": "Feature",
      "geometry": {
        "type": "Point",
        "coordinates": [
          -66.32,
          -56.1
        ]
      },
      "properties": {
        "source_id": "baso_hydrozoa_stylasteridae",
        "dataset": "Antarctic stylasteridae",
        "scientificName": "Errinopora cestoporina",
        "occurrenceID": "15f727fc-d241-42fd-b04e-9661c9c53ef5",
        "eventDate": "",
        "minimumDepthInMeters": 384.0,
        "maximumDepthInMeters": 384.0,
        "basisOfRecord": "HumanObservation",
        "recordedBy": "",
        "license": "CC-BY-4.0",
        "scientific_role": "PRESENCE_ONLY_NO_ABSENCE"
      }
    },
    {
      "type": "Feature",
      "geometry": {
        "type": "Point",
        "coordinates": [
          -56.62,
          -54.72
        ]
      },
      "properties": {
        "source_id": "baso_hydrozoa_stylasteridae",
        "dataset": "Antarctic stylasteridae",
        "scientificName": "Errinopora cestoporina",
        "occurrenceID": "9e91d7c6-39fd-4acf-b05d-d0ee9d42d7cf",
        "eventDate": "",
        "minimumDepthInMeters": 339.0,
        "maximumDepthInMeters": 339.0,
        "basisOfRecord": "HumanObservation",
        "recordedBy": "",
        "license": "CC-BY-4.0",
        "scientific_role": "PRESENCE_ONLY_NO_ABSENCE"
      }
    },
    {
      "type": "Feature",
      "geometry": {
        "type": "Point",
        "coordinates": [
          -56.62,
          -54.72
        ]
      },
      "properties": {
        "source_id": "baso_hydrozoa_stylasteridae",
        "dataset": "Antarctic stylasteridae",
        "scientificName": "Errinopora cestoporina",
        "occurrenceID": "34be590d-bbf7-40a5-b530-4e42a16443f6",
        "eventDate": "",
        "minimumDepthInMeters": 339.0,
        "maximumDepthInMeters": 339.0,
        "basisOfRecord": "HumanObservation",
        "recordedBy": "",
        "license": "CC-BY-4.0",
        "scientific_role": "PRESENCE_ONLY_NO_ABSENCE"
      }
    },
    {
      "type": "Feature",
      "geometry": {
        "type": "Point",
        "coordinates": [
          -68.87,
          -59.82
        ]
      },
      "properties": {
        "source_id": "baso_hydrozoa_stylasteridae",
        "dataset": "Antarctic stylasteridae",
        "scientificName": "Errinopsis fenestrata",
        "occurrenceID": "95729117-ad3b-43c3-956a-902acd5ff750",
        "eventDate": "",
        "minimumDepthInMeters": 512.0,
        "maximumDepthInMeters": 512.0,
        "basisOfRecord": "HumanObservation",
        "recordedBy": "",
        "license": "CC-BY-4.0",
        "scientific_role": "PRESENCE_ONLY_NO_ABSENCE"
      }
    },
    {
      "type": "Feature",
      "geometry": {
        "type": "Point",
        "coordinates": [
          -68.87,
          -59.82
        ]
      },
      "properties": {
        "source_id": "baso_hydrozoa_stylasteridae",
        "dataset": "Antarctic stylasteridae",
        "scientificName": "Errinopsis fenestrata",
        "occurrenceID": "00998777-fc37-4d2a-943c-f4765df9e7c7",
        "eventDate": "",
        "minimumDepthInMeters": 512.0,
        "maximumDepthInMeters": 512.0,
        "basisOfRecord": "HumanObservation",
        "recordedBy": "",
        "license": "CC-BY-4.0",
        "scientific_role": "PRESENCE_ONLY_NO_ABSENCE"
      }
    },
    {
      "type": "Feature",
      "geometry": {
        "type": "Point",
        "coordinates": [
          -68.87,
          -59.82
        ]
      },
      "properties": {
        "source_id": "baso_hydrozoa_stylasteridae",
        "dataset": "Antarctic stylasteridae",
        "scientificName": "Errinopsis fenestrata",
        "occurrenceID": "13206114-5d16-4b86-8d75-90946dfa8bae",
        "eventDate": "",
        "minimumDepthInMeters": 512.0,
        "maximumDepthInMeters": 512.0,
        "basisOfRecord": "HumanObservation",
        "recordedBy": "",
        "license": "CC-BY-4.0",
        "scientific_role": "PRESENCE_ONLY_NO_ABSENCE"
      }
    },
    {
      "type": "Feature",
      "geometry": {
        "type": "Point",
        "coordinates": [
          -42.7,
          -53.33
        ]
      },
      "properties": {
        "source_id": "baso_hydrozoa_stylasteridae",
        "dataset": "Antarctic stylasteridae",
        "scientificName": "Errinopsis fenestrata",
        "occurrenceID": "c60c71f9-9a1d-446a-a2e3-22c3b3293927",
        "eventDate": "",
        "minimumDepthInMeters": 417.0,
        "maximumDepthInMeters": 417.0,
        "basisOfRecord": "HumanObservation",
        "recordedBy": "",
        "license": "CC-BY-4.0",
        "scientific_role": "PRESENCE_ONLY_NO_ABSENCE"
      }
    },
    {
      "type": "Feature",
      "geometry": {
        "type": "Point",
        "coordinates": [
          -42.48,
          -53.43
        ]
      },
      "properties": {
        "source_id": "baso_hydrozoa_stylasteridae",
        "dataset": "Antarctic stylasteridae",
        "scientificName": "Errinopsis fenestrata",
        "occurrenceID": "7428fc83-db62-4b2f-be19-e1f76c6b3de0",
        "eventDate": "",
        "minimumDepthInMeters": 294.0,
        "maximumDepthInMeters": 294.0,
        "basisOfRecord": "HumanObservation",
        "recordedBy": "",
        "license": "CC-BY-4.0",
        "scientific_role": "PRESENCE_ONLY_NO_ABSENCE"
      }
    },
    {
      "type": "Feature",
      "geometry": {
        "type": "Point",
        "coordinates": [
          -35.92,
          -55.12
        ]
      },
      "properties": {
        "source_id": "baso_hydrozoa_stylasteridae",
        "dataset": "Antarctic stylasteridae",
        "scientificName": "Errinopsis fenestrata",
        "occurrenceID": "091e9304-8073-4cfc-be15-41f5bcf563ff",
        "eventDate": "",
        "minimumDepthInMeters": 152.0,
        "maximumDepthInMeters": 152.0,
        "basisOfRecord": "HumanObservation",
        "recordedBy": "",
        "license": "CC-BY-4.0",
        "scientific_role": "PRESENCE_ONLY_NO_ABSENCE"
      }
    },
    {
      "type": "Feature",
      "geometry": {
        "type": "Point",
        "coordinates": [
          -64.88,
          -54.98
        ]
      },
      "properties": {
        "source_id": "baso_hydrozoa_stylasteridae",
        "dataset": "Antarctic stylasteridae",
        "scientificName": "Errinopsis reticulum",
        "occurrenceID": "ceeb6163-ae89-4840-a2c0-65f5a26cc941",
        "eventDate": "",
        "minimumDepthInMeters": 586.0,
        "maximumDepthInMeters": 586.0,
        "basisOfRecord": "HumanObservation",
        "recordedBy": "",
        "license": "CC-BY-4.0",
        "scientific_role": "PRESENCE_ONLY_NO_ABSENCE"
      }
    },
    {
      "type": "Feature",
      "geometry": {
        "type": "Point",
        "coordinates": [
          -63.58,
          -54.07
        ]
      },
      "properties": {
        "source_id": "baso_hydrozoa_stylasteridae",
        "dataset": "Antarctic stylasteridae",
        "scientificName": "Errinopsis reticulum",
        "occurrenceID": "86d703a1-5419-4d9d-8406-103781850d10",
        "eventDate": "",
        "minimumDepthInMeters": 247.0,
        "maximumDepthInMeters": 247.0,
        "basisOfRecord": "HumanObservation",
        "recordedBy": "",
        "license": "CC-BY-4.0",
        "scientific_role": "PRESENCE_ONLY_NO_ABSENCE"
      }
    },
    {
      "type": "Feature",
      "geometry": {
        "type": "Point",
        "coordinates": [
          -64.88,
          -54.98
        ]
      },
      "properties": {
        "source_id": "baso_hydrozoa_stylasteridae",
        "dataset": "Antarctic stylasteridae",
        "scientificName": "Errinopsis reticulum",
        "occurrenceID": "db2a77c7-b142-47ef-928b-58a7ca26b30b",
        "eventDate": "",
        "minimumDepthInMeters": 586.0,
        "maximumDepthInMeters": 586.0,
        "basisOfRecord": "HumanObservation",
        "recordedBy": "",
        "license": "CC-BY-4.0",
        "scientific_role": "PRESENCE_ONLY_NO_ABSENCE"
      }
    },
    {
      "type": "Feature",
      "geometry": {
        "type": "Point",
        "coordinates": [
          -63.8333,
          -54.8333
        ]
      },
      "properties": {
        "source_id": "baso_hydrozoa_stylasteridae",
        "dataset": "Antarctic stylasteridae",
        "scientificName": "Errinopsis reticulum",
        "occurrenceID": "48e1efe8-6e8a-42bc-8dc2-178b00a728e1",
        "eventDate": "",
        "minimumDepthInMeters": 342.0,
        "maximumDepthInMeters": 342.0,
        "basisOfRecord": "HumanObservation",
        "recordedBy": "",
        "license": "CC-BY-4.0",
        "scientific_role": "PRESENCE_ONLY_NO_ABSENCE"
      }
    },
    {
      "type": "Feature",
      "geometry": {
        "type": "Point",
        "coordinates": [
          -64.34,
          -54.9167
        ]
      },
      "properties": {
        "source_id": "baso_hydrozoa_stylasteridae",
        "dataset": "Antarctic stylasteridae",
        "scientificName": "Errinopsis reticulum",
        "occurrenceID": "1b3c3d78-9659-4a7e-9629-a590471b40c4",
        "eventDate": "",
        "minimumDepthInMeters": 283.0,
        "maximumDepthInMeters": 283.0,
        "basisOfRecord": "HumanObservation",
        "recordedBy": "",
        "license": "CC-BY-4.0",
        "scientific_role": "PRESENCE_ONLY_NO_ABSENCE"
      }
    },
    {
      "type": "Feature",
      "geometry": {
        "type": "Point",
        "coordinates": [
          -64.325,
          -54.915
        ]
      },
      "properties": {
        "source_id": "baso_hydrozoa_stylasteridae",
        "dataset": "Antarctic stylasteridae",
        "scientificName": "Errinopsis reticulum",
        "occurrenceID": "2333117a-52fe-4234-8a29-c16735d7fee5",
        "eventDate": "",
        "minimumDepthInMeters": 263.0,
        "maximumDepthInMeters": 263.0,
        "basisOfRecord": "HumanObservation",
        "recordedBy": "",
        "license": "CC-BY-4.0",
        "scientific_role": "PRESENCE_ONLY_NO_ABSENCE"
      }
    },
    {
      "type": "Feature",
      "geometry": {
        "type": "Point",
        "coordinates": [
          -64.0,
          -54.9167
        ]
      },
      "properties": {
        "source_id": "baso_hydrozoa_stylasteridae",
        "dataset": "Antarctic stylasteridae",
        "scientificName": "Errinopsis reticulum",
        "occurrenceID": "2ecd6ecc-5655-4640-a357-c52ccef9cd5f",
        "eventDate": "",
        "minimumDepthInMeters": 771.0,
        "maximumDepthInMeters": 771.0,
        "basisOfRecord": "HumanObservation",
        "recordedBy": "",
        "license": "CC-BY-4.0",
        "scientific_role": "PRESENCE_ONLY_NO_ABSENCE"
      }
    },
    {
      "type": "Feature",
      "geometry": {
        "type": "Point",
        "coordinates": [
          -64.8333,
          -54.9983
        ]
      },
      "properties": {
        "source_id": "baso_hydrozoa_stylasteridae",
        "dataset": "Antarctic stylasteridae",
        "scientificName": "Errinopsis reticulum",
        "occurrenceID": "8c78cde4-cb01-4a7f-8607-debb5e6c23d5",
        "eventDate": "",
        "minimumDepthInMeters": 438.0,
        "maximumDepthInMeters": 438.0,
        "basisOfRecord": "HumanObservation",
        "recordedBy": "",
        "license": "CC-BY-4.0",
        "scientific_role": "PRESENCE_ONLY_NO_ABSENCE"
      }
    },
    {
      "type": "Feature",
      "geometry": {
        "type": "Point",
        "coordinates": [
          -64.0667,
          -54.7817
        ]
      },
      "properties": {
        "source_id": "baso_hydrozoa_stylasteridae",
        "dataset": "Antarctic stylasteridae",
        "scientificName": "Errinopsis reticulum",
        "occurrenceID": "8f12e151-8fef-479d-a92e-cdbc934d1c77",
        "eventDate": "",
        "minimumDepthInMeters": null,
        "maximumDepthInMeters": null,
        "basisOfRecord": "HumanObservation",
        "recordedBy": "",
        "license": "CC-BY-4.0",
        "scientific_role": "PRESENCE_ONLY_NO_ABSENCE"
      }
    },
    {
      "type": "Feature",
      "geometry": {
        "type": "Point",
        "coordinates": [
          -54.4,
          -62.2
        ]
      },
      "properties": {
        "source_id": "baso_hydrozoa_stylasteridae",
        "dataset": "Antarctic stylasteridae",
        "scientificName": "Inferiolabiata labiata",
        "occurrenceID": "1e475f89-ea46-454f-a613-1be7472d95cc",
        "eventDate": "",
        "minimumDepthInMeters": 403.0,
        "maximumDepthInMeters": 403.0,
        "basisOfRecord": "HumanObservation",
        "recordedBy": "",
        "license": "CC-BY-4.0",
        "scientific_role": "PRESENCE_ONLY_NO_ABSENCE"
      }
    },
    {
      "type": "Feature",
      "geometry": {
        "type": "Point",
        "coordinates": [
          178.88,
          -49.67
        ]
      },
      "properties": {
        "source_id": "baso_hydrozoa_stylasteridae",
        "dataset": "Antarctic stylasteridae",
        "scientificName": "Inferiolabiata labiata",
        "occurrenceID": "c0374557-d11a-403b-bfe7-99a609e5fae4",
        "eventDate": "",
        "minimumDepthInMeters": 476.0,
        "maximumDepthInMeters": 476.0,
        "basisOfRecord": "HumanObservation",
        "recordedBy": "",
        "license": "CC-BY-4.0",
        "scientific_role": "PRESENCE_ONLY_NO_ABSENCE"
      }
    },
    {
      "type": "Feature",
      "geometry": {
        "type": "Point",
        "coordinates": [
          -40.73,
          -60.58
        ]
      },
      "properties": {
        "source_id": "baso_hydrozoa_stylasteridae",
        "dataset": "Antarctic stylasteridae",
        "scientificName": "Inferiolabiata labiata",
        "occurrenceID": "ed4df74f-3341-4db9-9367-81ae29868265",
        "eventDate": "",
        "minimumDepthInMeters": 631.0,
        "maximumDepthInMeters": 631.0,
        "basisOfRecord": "HumanObservation",
        "recordedBy": "",
        "license": "CC-BY-4.0",
        "scientific_role": "PRESENCE_ONLY_NO_ABSENCE"
      }
    },
    {
      "type": "Feature",
      "geometry": {
        "type": "Point",
        "coordinates": [
          -53.17,
          -63.97
        ]
      },
      "properties": {
        "source_id": "baso_hydrozoa_stylasteridae",
        "dataset": "Antarctic stylasteridae",
        "scientificName": "Inferiolabiata labiata",
        "occurrenceID": "96f0a303-f8d4-42ea-8b3a-e40407184c3b",
        "eventDate": "",
        "minimumDepthInMeters": 549.0,
        "maximumDepthInMeters": 549.0,
        "basisOfRecord": "HumanObservation",
        "recordedBy": "",
        "license": "CC-BY-4.0",
        "scientific_role": "PRESENCE_ONLY_NO_ABSENCE"
      }
    },
    {
      "type": "Feature",
      "geometry": {
        "type": "Point",
        "coordinates": [
          -36.85,
          -53.6
        ]
      },
      "properties": {
        "source_id": "baso_hydrozoa_stylasteridae",
        "dataset": "Antarctic stylasteridae",
        "scientificName": "Inferiolabiata labiata",
        "occurrenceID": "7aa26067-661c-4b91-9bad-5fa1e805fc2d",
        "eventDate": "",
        "minimumDepthInMeters": 220.0,
        "maximumDepthInMeters": 220.0,
        "basisOfRecord": "HumanObservation",
        "recordedBy": "",
        "license": "CC-BY-4.0",
        "scientific_role": "PRESENCE_ONLY_NO_ABSENCE"
      }
    },
    {
      "type": "Feature",
      "geometry": {
        "type": "Point",
        "coordinates": [
          -38.63,
          -54.68
        ]
      },
      "properties": {
        "source_id": "baso_hydrozoa_stylasteridae",
        "dataset": "Antarctic stylasteridae",
        "scientificName": "Inferiolabiata labiata",
        "occurrenceID": "86998819-2e47-4a81-900e-7084895abb61",
        "eventDate": "",
        "minimumDepthInMeters": 220.0,
        "maximumDepthInMeters": 220.0,
        "basisOfRecord": "HumanObservation",
        "recordedBy": "",
        "license": "CC-BY-4.0",
        "scientific_role": "PRESENCE_ONLY_NO_ABSENCE"
      }
    },
    {
      "type": "Feature",
      "geometry": {
        "type": "Point",
        "coordinates": [
          -53.5,
          -60.78
        ]
      },
      "properties": {
        "source_id": "baso_hydrozoa_stylasteridae",
        "dataset": "Antarctic stylasteridae",
        "scientificName": "Inferiolabiata labiata",
        "occurrenceID": "3ba42e12-8a9f-4e9c-b43d-78c725209a90",
        "eventDate": "",
        "minimumDepthInMeters": 641.0,
        "maximumDepthInMeters": 641.0,
        "basisOfRecord": "HumanObservation",
        "recordedBy": "",
        "license": "CC-BY-4.0",
        "scientific_role": "PRESENCE_ONLY_NO_ABSENCE"
      }
    },
    {
      "type": "Feature",
      "geometry": {
        "type": "Point",
        "coordinates": [
          -54.18,
          -50.3
        ]
      },
      "properties": {
        "source_id": "baso_hydrozoa_stylasteridae",
        "dataset": "Antarctic stylasteridae",
        "scientificName": "Inferiolabiata labiata",
        "occurrenceID": "a73caac6-6b82-4e74-90dc-4fb1603478e1",
        "eventDate": "",
        "minimumDepthInMeters": 1498.0,
        "maximumDepthInMeters": 1498.0,
        "basisOfRecord": "HumanObservation",
        "recordedBy": "",
        "license": "CC-BY-4.0",
        "scientific_role": "PRESENCE_ONLY_NO_ABSENCE"
      }
    },
    {
      "type": "Feature",
      "geometry": {
        "type": "Point",
        "coordinates": [
          -164.77,
          -76.07
        ]
      },
      "properties": {
        "source_id": "baso_hydrozoa_stylasteridae",
        "dataset": "Antarctic stylasteridae",
        "scientificName": "Inferiolabiata labiata",
        "occurrenceID": "2275598b-45fe-4070-b20d-98d98e9edbf8",
        "eventDate": "",
        "minimumDepthInMeters": 513.0,
        "maximumDepthInMeters": 513.0,
        "basisOfRecord": "HumanObservation",
        "recordedBy": "",
        "license": "CC-BY-4.0",
        "scientific_role": "PRESENCE_ONLY_NO_ABSENCE"
      }
    },
    {
      "type": "Feature",
      "geometry": {
        "type": "Point",
        "coordinates": [
          172.13,
          -72.05
        ]
      },
      "properties": {
        "source_id": "baso_hydrozoa_stylasteridae",
        "dataset": "Antarctic stylasteridae",
        "scientificName": "Inferiolabiata labiata",
        "occurrenceID": "2f920cb4-094f-48c1-8454-71b14f6fc35c",
        "eventDate": "",
        "minimumDepthInMeters": 344.0,
        "maximumDepthInMeters": 344.0,
        "basisOfRecord": "HumanObservation",
        "recordedBy": "",
        "license": "CC-BY-4.0",
        "scientific_role": "PRESENCE_ONLY_NO_ABSENCE"
      }
    },
    {
      "type": "Feature",
      "geometry": {
        "type": "Point",
        "coordinates": [
          172.13,
          -72.08
        ]
      },
      "properties": {
        "source_id": "baso_hydrozoa_stylasteridae",
        "dataset": "Antarctic stylasteridae",
        "scientificName": "Inferiolabiata labiata",
        "occurrenceID": "6175b5ed-9a20-44d8-8576-8abe994064b9",
        "eventDate": "",
        "minimumDepthInMeters": 348.0,
        "maximumDepthInMeters": 348.0,
        "basisOfRecord": "HumanObservation",
        "recordedBy": "",
        "license": "CC-BY-4.0",
        "scientific_role": "PRESENCE_ONLY_NO_ABSENCE"
      }
    },
    {
      "type": "Feature",
      "geometry": {
        "type": "Point",
        "coordinates": [
          -176.617,
          -75.058
        ]
      },
      "properties": {
        "source_id": "baso_hydrozoa_stylasteridae",
        "dataset": "Antarctic stylasteridae",
        "scientificName": "Inferiolabiata labiata",
        "occurrenceID": "497458da-43d1-4463-a856-8a8656114d5a",
        "eventDate": "",
        "minimumDepthInMeters": 801.0,
        "maximumDepthInMeters": 801.0,
        "basisOfRecord": "HumanObservation",
        "recordedBy": "",
        "license": "CC-BY-4.0",
        "scientific_role": "PRESENCE_ONLY_NO_ABSENCE"
      }
    },
    {
      "type": "Feature",
      "geometry": {
        "type": "Point",
        "coordinates": [
          -176.22,
          -75.17
        ]
      },
      "properties": {
        "source_id": "baso_hydrozoa_stylasteridae",
        "dataset": "Antarctic stylasteridae",
        "scientificName": "Inferiolabiata labiata",
        "occurrenceID": "84b9b92c-eb9c-4f8a-a277-7d67947b015f",
        "eventDate": "",
        "minimumDepthInMeters": 728.0,
        "maximumDepthInMeters": 728.0,
        "basisOfRecord": "HumanObservation",
        "recordedBy": "",
        "license": "CC-BY-4.0",
        "scientific_role": "PRESENCE_ONLY_NO_ABSENCE"
      }
    },
    {
      "type": "Feature",
      "geometry": {
        "type": "Point",
        "coordinates": [
          -168.82,
          -76.0
        ]
      },
      "properties": {
        "source_id": "baso_hydrozoa_stylasteridae",
        "dataset": "Antarctic stylasteridae",
        "scientificName": "Inferiolabiata labiata",
        "occurrenceID": "c44d3712-0378-490b-97ba-6cd31d1d6d41",
        "eventDate": "",
        "minimumDepthInMeters": 526.0,
        "maximumDepthInMeters": 526.0,
        "basisOfRecord": "HumanObservation",
        "recordedBy": "",
        "license": "CC-BY-4.0",
        "scientific_role": "PRESENCE_ONLY_NO_ABSENCE"
      }
    },
    {
      "type": "Feature",
      "geometry": {
        "type": "Point",
        "coordinates": [
          -165.07,
          -76.13
        ]
      },
      "properties": {
        "source_id": "baso_hydrozoa_stylasteridae",
        "dataset": "Antarctic stylasteridae",
        "scientificName": "Inferiolabiata labiata",
        "occurrenceID": "1ef9ca5d-ceda-484f-9b38-79d44ab8fa3a",
        "eventDate": "",
        "minimumDepthInMeters": 494.0,
        "maximumDepthInMeters": 494.0,
        "basisOfRecord": "HumanObservation",
        "recordedBy": "",
        "license": "CC-BY-4.0",
        "scientific_role": "PRESENCE_ONLY_NO_ABSENCE"
      }
    },
    {
      "type": "Feature",
      "geometry": {
        "type": "Point",
        "coordinates": [
          -173.13,
          -75.83
        ]
      },
      "properties": {
        "source_id": "baso_hydrozoa_stylasteridae",
        "dataset": "Antarctic stylasteridae",
        "scientificName": "Inferiolabiata labiata",
        "occurrenceID": "d84836e0-1304-40ef-88ea-abe04e7e5b0a",
        "eventDate": "",
        "minimumDepthInMeters": 468.0,
        "maximumDepthInMeters": 468.0,
        "basisOfRecord": "HumanObservation",
        "recordedBy": "",
        "license": "CC-BY-4.0",
        "scientific_role": "PRESENCE_ONLY_NO_ABSENCE"
      }
    },
    {
      "type": "Feature",
      "geometry": {
        "type": "Point",
        "coordinates": [
          171.55,
          -71.28
        ]
      },
      "properties": {
        "source_id": "baso_hydrozoa_stylasteridae",
        "dataset": "Antarctic stylasteridae",
        "scientificName": "Inferiolabiata labiata",
        "occurrenceID": "547a943c-1e6a-48f1-98df-b7e869311c10",
        "eventDate": "",
        "minimumDepthInMeters": 659.0,
        "maximumDepthInMeters": 659.0,
        "basisOfRecord": "HumanObservation",
        "recordedBy": "",
        "license": "CC-BY-4.0",
        "scientific_role": "PRESENCE_ONLY_NO_ABSENCE"
      }
    },
    {
      "type": "Feature",
      "geometry": {
        "type": "Point",
        "coordinates": [
          175.43,
          -72.47
        ]
      },
      "properties": {
        "source_id": "baso_hydrozoa_stylasteridae",
        "dataset": "Antarctic stylasteridae",
        "scientificName": "Inferiolabiata labiata",
        "occurrenceID": "894a2872-2340-4db6-9d3b-ba964563cea3",
        "eventDate": "",
        "minimumDepthInMeters": 548.0,
        "maximumDepthInMeters": 548.0,
        "basisOfRecord": "HumanObservation",
        "recordedBy": "",
        "license": "CC-BY-4.0",
        "scientific_role": "PRESENCE_ONLY_NO_ABSENCE"
      }
    },
    {
      "type": "Feature",
      "geometry": {
        "type": "Point",
        "coordinates": [
          172.47,
          -72.0
        ]
      },
      "properties": {
        "source_id": "baso_hydrozoa_stylasteridae",
        "dataset": "Antarctic stylasteridae",
        "scientificName": "Inferiolabiata labiata",
        "occurrenceID": "475e4f1c-0c90-4cd0-bbe9-f51dd8c4515f",
        "eventDate": "",
        "minimumDepthInMeters": 523.0,
        "maximumDepthInMeters": 523.0,
        "basisOfRecord": "HumanObservation",
        "recordedBy": "",
        "license": "CC-BY-4.0",
        "scientific_role": "PRESENCE_ONLY_NO_ABSENCE"
      }
    },
    {
      "type": "Feature",
      "geometry": {
        "type": "Point",
        "coordinates": [
          172.2533,
          -72.0967
        ]
      },
      "properties": {
        "source_id": "baso_hydrozoa_stylasteridae",
        "dataset": "Antarctic stylasteridae",
        "scientificName": "Inferiolabiata labiata",
        "occurrenceID": "828a83cf-a36d-4335-be06-a6eeedfe0168",
        "eventDate": "",
        "minimumDepthInMeters": 392.0,
        "maximumDepthInMeters": 392.0,
        "basisOfRecord": "HumanObservation",
        "recordedBy": "",
        "license": "CC-BY-4.0",
        "scientific_role": "PRESENCE_ONLY_NO_ABSENCE"
      }
    },
    {
      "type": "Feature",
      "geometry": {
        "type": "Point",
        "coordinates": [
          -168.62,
          -76.12
        ]
      },
      "properties": {
        "source_id": "baso_hydrozoa_stylasteridae",
        "dataset": "Antarctic stylasteridae",
        "scientificName": "Inferiolabiata labiata",
        "occurrenceID": "fda84c4f-3f4e-456f-8ecc-56cd8a4690e5",
        "eventDate": "",
        "minimumDepthInMeters": 514.0,
        "maximumDepthInMeters": 514.0,
        "basisOfRecord": "HumanObservation",
        "recordedBy": "",
        "license": "CC-BY-4.0",
        "scientific_role": "PRESENCE_ONLY_NO_ABSENCE"
      }
    },
    {
      "type": "Feature",
      "geometry": {
        "type": "Point",
        "coordinates": [
          -38.03,
          -53.6333
        ]
      },
      "properties": {
        "source_id": "baso_hydrozoa_stylasteridae",
        "dataset": "Antarctic stylasteridae",
        "scientificName": "Inferiolabiata labiata",
        "occurrenceID": "44abf455-b932-49a8-97cb-a33eebb6c5ee",
        "eventDate": "",
        "minimumDepthInMeters": 132.0,
        "maximumDepthInMeters": 132.0,
        "basisOfRecord": "HumanObservation",
        "recordedBy": "",
        "license": "CC-BY-4.0",
        "scientific_role": "PRESENCE_ONLY_NO_ABSENCE"
      }
    },
    {
      "type": "Feature",
      "geometry": {
        "type": "Point",
        "coordinates": [
          -38.05,
          -53.6
        ]
      },
      "properties": {
        "source_id": "baso_hydrozoa_stylasteridae",
        "dataset": "Antarctic stylasteridae",
        "scientificName": "Inferiolabiata labiata",
        "occurrenceID": "595eeddd-6c34-4544-8bfe-cf315dd25f32",
        "eventDate": "",
        "minimumDepthInMeters": 122.0,
        "maximumDepthInMeters": 122.0,
        "basisOfRecord": "HumanObservation",
        "recordedBy": "",
        "license": "CC-BY-4.0",
        "scientific_role": "PRESENCE_ONLY_NO_ABSENCE"
      }
    },
    {
      "type": "Feature",
      "geometry": {
        "type": "Point",
        "coordinates": [
          -34.8517,
          -54.6933
        ]
      },
      "properties": {
        "source_id": "baso_hydrozoa_stylasteridae",
        "dataset": "Antarctic stylasteridae",
        "scientificName": "Inferiolabiata labiata",
        "occurrenceID": "621cdd21-418a-4746-a795-e7d0f9f8ec9f",
        "eventDate": "",
        "minimumDepthInMeters": 564.0,
        "maximumDepthInMeters": 564.0,
        "basisOfRecord": "HumanObservation",
        "recordedBy": "",
        "license": "CC-BY-4.0",
        "scientific_role": "PRESENCE_ONLY_NO_ABSENCE"
      }
    },
    {
      "type": "Feature",
      "geometry": {
        "type": "Point",
        "coordinates": [
          -173.28,
          -75.92
        ]
      },
      "properties": {
        "source_id": "baso_hydrozoa_stylasteridae",
        "dataset": "Antarctic stylasteridae",
        "scientificName": "Inferiolabiata labiata",
        "occurrenceID": "9fbcddf9-0ab8-4ba2-9de4-cac35fb33245",
        "eventDate": "",
        "minimumDepthInMeters": 476.0,
        "maximumDepthInMeters": 476.0,
        "basisOfRecord": "HumanObservation",
        "recordedBy": "",
        "license": "CC-BY-4.0",
        "scientific_role": "PRESENCE_ONLY_NO_ABSENCE"
      }
    },
    {
      "type": "Feature",
      "geometry": {
        "type": "Point",
        "coordinates": [
          -56.62,
          -54.72
        ]
      },
      "properties": {
        "source_id": "baso_hydrozoa_stylasteridae",
        "dataset": "Antarctic stylasteridae",
        "scientificName": "Inferiolabiata labiata",
        "occurrenceID": "1c81745e-12b5-48d3-87a0-17cd3b0f796d",
        "eventDate": "",
        "minimumDepthInMeters": 339.0,
        "maximumDepthInMeters": 339.0,
        "basisOfRecord": "HumanObservation",
        "recordedBy": "",
        "license": "CC-BY-4.0",
        "scientific_role": "PRESENCE_ONLY_NO_ABSENCE"
      }
    },
    {
      "type": "Feature",
      "geometry": {
        "type": "Point",
        "coordinates": [
          -39.37,
          -54.48
        ]
      },
      "properties": {
        "source_id": "baso_hydrozoa_stylasteridae",
        "dataset": "Antarctic stylasteridae",
        "scientificName": "Inferiolabiata labiata",
        "occurrenceID": "d8255a20-5038-4373-a1f5-ca9a169dd44b",
        "eventDate": "",
        "minimumDepthInMeters": 659.0,
        "maximumDepthInMeters": 659.0,
        "basisOfRecord": "HumanObservation",
        "recordedBy": "",
        "license": "CC-BY-4.0",
        "scientific_role": "PRESENCE_ONLY_NO_ABSENCE"
      }
    },
    {
      "type": "Feature",
      "geometry": {
        "type": "Point",
        "coordinates": [
          177.62,
          -73.37
        ]
      },
      "properties": {
        "source_id": "baso_hydrozoa_stylasteridae",
        "dataset": "Antarctic stylasteridae",
        "scientificName": "Inferiolabiata labiata",
        "occurrenceID": "e3cd0764-ac2f-405c-9e06-c12817e13596",
        "eventDate": "",
        "minimumDepthInMeters": 465.0,
        "maximumDepthInMeters": 465.0,
        "basisOfRecord": "HumanObservation",
        "recordedBy": "",
        "license": "CC-BY-4.0",
        "scientific_role": "PRESENCE_ONLY_NO_ABSENCE"
      }
    },
    {
      "type": "Feature",
      "geometry": {
        "type": "Point",
        "coordinates": [
          173.98,
          -73.08
        ]
      },
      "properties": {
        "source_id": "baso_hydrozoa_stylasteridae",
        "dataset": "Antarctic stylasteridae",
        "scientificName": "Inferiolabiata labiata",
        "occurrenceID": "0dc69a28-d0ef-4999-8fe3-e2328c6b2b7f",
        "eventDate": "",
        "minimumDepthInMeters": 339.0,
        "maximumDepthInMeters": 339.0,
        "basisOfRecord": "HumanObservation",
        "recordedBy": "",
        "license": "CC-BY-4.0",
        "scientific_role": "PRESENCE_ONLY_NO_ABSENCE"
      }
    },
    {
      "type": "Feature",
      "geometry": {
        "type": "Point",
        "coordinates": [
          -56.517,
          -61.417
        ]
      },
      "properties": {
        "source_id": "baso_hydrozoa_stylasteridae",
        "dataset": "Antarctic stylasteridae",
        "scientificName": "Inferiolabiata labiata",
        "occurrenceID": "218b5946-7893-4836-b05d-709a9a5141b5",
        "eventDate": "",
        "minimumDepthInMeters": 300.0,
        "maximumDepthInMeters": 300.0,
        "basisOfRecord": "HumanObservation",
        "recordedBy": "",
        "license": "CC-BY-4.0",
        "scientific_role": "PRESENCE_ONLY_NO_ABSENCE"
      }
    },
    {
      "type": "Feature",
      "geometry": {
        "type": "Point",
        "coordinates": [
          -178.22,
          -73.82
        ]
      },
      "properties": {
        "source_id": "baso_hydrozoa_stylasteridae",
        "dataset": "Antarctic stylasteridae",
        "scientificName": "Inferiolabiata labiata",
        "occurrenceID": "e996143c-27fd-49d7-97d9-10cf4d8766f0",
        "eventDate": "",
        "minimumDepthInMeters": 495.0,
        "maximumDepthInMeters": 495.0,
        "basisOfRecord": "HumanObservation",
        "recordedBy": "",
        "license": "CC-BY-4.0",
        "scientific_role": "PRESENCE_ONLY_NO_ABSENCE"
      }
    },
    {
      "type": "Feature",
      "geometry": {
        "type": "Point",
        "coordinates": [
          -45.13,
          -62.1
        ]
      },
      "properties": {
        "source_id": "baso_hydrozoa_stylasteridae",
        "dataset": "Antarctic stylasteridae",
        "scientificName": "Inferiolabiata labiata",
        "occurrenceID": "338da9b9-03a2-46aa-a00e-2cace6c48475",
        "eventDate": "",
        "minimumDepthInMeters": 485.0,
        "maximumDepthInMeters": 485.0,
        "basisOfRecord": "HumanObservation",
        "recordedBy": "",
        "license": "CC-BY-4.0",
        "scientific_role": "PRESENCE_ONLY_NO_ABSENCE"
      }
    },
    {
      "type": "Feature",
      "geometry": {
        "type": "Point",
        "coordinates": [
          -179.92,
          -67.48
        ]
      },
      "properties": {
        "source_id": "baso_hydrozoa_stylasteridae",
        "dataset": "Antarctic stylasteridae",
        "scientificName": "Inferiolabiata labiata",
        "occurrenceID": "f7b4864a-cf91-4c98-ba47-f540af445e3c",
        "eventDate": "",
        "minimumDepthInMeters": 1080.0,
        "maximumDepthInMeters": 1080.0,
        "basisOfRecord": "HumanObservation",
        "recordedBy": "",
        "license": "CC-BY-4.0",
        "scientific_role": "PRESENCE_ONLY_NO_ABSENCE"
      }
    },
    {
      "type": "Feature",
      "geometry": {
        "type": "Point",
        "coordinates": [
          178.88,
          -49.67
        ]
      },
      "properties": {
        "source_id": "baso_hydrozoa_stylasteridae",
        "dataset": "Antarctic stylasteridae",
        "scientificName": "Inferiolabiata labiata",
        "occurrenceID": "8c887ede-f11a-44f8-8029-d2bbd8d7b33f",
        "eventDate": "",
        "minimumDepthInMeters": 476.0,
        "maximumDepthInMeters": 476.0,
        "basisOfRecord": "HumanObservation",
        "recordedBy": "",
        "license": "CC-BY-4.0",
        "scientific_role": "PRESENCE_ONLY_NO_ABSENCE"
      }
    },
    {
      "type": "Feature",
      "geometry": {
        "type": "Point",
        "coordinates": [
          176.9,
          -73.03
        ]
      },
      "properties": {
        "source_id": "baso_hydrozoa_stylasteridae",
        "dataset": "Antarctic stylasteridae",
        "scientificName": "Inferiolabiata labiata",
        "occurrenceID": "fbaa5496-590f-44c9-8d3e-3ed6b1c184c3",
        "eventDate": "",
        "minimumDepthInMeters": 864.0,
        "maximumDepthInMeters": 864.0,
        "basisOfRecord": "HumanObservation",
        "recordedBy": "",
        "license": "CC-BY-4.0",
        "scientific_role": "PRESENCE_ONLY_NO_ABSENCE"
      }
    },
    {
      "type": "Feature",
      "geometry": {
        "type": "Point",
        "coordinates": [
          -175.97,
          -75.15
        ]
      },
      "properties": {
        "source_id": "baso_hydrozoa_stylasteridae",
        "dataset": "Antarctic stylasteridae",
        "scientificName": "Inferiolabiata labiata",
        "occurrenceID": "974ce943-2ef6-4a14-b409-521145ae4d8d",
        "eventDate": "",
        "minimumDepthInMeters": 1382.0,
        "maximumDepthInMeters": 1382.0,
        "basisOfRecord": "HumanObservation",
        "recordedBy": "",
        "license": "CC-BY-4.0",
        "scientific_role": "PRESENCE_ONLY_NO_ABSENCE"
      }
    },
    {
      "type": "Feature",
      "geometry": {
        "type": "Point",
        "coordinates": [
          171.58,
          -72.95
        ]
      },
      "properties": {
        "source_id": "baso_hydrozoa_stylasteridae",
        "dataset": "Antarctic stylasteridae",
        "scientificName": "Inferiolabiata labiata",
        "occurrenceID": "a6551b96-339c-4ff0-87e8-7cead5c75166",
        "eventDate": "",
        "minimumDepthInMeters": 573.0,
        "maximumDepthInMeters": 573.0,
        "basisOfRecord": "HumanObservation",
        "recordedBy": "",
        "license": "CC-BY-4.0",
        "scientific_role": "PRESENCE_ONLY_NO_ABSENCE"
      }
    },
    {
      "type": "Feature",
      "geometry": {
        "type": "Point",
        "coordinates": [
          171.43,
          -72.53
        ]
      },
      "properties": {
        "source_id": "baso_hydrozoa_stylasteridae",
        "dataset": "Antarctic stylasteridae",
        "scientificName": "Inferiolabiata labiata",
        "occurrenceID": "96ab270a-03cd-406a-a59e-9e6d24d73dc2",
        "eventDate": "",
        "minimumDepthInMeters": 329.0,
        "maximumDepthInMeters": 329.0,
        "basisOfRecord": "HumanObservation",
        "recordedBy": "",
        "license": "CC-BY-4.0",
        "scientific_role": "PRESENCE_ONLY_NO_ABSENCE"
      }
    },
    {
      "type": "Feature",
      "geometry": {
        "type": "Point",
        "coordinates": [
          -178.25,
          -73.85
        ]
      },
      "properties": {
        "source_id": "baso_hydrozoa_stylasteridae",
        "dataset": "Antarctic stylasteridae",
        "scientificName": "Inferiolabiata labiata",
        "occurrenceID": "3edd15c4-6add-46a1-bca8-e2880b1b9e20",
        "eventDate": "",
        "minimumDepthInMeters": 485.0,
        "maximumDepthInMeters": 485.0,
        "basisOfRecord": "HumanObservation",
        "recordedBy": "",
        "license": "CC-BY-4.0",
        "scientific_role": "PRESENCE_ONLY_NO_ABSENCE"
      }
    },
    {
      "type": "Feature",
      "geometry": {
        "type": "Point",
        "coordinates": [
          -178.93,
          -73.93
        ]
      },
      "properties": {
        "source_id": "baso_hydrozoa_stylasteridae",
        "dataset": "Antarctic stylasteridae",
        "scientificName": "Inferiolabiata labiata",
        "occurrenceID": "f849c439-b8d0-46c5-9de2-88451784bb63",
        "eventDate": "",
        "minimumDepthInMeters": 399.0,
        "maximumDepthInMeters": 399.0,
        "basisOfRecord": "HumanObservation",
        "recordedBy": "",
        "license": "CC-BY-4.0",
        "scientific_role": "PRESENCE_ONLY_NO_ABSENCE"
      }
    },
    {
      "type": "Feature",
      "geometry": {
        "type": "Point",
        "coordinates": [
          -34.68,
          -59.95
        ]
      },
      "properties": {
        "source_id": "baso_hydrozoa_stylasteridae",
        "dataset": "Antarctic stylasteridae",
        "scientificName": "Inferiolabiata labiata",
        "occurrenceID": "246bff17-44ee-4989-8802-b32d2de2442f",
        "eventDate": "",
        "minimumDepthInMeters": 1098.0,
        "maximumDepthInMeters": 1098.0,
        "basisOfRecord": "HumanObservation",
        "recordedBy": "",
        "license": "CC-BY-4.0",
        "scientific_role": "PRESENCE_ONLY_NO_ABSENCE"
      }
    },
    {
      "type": "Feature",
      "geometry": {
        "type": "Point",
        "coordinates": [
          171.37,
          -72.17
        ]
      },
      "properties": {
        "source_id": "baso_hydrozoa_stylasteridae",
        "dataset": "Antarctic stylasteridae",
        "scientificName": "Inferiolabiata labiata",
        "occurrenceID": "7bd41fb7-9cc8-4d72-9d54-642889d4cdfd",
        "eventDate": "",
        "minimumDepthInMeters": 448.0,
        "maximumDepthInMeters": 448.0,
        "basisOfRecord": "HumanObservation",
        "recordedBy": "",
        "license": "CC-BY-4.0",
        "scientific_role": "PRESENCE_ONLY_NO_ABSENCE"
      }
    },
    {
      "type": "Feature",
      "geometry": {
        "type": "Point",
        "coordinates": [
          -140.32,
          -53.93
        ]
      },
      "properties": {
        "source_id": "baso_hydrozoa_stylasteridae",
        "dataset": "Antarctic stylasteridae",
        "scientificName": "Inferiolabiata labiata",
        "occurrenceID": "0ef5ff6b-94fd-40b7-8a7e-82bbdb3090f3",
        "eventDate": "",
        "minimumDepthInMeters": 362.0,
        "maximumDepthInMeters": 362.0,
        "basisOfRecord": "HumanObservation",
        "recordedBy": "",
        "license": "CC-BY-4.0",
        "scientific_role": "PRESENCE_ONLY_NO_ABSENCE"
      }
    },
    {
      "type": "Feature",
      "geometry": {
        "type": "Point",
        "coordinates": [
          -38.08,
          -54.92
        ]
      },
      "properties": {
        "source_id": "baso_hydrozoa_stylasteridae",
        "dataset": "Antarctic stylasteridae",
        "scientificName": "Inferiolabiata labiata",
        "occurrenceID": "da93926c-6f36-4c33-9c57-d160baa60f33",
        "eventDate": "",
        "minimumDepthInMeters": 595.0,
        "maximumDepthInMeters": 595.0,
        "basisOfRecord": "HumanObservation",
        "recordedBy": "",
        "license": "CC-BY-4.0",
        "scientific_role": "PRESENCE_ONLY_NO_ABSENCE"
      }
    },
    {
      "type": "Feature",
      "geometry": {
        "type": "Point",
        "coordinates": [
          -180.0,
          -73.08
        ]
      },
      "properties": {
        "source_id": "baso_hydrozoa_stylasteridae",
        "dataset": "Antarctic stylasteridae",
        "scientificName": "Inferiolabiata labiata",
        "occurrenceID": "194b5f42-576d-4f24-827b-4346f708a165",
        "eventDate": "",
        "minimumDepthInMeters": 567.0,
        "maximumDepthInMeters": 567.0,
        "basisOfRecord": "HumanObservation",
        "recordedBy": "",
        "license": "CC-BY-4.0",
        "scientific_role": "PRESENCE_ONLY_NO_ABSENCE"
      }
    },
    {
      "type": "Feature",
      "geometry": {
        "type": "Point",
        "coordinates": [
          -34.3617,
          -54.78
        ]
      },
      "properties": {
        "source_id": "baso_hydrozoa_stylasteridae",
        "dataset": "Antarctic stylasteridae",
        "scientificName": "Inferiolabiata labiata",
        "occurrenceID": "826547c0-7218-45d5-b296-15ef4803f063",
        "eventDate": "",
        "minimumDepthInMeters": 960.0,
        "maximumDepthInMeters": 960.0,
        "basisOfRecord": "HumanObservation",
        "recordedBy": "",
        "license": "CC-BY-4.0",
        "scientific_role": "PRESENCE_ONLY_NO_ABSENCE"
      }
    },
    {
      "type": "Feature",
      "geometry": {
        "type": "Point",
        "coordinates": [
          -37.9117,
          -53.6367
        ]
      },
      "properties": {
        "source_id": "baso_hydrozoa_stylasteridae",
        "dataset": "Antarctic stylasteridae",
        "scientificName": "Inferiolabiata labiata",
        "occurrenceID": "c50587b7-0764-45e6-b935-61428f67cda0",
        "eventDate": "",
        "minimumDepthInMeters": 130.0,
        "maximumDepthInMeters": 130.0,
        "basisOfRecord": "HumanObservation",
        "recordedBy": "",
        "license": "CC-BY-4.0",
        "scientific_role": "PRESENCE_ONLY_NO_ABSENCE"
      }
    },
    {
      "type": "Feature",
      "geometry": {
        "type": "Point",
        "coordinates": [
          172.17,
          -72.13
        ]
      },
      "properties": {
        "source_id": "baso_hydrozoa_stylasteridae",
        "dataset": "Antarctic stylasteridae",
        "scientificName": "Inferiolabiata labiata",
        "occurrenceID": "8f633da3-cb16-4dfb-baa9-934a3cf5da1a",
        "eventDate": "",
        "minimumDepthInMeters": 433.0,
        "maximumDepthInMeters": 433.0,
        "basisOfRecord": "HumanObservation",
        "recordedBy": "",
        "license": "CC-BY-4.0",
        "scientific_role": "PRESENCE_ONLY_NO_ABSENCE"
      }
    },
    {
      "type": "Feature",
      "geometry": {
        "type": "Point",
        "coordinates": [
          -51.83,
          -71.83
        ]
      },
      "properties": {
        "source_id": "baso_hydrozoa_stylasteridae",
        "dataset": "Antarctic stylasteridae",
        "scientificName": "Inferiolabiata labiata",
        "occurrenceID": "5b10785a-3c7a-4f08-bde9-4de943d16e53",
        "eventDate": "",
        "minimumDepthInMeters": null,
        "maximumDepthInMeters": null,
        "basisOfRecord": "HumanObservation",
        "recordedBy": "",
        "license": "CC-BY-4.0",
        "scientific_role": "PRESENCE_ONLY_NO_ABSENCE"
      }
    },
    {
      "type": "Feature",
      "geometry": {
        "type": "Point",
        "coordinates": [
          110.4778,
          -66.2567
        ]
      },
      "properties": {
        "source_id": "baso_hydrozoa_stylasteridae",
        "dataset": "Antarctic stylasteridae",
        "scientificName": "Inferiolabiata labiata",
        "occurrenceID": "b5100ce8-e46e-41fb-80aa-4f6116bceeef",
        "eventDate": "",
        "minimumDepthInMeters": 46.0,
        "maximumDepthInMeters": 46.0,
        "basisOfRecord": "HumanObservation",
        "recordedBy": "",
        "license": "CC-BY-4.0",
        "scientific_role": "PRESENCE_ONLY_NO_ABSENCE"
      }
    },
    {
      "type": "Feature",
      "geometry": {
        "type": "Point",
        "coordinates": [
          -170.2017,
          -76.1167
        ]
      },
      "properties": {
        "source_id": "baso_hydrozoa_stylasteridae",
        "dataset": "Antarctic stylasteridae",
        "scientificName": "Inferiolabiata labiata",
        "occurrenceID": "d0730895-ce95-438d-aa18-5cc891b772a0",
        "eventDate": "",
        "minimumDepthInMeters": 71.0,
        "maximumDepthInMeters": 71.0,
        "basisOfRecord": "HumanObservation",
        "recordedBy": "",
        "license": "CC-BY-4.0",
        "scientific_role": "PRESENCE_ONLY_NO_ABSENCE"
      }
    },
    {
      "type": "Feature",
      "geometry": {
        "type": "Point",
        "coordinates": [
          -55.9,
          -53.95
        ]
      },
      "properties": {
        "source_id": "baso_hydrozoa_stylasteridae",
        "dataset": "Antarctic stylasteridae",
        "scientificName": "Inferiolabiata labiata",
        "occurrenceID": "350f5522-22dc-40cd-9e18-44b0dc404306",
        "eventDate": "",
        "minimumDepthInMeters": 1879.0,
        "maximumDepthInMeters": 1879.0,
        "basisOfRecord": "HumanObservation",
        "recordedBy": "",
        "license": "CC-BY-4.0",
        "scientific_role": "PRESENCE_ONLY_NO_ABSENCE"
      }
    },
    {
      "type": "Feature",
      "geometry": {
        "type": "Point",
        "coordinates": [
          178.58,
          -49.85
        ]
      },
      "properties": {
        "source_id": "baso_hydrozoa_stylasteridae",
        "dataset": "Antarctic stylasteridae",
        "scientificName": "Inferiolabiata labiata",
        "occurrenceID": "a7750cc1-c173-451b-be6f-a9b2191de35d",
        "eventDate": "",
        "minimumDepthInMeters": 2010.0,
        "maximumDepthInMeters": 2010.0,
        "basisOfRecord": "HumanObservation",
        "recordedBy": "",
        "license": "CC-BY-4.0",
        "scientific_role": "PRESENCE_ONLY_NO_ABSENCE"
      }
    },
    {
      "type": "Feature",
      "geometry": {
        "type": "Point",
        "coordinates": [
          -37.5867,
          -53.5967
        ]
      },
      "properties": {
        "source_id": "baso_hydrozoa_stylasteridae",
        "dataset": "Antarctic stylasteridae",
        "scientificName": "Inferiolabiata labiata",
        "occurrenceID": "f9b5eaf9-9856-44c7-9dce-9eb463ed5891",
        "eventDate": "",
        "minimumDepthInMeters": 254.0,
        "maximumDepthInMeters": 254.0,
        "basisOfRecord": "HumanObservation",
        "recordedBy": "",
        "license": "CC-BY-4.0",
        "scientific_role": "PRESENCE_ONLY_NO_ABSENCE"
      }
    },
    {
      "type": "Feature",
      "geometry": {
        "type": "Point",
        "coordinates": [
          -66.32,
          -56.1
        ]
      },
      "properties": {
        "source_id": "baso_hydrozoa_stylasteridae",
        "dataset": "Antarctic stylasteridae",
        "scientificName": "Inferiolabiata labiata",
        "occurrenceID": "a2ea6562-131b-44e3-a0da-46f49dd0b6d9",
        "eventDate": "",
        "minimumDepthInMeters": 384.0,
        "maximumDepthInMeters": 384.0,
        "basisOfRecord": "HumanObservation",
        "recordedBy": "",
        "license": "CC-BY-4.0",
        "scientific_role": "PRESENCE_ONLY_NO_ABSENCE"
      }
    },
    {
      "type": "Feature",
      "geometry": {
        "type": "Point",
        "coordinates": [
          -142.17,
          -52.17
        ]
      },
      "properties": {
        "source_id": "baso_hydrozoa_stylasteridae",
        "dataset": "Antarctic stylasteridae",
        "scientificName": "Inferiolabiata labiata",
        "occurrenceID": "c19b6db2-8bd9-4c51-b1d3-9bb77e22dd7c",
        "eventDate": "",
        "minimumDepthInMeters": 2305.0,
        "maximumDepthInMeters": 2305.0,
        "basisOfRecord": "HumanObservation",
        "recordedBy": "",
        "license": "CC-BY-4.0",
        "scientific_role": "PRESENCE_ONLY_NO_ABSENCE"
      }
    },
    {
      "type": "Feature",
      "geometry": {
        "type": "Point",
        "coordinates": [
          -68.87,
          -59.82
        ]
      },
      "properties": {
        "source_id": "baso_hydrozoa_stylasteridae",
        "dataset": "Antarctic stylasteridae",
        "scientificName": "Inferiolabiata lowei",
        "occurrenceID": "a3fe7652-6de2-4501-bbe3-b3a5f9bbbed7",
        "eventDate": "",
        "minimumDepthInMeters": 512.0,
        "maximumDepthInMeters": 512.0,
        "basisOfRecord": "HumanObservation",
        "recordedBy": "",
        "license": "CC-BY-4.0",
        "scientific_role": "PRESENCE_ONLY_NO_ABSENCE"
      }
    },
    {
      "type": "Feature",
      "geometry": {
        "type": "Point",
        "coordinates": [
          -68.87,
          -59.82
        ]
      },
      "properties": {
        "source_id": "baso_hydrozoa_stylasteridae",
        "dataset": "Antarctic stylasteridae",
        "scientificName": "Inferiolabiata lowei",
        "occurrenceID": "b3197787-ed9b-45a0-9784-2d58c1f1e9b9",
        "eventDate": "",
        "minimumDepthInMeters": 512.0,
        "maximumDepthInMeters": 512.0,
        "basisOfRecord": "HumanObservation",
        "recordedBy": "",
        "license": "CC-BY-4.0",
        "scientific_role": "PRESENCE_ONLY_NO_ABSENCE"
      }
    },
    {
      "type": "Feature",
      "geometry": {
        "type": "Point",
        "coordinates": [
          -38.02,
          -54.82
        ]
      },
      "properties": {
        "source_id": "baso_hydrozoa_stylasteridae",
        "dataset": "Antarctic stylasteridae",
        "scientificName": "Inferiolabiata lowei",
        "occurrenceID": "9f6c0485-707d-4192-9a2a-8c6b2345e733",
        "eventDate": "",
        "minimumDepthInMeters": 732.0,
        "maximumDepthInMeters": 732.0,
        "basisOfRecord": "HumanObservation",
        "recordedBy": "",
        "license": "CC-BY-4.0",
        "scientific_role": "PRESENCE_ONLY_NO_ABSENCE"
      }
    },
    {
      "type": "Feature",
      "geometry": {
        "type": "Point",
        "coordinates": [
          -66.32,
          -56.1
        ]
      },
      "properties": {
        "source_id": "baso_hydrozoa_stylasteridae",
        "dataset": "Antarctic stylasteridae",
        "scientificName": "Inferiolabiata lowei",
        "occurrenceID": "c25fbb6a-b42a-496d-b1d4-a12e41953b4b",
        "eventDate": "",
        "minimumDepthInMeters": 384.0,
        "maximumDepthInMeters": 384.0,
        "basisOfRecord": "HumanObservation",
        "recordedBy": "",
        "license": "CC-BY-4.0",
        "scientific_role": "PRESENCE_ONLY_NO_ABSENCE"
      }
    },
    {
      "type": "Feature",
      "geometry": {
        "type": "Point",
        "coordinates": [
          -60.4417,
          -54.8917
        ]
      },
      "properties": {
        "source_id": "baso_hydrozoa_stylasteridae",
        "dataset": "Antarctic stylasteridae",
        "scientificName": "Inferiolabiata lowei",
        "occurrenceID": "e78f58c4-350d-4dde-b347-73f42beb67fa",
        "eventDate": "",
        "minimumDepthInMeters": 426.0,
        "maximumDepthInMeters": 426.0,
        "basisOfRecord": "HumanObservation",
        "recordedBy": "",
        "license": "CC-BY-4.0",
        "scientific_role": "PRESENCE_ONLY_NO_ABSENCE"
      }
    },
    {
      "type": "Feature",
      "geometry": {
        "type": "Point",
        "coordinates": [
          -37.71,
          -55.01
        ]
      },
      "properties": {
        "source_id": "baso_hydrozoa_stylasteridae",
        "dataset": "Antarctic stylasteridae",
        "scientificName": "Inferiolabiata lowei",
        "occurrenceID": "ef64f5c0-8c5e-4752-9e60-94acbe780f7d",
        "eventDate": "",
        "minimumDepthInMeters": 494.0,
        "maximumDepthInMeters": 494.0,
        "basisOfRecord": "HumanObservation",
        "recordedBy": "",
        "license": "CC-BY-4.0",
        "scientific_role": "PRESENCE_ONLY_NO_ABSENCE"
      }
    },
    {
      "type": "Feature",
      "geometry": {
        "type": "Point",
        "coordinates": [
          -38.08,
          -54.92
        ]
      },
      "properties": {
        "source_id": "baso_hydrozoa_stylasteridae",
        "dataset": "Antarctic stylasteridae",
        "scientificName": "Inferiolabiata lowei",
        "occurrenceID": "07de7a5f-163b-46c7-9a66-03f57ed8fe53",
        "eventDate": "",
        "minimumDepthInMeters": 595.0,
        "maximumDepthInMeters": 595.0,
        "basisOfRecord": "HumanObservation",
        "recordedBy": "",
        "license": "CC-BY-4.0",
        "scientific_role": "PRESENCE_ONLY_NO_ABSENCE"
      }
    },
    {
      "type": "Feature",
      "geometry": {
        "type": "Point",
        "coordinates": [
          -39.37,
          -54.48
        ]
      },
      "properties": {
        "source_id": "baso_hydrozoa_stylasteridae",
        "dataset": "Antarctic stylasteridae",
        "scientificName": "Inferiolabiata lowei",
        "occurrenceID": "f105e3b2-a491-4d89-94fe-0ed5b485940a",
        "eventDate": "",
        "minimumDepthInMeters": 659.0,
        "maximumDepthInMeters": 659.0,
        "basisOfRecord": "HumanObservation",
        "recordedBy": "",
        "license": "CC-BY-4.0",
        "scientific_role": "PRESENCE_ONLY_NO_ABSENCE"
      }
    },
    {
      "type": "Feature",
      "geometry": {
        "type": "Point",
        "coordinates": [
          -34.3617,
          -54.78
        ]
      },
      "properties": {
        "source_id": "baso_hydrozoa_stylasteridae",
        "dataset": "Antarctic stylasteridae",
        "scientificName": "Inferiolabiata lowei",
        "occurrenceID": "aa8ee4ea-fbcc-425d-a674-9b2b818ae463",
        "eventDate": "",
        "minimumDepthInMeters": 960.0,
        "maximumDepthInMeters": 960.0,
        "basisOfRecord": "HumanObservation",
        "recordedBy": "",
        "license": "CC-BY-4.0",
        "scientific_role": "PRESENCE_ONLY_NO_ABSENCE"
      }
    },
    {
      "type": "Feature",
      "geometry": {
        "type": "Point",
        "coordinates": [
          -64.8333,
          -54.9983
        ]
      },
      "properties": {
        "source_id": "baso_hydrozoa_stylasteridae",
        "dataset": "Antarctic stylasteridae",
        "scientificName": "Inferiolabiata lowei",
        "occurrenceID": "610a6788-d5f9-471a-8590-fa8cce2c20da",
        "eventDate": "",
        "minimumDepthInMeters": 438.0,
        "maximumDepthInMeters": 438.0,
        "basisOfRecord": "HumanObservation",
        "recordedBy": "",
        "license": "CC-BY-4.0",
        "scientific_role": "PRESENCE_ONLY_NO_ABSENCE"
      }
    },
    {
      "type": "Feature",
      "geometry": {
        "type": "Point",
        "coordinates": [
          -56.62,
          -54.72
        ]
      },
      "properties": {
        "source_id": "baso_hydrozoa_stylasteridae",
        "dataset": "Antarctic stylasteridae",
        "scientificName": "Inferiolabiata lowei",
        "occurrenceID": "54157590-9462-4c29-8991-8cfdbf7fdd8e",
        "eventDate": "",
        "minimumDepthInMeters": 339.0,
        "maximumDepthInMeters": 339.0,
        "basisOfRecord": "HumanObservation",
        "recordedBy": "",
        "license": "CC-BY-4.0",
        "scientific_role": "PRESENCE_ONLY_NO_ABSENCE"
      }
    },
    {
      "type": "Feature",
      "geometry": {
        "type": "Point",
        "coordinates": [
          -35.3417,
          -55.4833
        ]
      },
      "properties": {
        "source_id": "baso_hydrozoa_stylasteridae",
        "dataset": "Antarctic stylasteridae",
        "scientificName": "Inferiolabiata lowei",
        "occurrenceID": "a1528089-92a9-4dca-a19f-19c459962378",
        "eventDate": "",
        "minimumDepthInMeters": 413.0,
        "maximumDepthInMeters": 413.0,
        "basisOfRecord": "HumanObservation",
        "recordedBy": "",
        "license": "CC-BY-4.0",
        "scientific_role": "PRESENCE_ONLY_NO_ABSENCE"
      }
    },
    {
      "type": "Feature",
      "geometry": {
        "type": "Point",
        "coordinates": [
          -39.37,
          -54.48
        ]
      },
      "properties": {
        "source_id": "baso_hydrozoa_stylasteridae",
        "dataset": "Antarctic stylasteridae",
        "scientificName": "Inferiolabiata lowei",
        "occurrenceID": "361aa589-acee-42bf-8c14-3dfd2f0bcef8",
        "eventDate": "",
        "minimumDepthInMeters": 659.0,
        "maximumDepthInMeters": 659.0,
        "basisOfRecord": "HumanObservation",
        "recordedBy": "",
        "license": "CC-BY-4.0",
        "scientific_role": "PRESENCE_ONLY_NO_ABSENCE"
      }
    },
    {
      "type": "Feature",
      "geometry": {
        "type": "Point",
        "coordinates": [
          -42.4,
          -53.52
        ]
      },
      "properties": {
        "source_id": "baso_hydrozoa_stylasteridae",
        "dataset": "Antarctic stylasteridae",
        "scientificName": "Inferiolabiata sp.",
        "occurrenceID": "017b9812-b418-4c2b-b7a4-393fe892f886",
        "eventDate": "",
        "minimumDepthInMeters": 193.0,
        "maximumDepthInMeters": 193.0,
        "basisOfRecord": "HumanObservation",
        "recordedBy": "",
        "license": "CC-BY-4.0",
        "scientific_role": "PRESENCE_ONLY_NO_ABSENCE"
      }
    },
    {
      "type": "Feature",
      "geometry": {
        "type": "Point",
        "coordinates": [
          -39.37,
          -54.48
        ]
      },
      "properties": {
        "source_id": "baso_hydrozoa_stylasteridae",
        "dataset": "Antarctic stylasteridae",
        "scientificName": "Lepidopora acrolophos",
        "occurrenceID": "a62cb916-7957-4a3e-b9d7-7196098acb64",
        "eventDate": "",
        "minimumDepthInMeters": 659.0,
        "maximumDepthInMeters": 659.0,
        "basisOfRecord": "HumanObservation",
        "recordedBy": "",
        "license": "CC-BY-4.0",
        "scientific_role": "PRESENCE_ONLY_NO_ABSENCE"
      }
    },
    {
      "type": "Feature",
      "geometry": {
        "type": "Point",
        "coordinates": [
          -39.37,
          -54.48
        ]
      },
      "properties": {
        "source_id": "baso_hydrozoa_stylasteridae",
        "dataset": "Antarctic stylasteridae",
        "scientificName": "Lepidopora acrolophos",
        "occurrenceID": "3149d476-6632-4a1f-bbd4-9b81f4ecc7a8",
        "eventDate": "",
        "minimumDepthInMeters": 659.0,
        "maximumDepthInMeters": 659.0,
        "basisOfRecord": "HumanObservation",
        "recordedBy": "",
        "license": "CC-BY-4.0",
        "scientific_role": "PRESENCE_ONLY_NO_ABSENCE"
      }
    },
    {
      "type": "Feature",
      "geometry": {
        "type": "Point",
        "coordinates": [
          -39.37,
          -54.48
        ]
      },
      "properties": {
        "source_id": "baso_hydrozoa_stylasteridae",
        "dataset": "Antarctic stylasteridae",
        "scientificName": "Lepidopora acrolophos",
        "occurrenceID": "6f38a6fd-03fd-48c4-ad40-ad50edd56b03",
        "eventDate": "",
        "minimumDepthInMeters": 659.0,
        "maximumDepthInMeters": 659.0,
        "basisOfRecord": "HumanObservation",
        "recordedBy": "",
        "license": "CC-BY-4.0",
        "scientific_role": "PRESENCE_ONLY_NO_ABSENCE"
      }
    },
    {
      "type": "Feature",
      "geometry": {
        "type": "Point",
        "coordinates": [
          -66.32,
          -56.1
        ]
      },
      "properties": {
        "source_id": "baso_hydrozoa_stylasteridae",
        "dataset": "Antarctic stylasteridae",
        "scientificName": "Lepidopora granulosa",
        "occurrenceID": "2e85a26a-26c6-4602-b0bf-6fcb1a1e449e",
        "eventDate": "",
        "minimumDepthInMeters": 384.0,
        "maximumDepthInMeters": 384.0,
        "basisOfRecord": "HumanObservation",
        "recordedBy": "",
        "license": "CC-BY-4.0",
        "scientific_role": "PRESENCE_ONLY_NO_ABSENCE"
      }
    },
    {
      "type": "Feature",
      "geometry": {
        "type": "Point",
        "coordinates": [
          -66.32,
          -56.1
        ]
      },
      "properties": {
        "source_id": "baso_hydrozoa_stylasteridae",
        "dataset": "Antarctic stylasteridae",
        "scientificName": "Lepidopora granulosa",
        "occurrenceID": "6d4d4596-88a0-4568-ac73-5b92869fc639",
        "eventDate": "",
        "minimumDepthInMeters": 384.0,
        "maximumDepthInMeters": 384.0,
        "basisOfRecord": "HumanObservation",
        "recordedBy": "",
        "license": "CC-BY-4.0",
        "scientific_role": "PRESENCE_ONLY_NO_ABSENCE"
      }
    },
    {
      "type": "Feature",
      "geometry": {
        "type": "Point",
        "coordinates": [
          -55.5,
          -54.72
        ]
      },
      "properties": {
        "source_id": "baso_hydrozoa_stylasteridae",
        "dataset": "Antarctic stylasteridae",
        "scientificName": "Lepidopora granulosa",
        "occurrenceID": "b9204e8d-8baa-4786-b4e9-6c1cd9cf3e70",
        "eventDate": "",
        "minimumDepthInMeters": 1647.0,
        "maximumDepthInMeters": 1647.0,
        "basisOfRecord": "HumanObservation",
        "recordedBy": "",
        "license": "CC-BY-4.0",
        "scientific_role": "PRESENCE_ONLY_NO_ABSENCE"
      }
    },
    {
      "type": "Feature",
      "geometry": {
        "type": "Point",
        "coordinates": [
          -52.13,
          -54.15
        ]
      },
      "properties": {
        "source_id": "baso_hydrozoa_stylasteridae",
        "dataset": "Antarctic stylasteridae",
        "scientificName": "Lepidopora granulosa",
        "occurrenceID": "8cf680c6-a701-48c6-a653-95ff57296944",
        "eventDate": "",
        "minimumDepthInMeters": 419.0,
        "maximumDepthInMeters": 419.0,
        "basisOfRecord": "HumanObservation",
        "recordedBy": "",
        "license": "CC-BY-4.0",
        "scientific_role": "PRESENCE_ONLY_NO_ABSENCE"
      }
    },
    {
      "type": "Feature",
      "geometry": {
        "type": "Point",
        "coordinates": [
          -56.62,
          -54.72
        ]
      },
      "properties": {
        "source_id": "baso_hydrozoa_stylasteridae",
        "dataset": "Antarctic stylasteridae",
        "scientificName": "Lepidopora granulosa",
        "occurrenceID": "19777a8f-6259-478e-be8b-f2c768327320",
        "eventDate": "",
        "minimumDepthInMeters": 339.0,
        "maximumDepthInMeters": 339.0,
        "basisOfRecord": "HumanObservation",
        "recordedBy": "",
        "license": "CC-BY-4.0",
        "scientific_role": "PRESENCE_ONLY_NO_ABSENCE"
      }
    },
    {
      "type": "Feature",
      "geometry": {
        "type": "Point",
        "coordinates": [
          -55.65,
          -54.7333
        ]
      },
      "properties": {
        "source_id": "baso_hydrozoa_stylasteridae",
        "dataset": "Antarctic stylasteridae",
        "scientificName": "Lepidopora granulosa",
        "occurrenceID": "39ab8fe5-98d2-4ff9-b42a-3340afb7a7d2",
        "eventDate": "",
        "minimumDepthInMeters": 1814.0,
        "maximumDepthInMeters": 1814.0,
        "basisOfRecord": "HumanObservation",
        "recordedBy": "",
        "license": "CC-BY-4.0",
        "scientific_role": "PRESENCE_ONLY_NO_ABSENCE"
      }
    },
    {
      "type": "Feature",
      "geometry": {
        "type": "Point",
        "coordinates": [
          -42.6533,
          -53.4517
        ]
      },
      "properties": {
        "source_id": "baso_hydrozoa_stylasteridae",
        "dataset": "Antarctic stylasteridae",
        "scientificName": "Lepidopora granulosa",
        "occurrenceID": "4ef42fb0-f185-47ee-962a-4057cd714b55",
        "eventDate": "",
        "minimumDepthInMeters": 371.0,
        "maximumDepthInMeters": 371.0,
        "basisOfRecord": "HumanObservation",
        "recordedBy": "",
        "license": "CC-BY-4.0",
        "scientific_role": "PRESENCE_ONLY_NO_ABSENCE"
      }
    },
    {
      "type": "Feature",
      "geometry": {
        "type": "Point",
        "coordinates": [
          -63.0667,
          -54.95
        ]
      },
      "properties": {
        "source_id": "baso_hydrozoa_stylasteridae",
        "dataset": "Antarctic stylasteridae",
        "scientificName": "Lepidopora granulosa",
        "occurrenceID": "11086479-4ae8-4112-ac39-ae3e1e3eb746",
        "eventDate": "",
        "minimumDepthInMeters": 904.0,
        "maximumDepthInMeters": 904.0,
        "basisOfRecord": "HumanObservation",
        "recordedBy": "",
        "license": "CC-BY-4.0",
        "scientific_role": "PRESENCE_ONLY_NO_ABSENCE"
      }
    },
    {
      "type": "Feature",
      "geometry": {
        "type": "Point",
        "coordinates": [
          -65.8167,
          -55.325
        ]
      },
      "properties": {
        "source_id": "baso_hydrozoa_stylasteridae",
        "dataset": "Antarctic stylasteridae",
        "scientificName": "Lepidopora granulosa",
        "occurrenceID": "f57df3cb-584e-45ae-87eb-0c9061371f56",
        "eventDate": "",
        "minimumDepthInMeters": 1274.0,
        "maximumDepthInMeters": 1274.0,
        "basisOfRecord": "HumanObservation",
        "recordedBy": "",
        "license": "CC-BY-4.0",
        "scientific_role": "PRESENCE_ONLY_NO_ABSENCE"
      }
    },
    {
      "type": "Feature",
      "geometry": {
        "type": "Point",
        "coordinates": [
          177.58,
          -64.17
        ]
      },
      "properties": {
        "source_id": "baso_hydrozoa_stylasteridae",
        "dataset": "Antarctic stylasteridae",
        "scientificName": "Lepidopora sarmentosa",
        "occurrenceID": "9a93473a-f297-47f7-a170-1893bf44fc21",
        "eventDate": "",
        "minimumDepthInMeters": 1211.0,
        "maximumDepthInMeters": 1211.0,
        "basisOfRecord": "HumanObservation",
        "recordedBy": "",
        "license": "CC-BY-4.0",
        "scientific_role": "PRESENCE_ONLY_NO_ABSENCE"
      }
    },
    {
      "type": "Feature",
      "geometry": {
        "type": "Point",
        "coordinates": [
          147.87,
          -47.35
        ]
      },
      "properties": {
        "source_id": "baso_hydrozoa_stylasteridae",
        "dataset": "Antarctic stylasteridae",
        "scientificName": "Lepidopora sarmentosa",
        "occurrenceID": "33b48375-45af-4371-8bac-3127e50053f2",
        "eventDate": "",
        "minimumDepthInMeters": 910.0,
        "maximumDepthInMeters": 910.0,
        "basisOfRecord": "HumanObservation",
        "recordedBy": "",
        "license": "CC-BY-4.0",
        "scientific_role": "PRESENCE_ONLY_NO_ABSENCE"
      }
    },
    {
      "type": "Feature",
      "geometry": {
        "type": "Point",
        "coordinates": [
          162.05,
          -51.12
        ]
      },
      "properties": {
        "source_id": "baso_hydrozoa_stylasteridae",
        "dataset": "Antarctic stylasteridae",
        "scientificName": "Lepidopora sarmentosa",
        "occurrenceID": "e5b2408d-4e61-41c2-b724-ffa34d75b69b",
        "eventDate": "",
        "minimumDepthInMeters": 1647.0,
        "maximumDepthInMeters": 1647.0,
        "basisOfRecord": "HumanObservation",
        "recordedBy": "",
        "license": "CC-BY-4.0",
        "scientific_role": "PRESENCE_ONLY_NO_ABSENCE"
      }
    },
    {
      "type": "Feature",
      "geometry": {
        "type": "Point",
        "coordinates": [
          107.48,
          -65.12
        ]
      },
      "properties": {
        "source_id": "baso_hydrozoa_stylasteridae",
        "dataset": "Antarctic stylasteridae",
        "scientificName": "Lepidopora sarmentosa",
        "occurrenceID": "3e3d8f82-e076-4ca5-a260-48a2daf405ef",
        "eventDate": "",
        "minimumDepthInMeters": 502.0,
        "maximumDepthInMeters": 502.0,
        "basisOfRecord": "HumanObservation",
        "recordedBy": "",
        "license": "CC-BY-4.0",
        "scientific_role": "PRESENCE_ONLY_NO_ABSENCE"
      }
    },
    {
      "type": "Feature",
      "geometry": {
        "type": "Point",
        "coordinates": [
          -52.13,
          -54.15
        ]
      },
      "properties": {
        "source_id": "baso_hydrozoa_stylasteridae",
        "dataset": "Antarctic stylasteridae",
        "scientificName": "Lepidopora sp.",
        "occurrenceID": "69fb20c7-d274-4000-bfef-b5a4b7897407",
        "eventDate": "",
        "minimumDepthInMeters": 419.0,
        "maximumDepthInMeters": 419.0,
        "basisOfRecord": "HumanObservation",
        "recordedBy": "",
        "license": "CC-BY-4.0",
        "scientific_role": "PRESENCE_ONLY_NO_ABSENCE"
      }
    },
    {
      "type": "Feature",
      "geometry": {
        "type": "Point",
        "coordinates": [
          -54.37,
          -51.13
        ]
      },
      "properties": {
        "source_id": "baso_hydrozoa_stylasteridae",
        "dataset": "Antarctic stylasteridae",
        "scientificName": "Lepidopora sp.",
        "occurrenceID": "30cac497-3342-4d4f-9c59-cd6348d21ae3",
        "eventDate": "",
        "minimumDepthInMeters": 1512.0,
        "maximumDepthInMeters": 1512.0,
        "basisOfRecord": "HumanObservation",
        "recordedBy": "",
        "license": "CC-BY-4.0",
        "scientific_role": "PRESENCE_ONLY_NO_ABSENCE"
      }
    },
    {
      "type": "Feature",
      "geometry": {
        "type": "Point",
        "coordinates": [
          158.47,
          -56.35
        ]
      },
      "properties": {
        "source_id": "baso_hydrozoa_stylasteridae",
        "dataset": "Antarctic stylasteridae",
        "scientificName": "Lepidotheca fascicularis",
        "occurrenceID": "f2626fed-4589-4709-9841-fb26be5bade2",
        "eventDate": "",
        "minimumDepthInMeters": 1574.0,
        "maximumDepthInMeters": 1574.0,
        "basisOfRecord": "HumanObservation",
        "recordedBy": "",
        "license": "CC-BY-4.0",
        "scientific_role": "PRESENCE_ONLY_NO_ABSENCE"
      }
    },
    {
      "type": "Feature",
      "geometry": {
        "type": "Point",
        "coordinates": [
          160.67,
          -52.28
        ]
      },
      "properties": {
        "source_id": "baso_hydrozoa_stylasteridae",
        "dataset": "Antarctic stylasteridae",
        "scientificName": "Lepidotheca fascicularis",
        "occurrenceID": "9358478c-948e-486c-8949-caaaf8890df5",
        "eventDate": "",
        "minimumDepthInMeters": 659.0,
        "maximumDepthInMeters": 659.0,
        "basisOfRecord": "HumanObservation",
        "recordedBy": "",
        "license": "CC-BY-4.0",
        "scientific_role": "PRESENCE_ONLY_NO_ABSENCE"
      }
    },
    {
      "type": "Feature",
      "geometry": {
        "type": "Point",
        "coordinates": [
          -55.65,
          -54.7333
        ]
      },
      "properties": {
        "source_id": "baso_hydrozoa_stylasteridae",
        "dataset": "Antarctic stylasteridae",
        "scientificName": "Lepidotheca fascicularis",
        "occurrenceID": "0d666416-c228-4ab1-8b53-af1dd0a261de",
        "eventDate": "",
        "minimumDepthInMeters": 1814.0,
        "maximumDepthInMeters": 1814.0,
        "basisOfRecord": "HumanObservation",
        "recordedBy": "",
        "license": "CC-BY-4.0",
        "scientific_role": "PRESENCE_ONLY_NO_ABSENCE"
      }
    },
    {
      "type": "Feature",
      "geometry": {
        "type": "Point",
        "coordinates": [
          -38.08,
          -54.92
        ]
      },
      "properties": {
        "source_id": "baso_hydrozoa_stylasteridae",
        "dataset": "Antarctic stylasteridae",
        "scientificName": "Lepidotheca fascicularis",
        "occurrenceID": "cd3621c2-50d1-4a02-8dc2-fe40fa0b312f",
        "eventDate": "",
        "minimumDepthInMeters": 595.0,
        "maximumDepthInMeters": 595.0,
        "basisOfRecord": "HumanObservation",
        "recordedBy": "",
        "license": "CC-BY-4.0",
        "scientific_role": "PRESENCE_ONLY_NO_ABSENCE"
      }
    },
    {
      "type": "Feature",
      "geometry": {
        "type": "Point",
        "coordinates": [
          -39.37,
          -54.48
        ]
      },
      "properties": {
        "source_id": "baso_hydrozoa_stylasteridae",
        "dataset": "Antarctic stylasteridae",
        "scientificName": "Lepidotheca fascicularis",
        "occurrenceID": "39f52900-2365-4715-bbb9-7aded5fb449e",
        "eventDate": "",
        "minimumDepthInMeters": 659.0,
        "maximumDepthInMeters": 659.0,
        "basisOfRecord": "HumanObservation",
        "recordedBy": "",
        "license": "CC-BY-4.0",
        "scientific_role": "PRESENCE_ONLY_NO_ABSENCE"
      }
    },
    {
      "type": "Feature",
      "geometry": {
        "type": "Point",
        "coordinates": [
          -55.5,
          -54.72
        ]
      },
      "properties": {
        "source_id": "baso_hydrozoa_stylasteridae",
        "dataset": "Antarctic stylasteridae",
        "scientificName": "Lepidotheca fascicularis",
        "occurrenceID": "8228f845-ff66-48ff-ae39-4ad2f553f373",
        "eventDate": "",
        "minimumDepthInMeters": 1647.0,
        "maximumDepthInMeters": 1647.0,
        "basisOfRecord": "HumanObservation",
        "recordedBy": "",
        "license": "CC-BY-4.0",
        "scientific_role": "PRESENCE_ONLY_NO_ABSENCE"
      }
    },
    {
      "type": "Feature",
      "geometry": {
        "type": "Point",
        "coordinates": [
          178.58,
          -49.85
        ]
      },
      "properties": {
        "source_id": "baso_hydrozoa_stylasteridae",
        "dataset": "Antarctic stylasteridae",
        "scientificName": "Lepidotheca fascicularis",
        "occurrenceID": "1a0b0c04-1f9d-4fa2-b72e-3b172ec9050a",
        "eventDate": "",
        "minimumDepthInMeters": 2010.0,
        "maximumDepthInMeters": 2010.0,
        "basisOfRecord": "HumanObservation",
        "recordedBy": "",
        "license": "CC-BY-4.0",
        "scientific_role": "PRESENCE_ONLY_NO_ABSENCE"
      }
    },
    {
      "type": "Feature",
      "geometry": {
        "type": "Point",
        "coordinates": [
          170.37,
          -54.65
        ]
      },
      "properties": {
        "source_id": "baso_hydrozoa_stylasteridae",
        "dataset": "Antarctic stylasteridae",
        "scientificName": "Lepidotheca fascicularis",
        "occurrenceID": "e85ee36d-8a45-44d0-952c-83915feee7ed",
        "eventDate": "",
        "minimumDepthInMeters": 1860.0,
        "maximumDepthInMeters": 1860.0,
        "basisOfRecord": "HumanObservation",
        "recordedBy": "",
        "license": "CC-BY-4.0",
        "scientific_role": "PRESENCE_ONLY_NO_ABSENCE"
      }
    },
    {
      "type": "Feature",
      "geometry": {
        "type": "Point",
        "coordinates": [
          158.48,
          -56.32
        ]
      },
      "properties": {
        "source_id": "baso_hydrozoa_stylasteridae",
        "dataset": "Antarctic stylasteridae",
        "scientificName": "Lepidotheca fascicularis",
        "occurrenceID": "286ae984-c27a-4c5e-9727-3cba34b578a0",
        "eventDate": "",
        "minimumDepthInMeters": 833.0,
        "maximumDepthInMeters": 833.0,
        "basisOfRecord": "HumanObservation",
        "recordedBy": "",
        "license": "CC-BY-4.0",
        "scientific_role": "PRESENCE_ONLY_NO_ABSENCE"
      }
    },
    {
      "type": "Feature",
      "geometry": {
        "type": "Point",
        "coordinates": [
          159.15,
          -53.75
        ]
      },
      "properties": {
        "source_id": "baso_hydrozoa_stylasteridae",
        "dataset": "Antarctic stylasteridae",
        "scientificName": "Lepidotheca fascicularis",
        "occurrenceID": "576d1c5a-ec0b-4f7a-9e5b-3915a98895d0",
        "eventDate": "",
        "minimumDepthInMeters": 787.0,
        "maximumDepthInMeters": 787.0,
        "basisOfRecord": "HumanObservation",
        "recordedBy": "",
        "license": "CC-BY-4.0",
        "scientific_role": "PRESENCE_ONLY_NO_ABSENCE"
      }
    },
    {
      "type": "Feature",
      "geometry": {
        "type": "Point",
        "coordinates": [
          162.05,
          -51.12
        ]
      },
      "properties": {
        "source_id": "baso_hydrozoa_stylasteridae",
        "dataset": "Antarctic stylasteridae",
        "scientificName": "Lepidotheca fascicularis",
        "occurrenceID": "79a8f7c8-1ec6-47b0-8d36-de707de98091",
        "eventDate": "",
        "minimumDepthInMeters": 1647.0,
        "maximumDepthInMeters": 1647.0,
        "basisOfRecord": "HumanObservation",
        "recordedBy": "",
        "license": "CC-BY-4.0",
        "scientific_role": "PRESENCE_ONLY_NO_ABSENCE"
      }
    },
    {
      "type": "Feature",
      "geometry": {
        "type": "Point",
        "coordinates": [
          178.88,
          -49.67
        ]
      },
      "properties": {
        "source_id": "baso_hydrozoa_stylasteridae",
        "dataset": "Antarctic stylasteridae",
        "scientificName": "Lepidotheca fascicularis",
        "occurrenceID": "cc610132-ba66-4415-ac36-3103907c2f38",
        "eventDate": "",
        "minimumDepthInMeters": 476.0,
        "maximumDepthInMeters": 476.0,
        "basisOfRecord": "HumanObservation",
        "recordedBy": "",
        "license": "CC-BY-4.0",
        "scientific_role": "PRESENCE_ONLY_NO_ABSENCE"
      }
    },
    {
      "type": "Feature",
      "geometry": {
        "type": "Point",
        "coordinates": [
          -65.8333,
          -55.3333
        ]
      },
      "properties": {
        "source_id": "baso_hydrozoa_stylasteridae",
        "dataset": "Antarctic stylasteridae",
        "scientificName": "Lepidotheca fascicularis",
        "occurrenceID": "fc5042d8-65a3-4e61-8aec-584234ec5824",
        "eventDate": "",
        "minimumDepthInMeters": 12.0,
        "maximumDepthInMeters": 12.0,
        "basisOfRecord": "HumanObservation",
        "recordedBy": "",
        "license": "CC-BY-4.0",
        "scientific_role": "PRESENCE_ONLY_NO_ABSENCE"
      }
    },
    {
      "type": "Feature",
      "geometry": {
        "type": "Point",
        "coordinates": [
          158.47,
          -56.35
        ]
      },
      "properties": {
        "source_id": "baso_hydrozoa_stylasteridae",
        "dataset": "Antarctic stylasteridae",
        "scientificName": "Lepidotheca fascicularis",
        "occurrenceID": "ea058972-4fb0-48a7-9267-3fbd74785414",
        "eventDate": "",
        "minimumDepthInMeters": 1574.0,
        "maximumDepthInMeters": 1574.0,
        "basisOfRecord": "HumanObservation",
        "recordedBy": "",
        "license": "CC-BY-4.0",
        "scientific_role": "PRESENCE_ONLY_NO_ABSENCE"
      }
    },
    {
      "type": "Feature",
      "geometry": {
        "type": "Point",
        "coordinates": [
          159.2,
          -53.77
        ]
      },
      "properties": {
        "source_id": "baso_hydrozoa_stylasteridae",
        "dataset": "Antarctic stylasteridae",
        "scientificName": "Lepidotheca sp.",
        "occurrenceID": "3ad45c98-5269-4aad-a8d8-2cc20313f96f",
        "eventDate": "",
        "minimumDepthInMeters": 750.0,
        "maximumDepthInMeters": 750.0,
        "basisOfRecord": "HumanObservation",
        "recordedBy": "",
        "license": "CC-BY-4.0",
        "scientific_role": "PRESENCE_ONLY_NO_ABSENCE"
      }
    },
    {
      "type": "Feature",
      "geometry": {
        "type": "Point",
        "coordinates": [
          -52.0,
          -54.12
        ]
      },
      "properties": {
        "source_id": "baso_hydrozoa_stylasteridae",
        "dataset": "Antarctic stylasteridae",
        "scientificName": "Lepidotheca sp.",
        "occurrenceID": "72719861-ef7d-470e-a5cb-e8afb538c29c",
        "eventDate": "",
        "minimumDepthInMeters": 1244.0,
        "maximumDepthInMeters": 1244.0,
        "basisOfRecord": "HumanObservation",
        "recordedBy": "",
        "license": "CC-BY-4.0",
        "scientific_role": "PRESENCE_ONLY_NO_ABSENCE"
      }
    },
    {
      "type": "Feature",
      "geometry": {
        "type": "Point",
        "coordinates": [
          -54.18,
          -50.02
        ]
      },
      "properties": {
        "source_id": "baso_hydrozoa_stylasteridae",
        "dataset": "Antarctic stylasteridae",
        "scientificName": "Sporadopora dichotoma",
        "occurrenceID": "947e2653-8697-47a4-83a3-9cab43b7a45b",
        "eventDate": "",
        "minimumDepthInMeters": 1498.0,
        "maximumDepthInMeters": 1498.0,
        "basisOfRecord": "HumanObservation",
        "recordedBy": "",
        "license": "CC-BY-4.0",
        "scientific_role": "PRESENCE_ONLY_NO_ABSENCE"
      }
    },
    {
      "type": "Feature",
      "geometry": {
        "type": "Point",
        "coordinates": [
          -53.47,
          -60.82
        ]
      },
      "properties": {
        "source_id": "baso_hydrozoa_stylasteridae",
        "dataset": "Antarctic stylasteridae",
        "scientificName": "Sporadopora dichotoma",
        "occurrenceID": "c94056d2-3014-4cf9-87cd-7b4d3be47a83",
        "eventDate": "",
        "minimumDepthInMeters": 587.0,
        "maximumDepthInMeters": 587.0,
        "basisOfRecord": "HumanObservation",
        "recordedBy": "",
        "license": "CC-BY-4.0",
        "scientific_role": "PRESENCE_ONLY_NO_ABSENCE"
      }
    },
    {
      "type": "Feature",
      "geometry": {
        "type": "Point",
        "coordinates": [
          -60.4417,
          -54.8917
        ]
      },
      "properties": {
        "source_id": "baso_hydrozoa_stylasteridae",
        "dataset": "Antarctic stylasteridae",
        "scientificName": "Sporadopora dichotoma",
        "occurrenceID": "b2e0f2fe-c540-4770-9d0c-27f7347efed7",
        "eventDate": "",
        "minimumDepthInMeters": 432.0,
        "maximumDepthInMeters": 432.0,
        "basisOfRecord": "HumanObservation",
        "recordedBy": "",
        "license": "CC-BY-4.0",
        "scientific_role": "PRESENCE_ONLY_NO_ABSENCE"
      }
    },
    {
      "type": "Feature",
      "geometry": {
        "type": "Point",
        "coordinates": [
          -66.8783,
          -56.6533
        ]
      },
      "properties": {
        "source_id": "baso_hydrozoa_stylasteridae",
        "dataset": "Antarctic stylasteridae",
        "scientificName": "Sporadopora dichotoma",
        "occurrenceID": "0c0e6f05-053e-4e45-aada-952efb78fde8",
        "eventDate": "",
        "minimumDepthInMeters": 1137.0,
        "maximumDepthInMeters": 1137.0,
        "basisOfRecord": "HumanObservation",
        "recordedBy": "",
        "license": "CC-BY-4.0",
        "scientific_role": "PRESENCE_ONLY_NO_ABSENCE"
      }
    },
    {
      "type": "Feature",
      "geometry": {
        "type": "Point",
        "coordinates": [
          -64.88,
          -54.98
        ]
      },
      "properties": {
        "source_id": "baso_hydrozoa_stylasteridae",
        "dataset": "Antarctic stylasteridae",
        "scientificName": "Sporadopora dichotoma",
        "occurrenceID": "1f6b1b63-2ca1-43bb-8979-ae9a427ff1a4",
        "eventDate": "",
        "minimumDepthInMeters": 586.0,
        "maximumDepthInMeters": 586.0,
        "basisOfRecord": "HumanObservation",
        "recordedBy": "",
        "license": "CC-BY-4.0",
        "scientific_role": "PRESENCE_ONLY_NO_ABSENCE"
      }
    },
    {
      "type": "Feature",
      "geometry": {
        "type": "Point",
        "coordinates": [
          -53.47,
          -60.82
        ]
      },
      "properties": {
        "source_id": "baso_hydrozoa_stylasteridae",
        "dataset": "Antarctic stylasteridae",
        "scientificName": "Sporadopora dichotoma",
        "occurrenceID": "da4cc5df-25c2-4b25-88e3-17bf4cf2e29c",
        "eventDate": "",
        "minimumDepthInMeters": 587.0,
        "maximumDepthInMeters": 587.0,
        "basisOfRecord": "HumanObservation",
        "recordedBy": "",
        "license": "CC-BY-4.0",
        "scientific_role": "PRESENCE_ONLY_NO_ABSENCE"
      }
    },
    {
      "type": "Feature",
      "geometry": {
        "type": "Point",
        "coordinates": [
          -56.47,
          -61.32
        ]
      },
      "properties": {
        "source_id": "baso_hydrozoa_stylasteridae",
        "dataset": "Antarctic stylasteridae",
        "scientificName": "Sporadopora dichotoma",
        "occurrenceID": "a6df69ba-fbd6-40fd-b285-2c971f3d38bb",
        "eventDate": "",
        "minimumDepthInMeters": 403.0,
        "maximumDepthInMeters": 403.0,
        "basisOfRecord": "HumanObservation",
        "recordedBy": "",
        "license": "CC-BY-4.0",
        "scientific_role": "PRESENCE_ONLY_NO_ABSENCE"
      }
    },
    {
      "type": "Feature",
      "geometry": {
        "type": "Point",
        "coordinates": [
          -53.5,
          -60.78
        ]
      },
      "properties": {
        "source_id": "baso_hydrozoa_stylasteridae",
        "dataset": "Antarctic stylasteridae",
        "scientificName": "Sporadopora dichotoma",
        "occurrenceID": "a7c66ec5-8195-4708-9003-42e925e4e577",
        "eventDate": "",
        "minimumDepthInMeters": 641.0,
        "maximumDepthInMeters": 641.0,
        "basisOfRecord": "HumanObservation",
        "recordedBy": "",
        "license": "CC-BY-4.0",
        "scientific_role": "PRESENCE_ONLY_NO_ABSENCE"
      }
    },
    {
      "type": "Feature",
      "geometry": {
        "type": "Point",
        "coordinates": [
          -37.71,
          -55.01
        ]
      },
      "properties": {
        "source_id": "baso_hydrozoa_stylasteridae",
        "dataset": "Antarctic stylasteridae",
        "scientificName": "Sporadopora dichotoma",
        "occurrenceID": "b9807204-824b-4ee9-9981-61d528691780",
        "eventDate": "",
        "minimumDepthInMeters": 494.0,
        "maximumDepthInMeters": 494.0,
        "basisOfRecord": "HumanObservation",
        "recordedBy": "",
        "license": "CC-BY-4.0",
        "scientific_role": "PRESENCE_ONLY_NO_ABSENCE"
      }
    },
    {
      "type": "Feature",
      "geometry": {
        "type": "Point",
        "coordinates": [
          -56.62,
          -54.72
        ]
      },
      "properties": {
        "source_id": "baso_hydrozoa_stylasteridae",
        "dataset": "Antarctic stylasteridae",
        "scientificName": "Sporadopora dichotoma",
        "occurrenceID": "9de2dc00-a4c9-450a-8de0-a5ce682a151d",
        "eventDate": "",
        "minimumDepthInMeters": 339.0,
        "maximumDepthInMeters": 339.0,
        "basisOfRecord": "HumanObservation",
        "recordedBy": "",
        "license": "CC-BY-4.0",
        "scientific_role": "PRESENCE_ONLY_NO_ABSENCE"
      }
    },
    {
      "type": "Feature",
      "geometry": {
        "type": "Point",
        "coordinates": [
          -64.8333,
          -54.9983
        ]
      },
      "properties": {
        "source_id": "baso_hydrozoa_stylasteridae",
        "dataset": "Antarctic stylasteridae",
        "scientificName": "Sporadopora dichotoma",
        "occurrenceID": "1e88cc41-7534-473b-8716-49ef032e08b1",
        "eventDate": "",
        "minimumDepthInMeters": 438.0,
        "maximumDepthInMeters": 438.0,
        "basisOfRecord": "HumanObservation",
        "recordedBy": "",
        "license": "CC-BY-4.0",
        "scientific_role": "PRESENCE_ONLY_NO_ABSENCE"
      }
    },
    {
      "type": "Feature",
      "geometry": {
        "type": "Point",
        "coordinates": [
          -34.8517,
          -54.6933
        ]
      },
      "properties": {
        "source_id": "baso_hydrozoa_stylasteridae",
        "dataset": "Antarctic stylasteridae",
        "scientificName": "Sporadopora dichotoma",
        "occurrenceID": "70927e0d-b11d-4185-aa3a-0f4919c6b35e",
        "eventDate": "",
        "minimumDepthInMeters": 564.0,
        "maximumDepthInMeters": 564.0,
        "basisOfRecord": "HumanObservation",
        "recordedBy": "",
        "license": "CC-BY-4.0",
        "scientific_role": "PRESENCE_ONLY_NO_ABSENCE"
      }
    },
    {
      "type": "Feature",
      "geometry": {
        "type": "Point",
        "coordinates": [
          -38.08,
          -54.92
        ]
      },
      "properties": {
        "source_id": "baso_hydrozoa_stylasteridae",
        "dataset": "Antarctic stylasteridae",
        "scientificName": "Sporadopora dichotoma",
        "occurrenceID": "aecc798b-263e-495f-9b5f-e0ffc8a0e354",
        "eventDate": "",
        "minimumDepthInMeters": 595.0,
        "maximumDepthInMeters": 595.0,
        "basisOfRecord": "HumanObservation",
        "recordedBy": "",
        "license": "CC-BY-4.0",
        "scientific_role": "PRESENCE_ONLY_NO_ABSENCE"
      }
    },
    {
      "type": "Feature",
      "geometry": {
        "type": "Point",
        "coordinates": [
          -39.37,
          -54.48
        ]
      },
      "properties": {
        "source_id": "baso_hydrozoa_stylasteridae",
        "dataset": "Antarctic stylasteridae",
        "scientificName": "Sporadopora dichotoma",
        "occurrenceID": "b3a0353b-9cfa-43e0-acf7-12e6d252038e",
        "eventDate": "",
        "minimumDepthInMeters": 659.0,
        "maximumDepthInMeters": 659.0,
        "basisOfRecord": "HumanObservation",
        "recordedBy": "",
        "license": "CC-BY-4.0",
        "scientific_role": "PRESENCE_ONLY_NO_ABSENCE"
      }
    },
    {
      "type": "Feature",
      "geometry": {
        "type": "Point",
        "coordinates": [
          -59.52,
          -53.08
        ]
      },
      "properties": {
        "source_id": "baso_hydrozoa_stylasteridae",
        "dataset": "Antarctic stylasteridae",
        "scientificName": "Sporadopora dichotoma",
        "occurrenceID": "1e992a2e-3682-459c-97d9-623fce3e6a96",
        "eventDate": "",
        "minimumDepthInMeters": 936.0,
        "maximumDepthInMeters": 936.0,
        "basisOfRecord": "HumanObservation",
        "recordedBy": "",
        "license": "CC-BY-4.0",
        "scientific_role": "PRESENCE_ONLY_NO_ABSENCE"
      }
    },
    {
      "type": "Feature",
      "geometry": {
        "type": "Point",
        "coordinates": [
          -35.3417,
          -55.4833
        ]
      },
      "properties": {
        "source_id": "baso_hydrozoa_stylasteridae",
        "dataset": "Antarctic stylasteridae",
        "scientificName": "Sporadopora dichotoma",
        "occurrenceID": "51f3ff5a-853e-4931-b8aa-14b9736ef422",
        "eventDate": "",
        "minimumDepthInMeters": 413.0,
        "maximumDepthInMeters": 413.0,
        "basisOfRecord": "HumanObservation",
        "recordedBy": "",
        "license": "CC-BY-4.0",
        "scientific_role": "PRESENCE_ONLY_NO_ABSENCE"
      }
    },
    {
      "type": "Feature",
      "geometry": {
        "type": "Point",
        "coordinates": [
          -56.62,
          -54.72
        ]
      },
      "properties": {
        "source_id": "baso_hydrozoa_stylasteridae",
        "dataset": "Antarctic stylasteridae",
        "scientificName": "Sporadopora dichotoma",
        "occurrenceID": "76ad12f2-92f8-415b-9c3a-5dab13279515",
        "eventDate": "",
        "minimumDepthInMeters": 339.0,
        "maximumDepthInMeters": 339.0,
        "basisOfRecord": "HumanObservation",
        "recordedBy": "",
        "license": "CC-BY-4.0",
        "scientific_role": "PRESENCE_ONLY_NO_ABSENCE"
      }
    },
    {
      "type": "Feature",
      "geometry": {
        "type": "Point",
        "coordinates": [
          -55.65,
          -54.73
        ]
      },
      "properties": {
        "source_id": "baso_hydrozoa_stylasteridae",
        "dataset": "Antarctic stylasteridae",
        "scientificName": "Sporadopora sp.",
        "occurrenceID": "c62ff953-6f67-4f73-9608-5101ebb16a1f",
        "eventDate": "",
        "minimumDepthInMeters": 1814.0,
        "maximumDepthInMeters": 1814.0,
        "basisOfRecord": "HumanObservation",
        "recordedBy": "",
        "license": "CC-BY-4.0",
        "scientific_role": "PRESENCE_ONLY_NO_ABSENCE"
      }
    },
    {
      "type": "Feature",
      "geometry": {
        "type": "Point",
        "coordinates": [
          -52.13,
          -54.15
        ]
      },
      "properties": {
        "source_id": "baso_hydrozoa_stylasteridae",
        "dataset": "Antarctic stylasteridae",
        "scientificName": "Sporadopora sp.",
        "occurrenceID": "c0c6a556-f57f-4f3a-8b1f-2cff3c33acc7",
        "eventDate": "",
        "minimumDepthInMeters": 419.0,
        "maximumDepthInMeters": 419.0,
        "basisOfRecord": "HumanObservation",
        "recordedBy": "",
        "license": "CC-BY-4.0",
        "scientific_role": "PRESENCE_ONLY_NO_ABSENCE"
      }
    },
    {
      "type": "Feature",
      "geometry": {
        "type": "Point",
        "coordinates": [
          -63.07,
          -54.95
        ]
      },
      "properties": {
        "source_id": "baso_hydrozoa_stylasteridae",
        "dataset": "Antarctic stylasteridae",
        "scientificName": "Sporadopora sp.",
        "occurrenceID": "ba0898fa-4ad3-4252-a76a-73d60550904e",
        "eventDate": "",
        "minimumDepthInMeters": 1895.0,
        "maximumDepthInMeters": 1895.0,
        "basisOfRecord": "HumanObservation",
        "recordedBy": "",
        "license": "CC-BY-4.0",
        "scientific_role": "PRESENCE_ONLY_NO_ABSENCE"
      }
    },
    {
      "type": "Feature",
      "geometry": {
        "type": "Point",
        "coordinates": [
          -55.5,
          -54.72
        ]
      },
      "properties": {
        "source_id": "baso_hydrozoa_stylasteridae",
        "dataset": "Antarctic stylasteridae",
        "scientificName": "Stellapora echinata",
        "occurrenceID": "571d5cf5-91bd-4a1f-ac74-6611905d76f3",
        "eventDate": "",
        "minimumDepthInMeters": 1647.0,
        "maximumDepthInMeters": 1647.0,
        "basisOfRecord": "HumanObservation",
        "recordedBy": "",
        "license": "CC-BY-4.0",
        "scientific_role": "PRESENCE_ONLY_NO_ABSENCE"
      }
    },
    {
      "type": "Feature",
      "geometry": {
        "type": "Point",
        "coordinates": [
          -56.62,
          -54.72
        ]
      },
      "properties": {
        "source_id": "baso_hydrozoa_stylasteridae",
        "dataset": "Antarctic stylasteridae",
        "scientificName": "Stellapora echinata",
        "occurrenceID": "df18aa0b-3488-42de-a79f-aeeb2de27b5b",
        "eventDate": "",
        "minimumDepthInMeters": 339.0,
        "maximumDepthInMeters": 339.0,
        "basisOfRecord": "HumanObservation",
        "recordedBy": "",
        "license": "CC-BY-4.0",
        "scientific_role": "PRESENCE_ONLY_NO_ABSENCE"
      }
    },
    {
      "type": "Feature",
      "geometry": {
        "type": "Point",
        "coordinates": [
          -66.32,
          -56.1
        ]
      },
      "properties": {
        "source_id": "baso_hydrozoa_stylasteridae",
        "dataset": "Antarctic stylasteridae",
        "scientificName": "Stylaster densicaulis",
        "occurrenceID": "f8c57fc2-b284-4441-a4cb-39fe676e680b",
        "eventDate": "",
        "minimumDepthInMeters": 384.0,
        "maximumDepthInMeters": 384.0,
        "basisOfRecord": "HumanObservation",
        "recordedBy": "",
        "license": "CC-BY-4.0",
        "scientific_role": "PRESENCE_ONLY_NO_ABSENCE"
      }
    },
    {
      "type": "Feature",
      "geometry": {
        "type": "Point",
        "coordinates": [
          -63.07,
          -54.95
        ]
      },
      "properties": {
        "source_id": "baso_hydrozoa_stylasteridae",
        "dataset": "Antarctic stylasteridae",
        "scientificName": "Stylaster densicaulis",
        "occurrenceID": "d56441d0-c4bf-4f2a-93b0-53b383268bfe",
        "eventDate": "",
        "minimumDepthInMeters": 1904.0,
        "maximumDepthInMeters": 1904.0,
        "basisOfRecord": "HumanObservation",
        "recordedBy": "",
        "license": "CC-BY-4.0",
        "scientific_role": "PRESENCE_ONLY_NO_ABSENCE"
      }
    },
    {
      "type": "Feature",
      "geometry": {
        "type": "Point",
        "coordinates": [
          -65.83,
          -55.33
        ]
      },
      "properties": {
        "source_id": "baso_hydrozoa_stylasteridae",
        "dataset": "Antarctic stylasteridae",
        "scientificName": "Stylaster densicaulis",
        "occurrenceID": "7cc2ff49-64b1-4647-9c88-9b34de81ab19",
        "eventDate": "",
        "minimumDepthInMeters": 1185.0,
        "maximumDepthInMeters": 1185.0,
        "basisOfRecord": "HumanObservation",
        "recordedBy": "",
        "license": "CC-BY-4.0",
        "scientific_role": "PRESENCE_ONLY_NO_ABSENCE"
      }
    },
    {
      "type": "Feature",
      "geometry": {
        "type": "Point",
        "coordinates": [
          -55.9,
          -53.95
        ]
      },
      "properties": {
        "source_id": "baso_hydrozoa_stylasteridae",
        "dataset": "Antarctic stylasteridae",
        "scientificName": "Stylaster densicaulis",
        "occurrenceID": "553eec1e-9403-4af6-960c-a5aa67219103",
        "eventDate": "",
        "minimumDepthInMeters": 1879.0,
        "maximumDepthInMeters": 1879.0,
        "basisOfRecord": "HumanObservation",
        "recordedBy": "",
        "license": "CC-BY-4.0",
        "scientific_role": "PRESENCE_ONLY_NO_ABSENCE"
      }
    },
    {
      "type": "Feature",
      "geometry": {
        "type": "Point",
        "coordinates": [
          -66.32,
          -56.1
        ]
      },
      "properties": {
        "source_id": "baso_hydrozoa_stylasteridae",
        "dataset": "Antarctic stylasteridae",
        "scientificName": "Stylaster densicaulis",
        "occurrenceID": "e7fa08e8-c190-4cb5-b801-ea299a35d383",
        "eventDate": "",
        "minimumDepthInMeters": 384.0,
        "maximumDepthInMeters": 384.0,
        "basisOfRecord": "HumanObservation",
        "recordedBy": "",
        "license": "CC-BY-4.0",
        "scientific_role": "PRESENCE_ONLY_NO_ABSENCE"
      }
    },
    {
      "type": "Feature",
      "geometry": {
        "type": "Point",
        "coordinates": [
          -56.62,
          -54.72
        ]
      },
      "properties": {
        "source_id": "baso_hydrozoa_stylasteridae",
        "dataset": "Antarctic stylasteridae",
        "scientificName": "Stylaster densicaulis",
        "occurrenceID": "f6d88b29-0be6-4dbb-bb8c-d676f2a59050",
        "eventDate": "",
        "minimumDepthInMeters": 339.0,
        "maximumDepthInMeters": 339.0,
        "basisOfRecord": "HumanObservation",
        "recordedBy": "",
        "license": "CC-BY-4.0",
        "scientific_role": "PRESENCE_ONLY_NO_ABSENCE"
      }
    },
    {
      "type": "Feature",
      "geometry": {
        "type": "Point",
        "coordinates": [
          -39.37,
          -54.48
        ]
      },
      "properties": {
        "source_id": "baso_hydrozoa_stylasteridae",
        "dataset": "Antarctic stylasteridae",
        "scientificName": "Stylaster densicaulis",
        "occurrenceID": "f6ef1952-9e1a-4787-aab3-4d6a07fb858d",
        "eventDate": "",
        "minimumDepthInMeters": 659.0,
        "maximumDepthInMeters": 659.0,
        "basisOfRecord": "HumanObservation",
        "recordedBy": "",
        "license": "CC-BY-4.0",
        "scientific_role": "PRESENCE_ONLY_NO_ABSENCE"
      }
    },
    {
      "type": "Feature",
      "geometry": {
        "type": "Point",
        "coordinates": [
          -52.13,
          -54.15
        ]
      },
      "properties": {
        "source_id": "baso_hydrozoa_stylasteridae",
        "dataset": "Antarctic stylasteridae",
        "scientificName": "Stylaster densicaulis",
        "occurrenceID": "5af9eb9f-3000-450b-ad2b-9f416e3e3c0f",
        "eventDate": "",
        "minimumDepthInMeters": 419.0,
        "maximumDepthInMeters": 419.0,
        "basisOfRecord": "HumanObservation",
        "recordedBy": "",
        "license": "CC-BY-4.0",
        "scientific_role": "PRESENCE_ONLY_NO_ABSENCE"
      }
    },
    {
      "type": "Feature",
      "geometry": {
        "type": "Point",
        "coordinates": [
          -64.88,
          -54.98
        ]
      },
      "properties": {
        "source_id": "baso_hydrozoa_stylasteridae",
        "dataset": "Antarctic stylasteridae",
        "scientificName": "Stylaster densicaulis",
        "occurrenceID": "d0f1a3ce-2332-440f-aca6-53c148ee56c0",
        "eventDate": "",
        "minimumDepthInMeters": 586.0,
        "maximumDepthInMeters": 586.0,
        "basisOfRecord": "HumanObservation",
        "recordedBy": "",
        "license": "CC-BY-4.0",
        "scientific_role": "PRESENCE_ONLY_NO_ABSENCE"
      }
    },
    {
      "type": "Feature",
      "geometry": {
        "type": "Point",
        "coordinates": [
          -52.0,
          -54.12
        ]
      },
      "properties": {
        "source_id": "baso_hydrozoa_stylasteridae",
        "dataset": "Antarctic stylasteridae",
        "scientificName": "Stylaster densicaulis",
        "occurrenceID": "98c23e51-d332-4c93-9d1d-675ee5bdf964",
        "eventDate": "",
        "minimumDepthInMeters": 1244.0,
        "maximumDepthInMeters": 1244.0,
        "basisOfRecord": "HumanObservation",
        "recordedBy": "",
        "license": "CC-BY-4.0",
        "scientific_role": "PRESENCE_ONLY_NO_ABSENCE"
      }
    },
    {
      "type": "Feature",
      "geometry": {
        "type": "Point",
        "coordinates": [
          -65.82,
          -55.32
        ]
      },
      "properties": {
        "source_id": "baso_hydrozoa_stylasteridae",
        "dataset": "Antarctic stylasteridae",
        "scientificName": "Stylaster densicaulis",
        "occurrenceID": "3067564d-46fd-4f05-9fa6-8de3b628c1ce",
        "eventDate": "",
        "minimumDepthInMeters": 1274.0,
        "maximumDepthInMeters": 1274.0,
        "basisOfRecord": "HumanObservation",
        "recordedBy": "",
        "license": "CC-BY-4.0",
        "scientific_role": "PRESENCE_ONLY_NO_ABSENCE"
      }
    },
    {
      "type": "Feature",
      "geometry": {
        "type": "Point",
        "coordinates": [
          -39.37,
          -54.48
        ]
      },
      "properties": {
        "source_id": "baso_hydrozoa_stylasteridae",
        "dataset": "Antarctic stylasteridae",
        "scientificName": "Stylaster profundus",
        "occurrenceID": "dbefc06c-48fe-4b4d-b8c5-3ff247b079c7",
        "eventDate": "",
        "minimumDepthInMeters": 659.0,
        "maximumDepthInMeters": 659.0,
        "basisOfRecord": "HumanObservation",
        "recordedBy": "",
        "license": "CC-BY-4.0",
        "scientific_role": "PRESENCE_ONLY_NO_ABSENCE"
      }
    },
    {
      "type": "Feature",
      "geometry": {
        "type": "Point",
        "coordinates": [
          -56.517,
          -61.417
        ]
      },
      "properties": {
        "source_id": "baso_hydrozoa_stylasteridae",
        "dataset": "Antarctic stylasteridae",
        "scientificName": "Stylaster robustus",
        "occurrenceID": "0c291089-b13d-4b38-a25f-f6986e2caba4",
        "eventDate": "",
        "minimumDepthInMeters": 300.0,
        "maximumDepthInMeters": 300.0,
        "basisOfRecord": "HumanObservation",
        "recordedBy": "",
        "license": "CC-BY-4.0",
        "scientific_role": "PRESENCE_ONLY_NO_ABSENCE"
      }
    },
    {
      "type": "Feature",
      "geometry": {
        "type": "Point",
        "coordinates": [
          -56.517,
          -61.417
        ]
      },
      "properties": {
        "source_id": "baso_hydrozoa_stylasteridae",
        "dataset": "Antarctic stylasteridae",
        "scientificName": "Stylaster robustus",
        "occurrenceID": "eb806b84-b1ed-498b-983d-81116d23d7a6",
        "eventDate": "",
        "minimumDepthInMeters": 300.0,
        "maximumDepthInMeters": 300.0,
        "basisOfRecord": "HumanObservation",
        "recordedBy": "",
        "license": "CC-BY-4.0",
        "scientific_role": "PRESENCE_ONLY_NO_ABSENCE"
      }
    },
    {
      "type": "Feature",
      "geometry": {
        "type": "Point",
        "coordinates": [
          -56.517,
          -61.417
        ]
      },
      "properties": {
        "source_id": "baso_hydrozoa_stylasteridae",
        "dataset": "Antarctic stylasteridae",
        "scientificName": "Stylaster robustus",
        "occurrenceID": "47df3cfc-ea18-465e-aaee-09308bdd1351",
        "eventDate": "",
        "minimumDepthInMeters": 300.0,
        "maximumDepthInMeters": 300.0,
        "basisOfRecord": "HumanObservation",
        "recordedBy": "",
        "license": "CC-BY-4.0",
        "scientific_role": "PRESENCE_ONLY_NO_ABSENCE"
      }
    },
    {
      "type": "Feature",
      "geometry": {
        "type": "Point",
        "coordinates": [
          -56.517,
          -61.417
        ]
      },
      "properties": {
        "source_id": "baso_hydrozoa_stylasteridae",
        "dataset": "Antarctic stylasteridae",
        "scientificName": "Stylaster robustus",
        "occurrenceID": "50e4cf3e-8b17-4ad2-86df-2c7c919b11e1",
        "eventDate": "",
        "minimumDepthInMeters": 300.0,
        "maximumDepthInMeters": 300.0,
        "basisOfRecord": "HumanObservation",
        "recordedBy": "",
        "license": "CC-BY-4.0",
        "scientific_role": "PRESENCE_ONLY_NO_ABSENCE"
      }
    },
    {
      "type": "Feature",
      "geometry": {
        "type": "Point",
        "coordinates": [
          -40.73,
          -60.58
        ]
      },
      "properties": {
        "source_id": "baso_hydrozoa_stylasteridae",
        "dataset": "Antarctic stylasteridae",
        "scientificName": "Stylaster robustus",
        "occurrenceID": "996c589b-321a-4380-9b25-adeae81057be",
        "eventDate": "",
        "minimumDepthInMeters": 631.0,
        "maximumDepthInMeters": 631.0,
        "basisOfRecord": "HumanObservation",
        "recordedBy": "",
        "license": "CC-BY-4.0",
        "scientific_role": "PRESENCE_ONLY_NO_ABSENCE"
      }
    },
    {
      "type": "Feature",
      "geometry": {
        "type": "Point",
        "coordinates": [
          -38.08,
          -54.92
        ]
      },
      "properties": {
        "source_id": "baso_hydrozoa_stylasteridae",
        "dataset": "Antarctic stylasteridae",
        "scientificName": "Stylaster robustus",
        "occurrenceID": "f539c361-bc9d-4107-8867-6d276ea0a9f8",
        "eventDate": "",
        "minimumDepthInMeters": 595.0,
        "maximumDepthInMeters": 595.0,
        "basisOfRecord": "HumanObservation",
        "recordedBy": "",
        "license": "CC-BY-4.0",
        "scientific_role": "PRESENCE_ONLY_NO_ABSENCE"
      }
    },
    {
      "type": "Feature",
      "geometry": {
        "type": "Point",
        "coordinates": [
          -40.73,
          -60.58
        ]
      },
      "properties": {
        "source_id": "baso_hydrozoa_stylasteridae",
        "dataset": "Antarctic stylasteridae",
        "scientificName": "Stylaster robustus",
        "occurrenceID": "f65de14f-581d-4060-ad2f-bf427fc78cc7",
        "eventDate": "",
        "minimumDepthInMeters": 631.0,
        "maximumDepthInMeters": 631.0,
        "basisOfRecord": "HumanObservation",
        "recordedBy": "",
        "license": "CC-BY-4.0",
        "scientific_role": "PRESENCE_ONLY_NO_ABSENCE"
      }
    },
    {
      "type": "Feature",
      "geometry": {
        "type": "Point",
        "coordinates": [
          -46.83,
          -60.37
        ]
      },
      "properties": {
        "source_id": "baso_hydrozoa_stylasteridae",
        "dataset": "Antarctic stylasteridae",
        "scientificName": "Stylaster robustus",
        "occurrenceID": "d733a813-0092-4454-ad64-d1d6b7f60d88",
        "eventDate": "",
        "minimumDepthInMeters": 298.0,
        "maximumDepthInMeters": 298.0,
        "basisOfRecord": "HumanObservation",
        "recordedBy": "",
        "license": "CC-BY-4.0",
        "scientific_role": "PRESENCE_ONLY_NO_ABSENCE"
      }
    },
    {
      "type": "Feature",
      "geometry": {
        "type": "Point",
        "coordinates": [
          -55.5,
          -54.72
        ]
      },
      "properties": {
        "source_id": "baso_hydrozoa_stylasteridae",
        "dataset": "Antarctic stylasteridae",
        "scientificName": "Stylaster sp.",
        "occurrenceID": "1998f356-2985-4a06-9cc9-b2c05e25bcc0",
        "eventDate": "",
        "minimumDepthInMeters": 1647.0,
        "maximumDepthInMeters": 1647.0,
        "basisOfRecord": "HumanObservation",
        "recordedBy": "",
        "license": "CC-BY-4.0",
        "scientific_role": "PRESENCE_ONLY_NO_ABSENCE"
      }
    },
    {
      "type": "Feature",
      "geometry": {
        "type": "Point",
        "coordinates": [
          -55.65,
          -54.73
        ]
      },
      "properties": {
        "source_id": "baso_hydrozoa_stylasteridae",
        "dataset": "Antarctic stylasteridae",
        "scientificName": "Stylaster sp.",
        "occurrenceID": "b88f2dc4-0c7e-4a6d-8fd1-ba1e8ec83417",
        "eventDate": "",
        "minimumDepthInMeters": 1814.0,
        "maximumDepthInMeters": 1814.0,
        "basisOfRecord": "HumanObservation",
        "recordedBy": "",
        "license": "CC-BY-4.0",
        "scientific_role": "PRESENCE_ONLY_NO_ABSENCE"
      }
    },
    {
      "type": "Feature",
      "geometry": {
        "type": "Point",
        "coordinates": [
          147.87,
          -47.35
        ]
      },
      "properties": {
        "source_id": "baso_hydrozoa_stylasteridae",
        "dataset": "Antarctic stylasteridae",
        "scientificName": "Stylaster sp.",
        "occurrenceID": "9243871d-2557-4e05-901c-706f1e47ba3a",
        "eventDate": "",
        "minimumDepthInMeters": 910.0,
        "maximumDepthInMeters": 910.0,
        "basisOfRecord": "HumanObservation",
        "recordedBy": "",
        "license": "CC-BY-4.0",
        "scientific_role": "PRESENCE_ONLY_NO_ABSENCE"
      }
    },
    {
      "type": "Feature",
      "geometry": {
        "type": "Point",
        "coordinates": [
          162.02,
          -51.0
        ]
      },
      "properties": {
        "source_id": "baso_hydrozoa_stylasteridae",
        "dataset": "Antarctic stylasteridae",
        "scientificName": "Stylaster sp.",
        "occurrenceID": "327f2523-5a7b-4db9-a2d0-8830f8846aa9",
        "eventDate": "",
        "minimumDepthInMeters": 333.0,
        "maximumDepthInMeters": 333.0,
        "basisOfRecord": "HumanObservation",
        "recordedBy": "",
        "license": "CC-BY-4.0",
        "scientific_role": "PRESENCE_ONLY_NO_ABSENCE"
      }
    },
    {
      "type": "Feature",
      "geometry": {
        "type": "Point",
        "coordinates": [
          -129.8,
          -54.82
        ]
      },
      "properties": {
        "source_id": "baso_hydrozoa_stylasteridae",
        "dataset": "Antarctic stylasteridae",
        "scientificName": "Stylaster sp.",
        "occurrenceID": "5f08e0af-c28c-44e7-a0ee-99c6b31f9b45",
        "eventDate": "",
        "minimumDepthInMeters": 549.0,
        "maximumDepthInMeters": 549.0,
        "basisOfRecord": "HumanObservation",
        "recordedBy": "",
        "license": "CC-BY-4.0",
        "scientific_role": "PRESENCE_ONLY_NO_ABSENCE"
      }
    },
    {
      "type": "Feature",
      "geometry": {
        "type": "Point",
        "coordinates": [
          -129.8,
          -54.83
        ]
      },
      "properties": {
        "source_id": "baso_hydrozoa_stylasteridae",
        "dataset": "Antarctic stylasteridae",
        "scientificName": "Stylaster sp.",
        "occurrenceID": "f0ad4215-456c-473a-b84b-017187291fc7",
        "eventDate": "",
        "minimumDepthInMeters": 915.0,
        "maximumDepthInMeters": 915.0,
        "basisOfRecord": "HumanObservation",
        "recordedBy": "",
        "license": "CC-BY-4.0",
        "scientific_role": "PRESENCE_ONLY_NO_ABSENCE"
      }
    },
    {
      "type": "Feature",
      "geometry": {
        "type": "Point",
        "coordinates": [
          -129.83,
          -54.83
        ]
      },
      "properties": {
        "source_id": "baso_hydrozoa_stylasteridae",
        "dataset": "Antarctic stylasteridae",
        "scientificName": "Stylaster sp.",
        "occurrenceID": "230f7a6b-2505-48a8-b0bf-800e733138b4",
        "eventDate": "",
        "minimumDepthInMeters": 567.0,
        "maximumDepthInMeters": 567.0,
        "basisOfRecord": "HumanObservation",
        "recordedBy": "",
        "license": "CC-BY-4.0",
        "scientific_role": "PRESENCE_ONLY_NO_ABSENCE"
      }
    },
    {
      "type": "Feature",
      "geometry": {
        "type": "Point",
        "coordinates": [
          -140.32,
          -53.93
        ]
      },
      "properties": {
        "source_id": "baso_hydrozoa_stylasteridae",
        "dataset": "Antarctic stylasteridae",
        "scientificName": "Stylaster sp.",
        "occurrenceID": "6328e55b-61ff-4bf3-bb18-8fcd40d72ae0",
        "eventDate": "",
        "minimumDepthInMeters": 362.0,
        "maximumDepthInMeters": 362.0,
        "basisOfRecord": "HumanObservation",
        "recordedBy": "",
        "license": "CC-BY-4.0",
        "scientific_role": "PRESENCE_ONLY_NO_ABSENCE"
      }
    },
    {
      "type": "Feature",
      "geometry": {
        "type": "Point",
        "coordinates": [
          178.93,
          -49.67
        ]
      },
      "properties": {
        "source_id": "baso_hydrozoa_stylasteridae",
        "dataset": "Antarctic stylasteridae",
        "scientificName": "Stylaster sp.",
        "occurrenceID": "898d026b-4621-474c-877a-a6a6381444b5",
        "eventDate": "",
        "minimumDepthInMeters": 952.0,
        "maximumDepthInMeters": 952.0,
        "basisOfRecord": "HumanObservation",
        "recordedBy": "",
        "license": "CC-BY-4.0",
        "scientific_role": "PRESENCE_ONLY_NO_ABSENCE"
      }
    },
    {
      "type": "Feature",
      "geometry": {
        "type": "Point",
        "coordinates": [
          178.88,
          -49.67
        ]
      },
      "properties": {
        "source_id": "baso_hydrozoa_stylasteridae",
        "dataset": "Antarctic stylasteridae",
        "scientificName": "Stylaster sp.",
        "occurrenceID": "6617173c-7742-4136-a855-ff9c4b0555bf",
        "eventDate": "",
        "minimumDepthInMeters": 476.0,
        "maximumDepthInMeters": 476.0,
        "basisOfRecord": "HumanObservation",
        "recordedBy": "",
        "license": "CC-BY-4.0",
        "scientific_role": "PRESENCE_ONLY_NO_ABSENCE"
      }
    },
    {
      "type": "Feature",
      "geometry": {
        "type": "Point",
        "coordinates": [
          -38.02,
          -54.82
        ]
      },
      "properties": {
        "source_id": "baso_hydrozoa_stylasteridae",
        "dataset": "Antarctic stylasteridae",
        "scientificName": "Stylaster sp.",
        "occurrenceID": "108f2a96-ee32-4d02-8d27-0f629a4592f4",
        "eventDate": "",
        "minimumDepthInMeters": 732.0,
        "maximumDepthInMeters": 732.0,
        "basisOfRecord": "HumanObservation",
        "recordedBy": "",
        "license": "CC-BY-4.0",
        "scientific_role": "PRESENCE_ONLY_NO_ABSENCE"
      }
    },
    {
      "type": "Feature",
      "geometry": {
        "type": "Point",
        "coordinates": [
          -129.83,
          -54.83
        ]
      },
      "properties": {
        "source_id": "baso_hydrozoa_stylasteridae",
        "dataset": "Antarctic stylasteridae",
        "scientificName": "Stylaster sp.",
        "occurrenceID": "0b6c075a-4945-480a-b2ec-928f6701cbc4",
        "eventDate": "",
        "minimumDepthInMeters": 567.0,
        "maximumDepthInMeters": 567.0,
        "basisOfRecord": "HumanObservation",
        "recordedBy": "",
        "license": "CC-BY-4.0",
        "scientific_role": "PRESENCE_ONLY_NO_ABSENCE"
      }
    },
    {
      "type": "Feature",
      "geometry": {
        "type": "Point",
        "coordinates": [
          -129.83,
          -54.83
        ]
      },
      "properties": {
        "source_id": "baso_hydrozoa_stylasteridae",
        "dataset": "Antarctic stylasteridae",
        "scientificName": "Stylaster sp.",
        "occurrenceID": "ab72a522-6794-4bef-8be6-6e7f9bc9ec63",
        "eventDate": "",
        "minimumDepthInMeters": 567.0,
        "maximumDepthInMeters": 567.0,
        "basisOfRecord": "HumanObservation",
        "recordedBy": "",
        "license": "CC-BY-4.0",
        "scientific_role": "PRESENCE_ONLY_NO_ABSENCE"
      }
    },
    {
      "type": "Feature",
      "geometry": {
        "type": "Point",
        "coordinates": [
          171.26,
          -72.32
        ]
      },
      "properties": {
        "source_id": "baso_hydrozoa_stylasteridae",
        "dataset": "Antarctic stylasteridae",
        "scientificName": "Errina fissurata",
        "occurrenceID": "e1faa7e3-7279-46c7-ac72-61124489f93b",
        "eventDate": "",
        "minimumDepthInMeters": 329.0,
        "maximumDepthInMeters": 329.0,
        "basisOfRecord": "HumanObservation",
        "recordedBy": "",
        "license": "CC-BY-4.0",
        "scientific_role": "PRESENCE_ONLY_NO_ABSENCE"
      }
    },
    {
      "type": "Feature",
      "geometry": {
        "type": "Point",
        "coordinates": [
          171.2506,
          -72.0856
        ]
      },
      "properties": {
        "source_id": "baso_hydrozoa_stylasteridae",
        "dataset": "Antarctic stylasteridae",
        "scientificName": "Errina laterorifa",
        "occurrenceID": "7c542d8a-60a4-408f-b5ce-1623edc1d2d2",
        "eventDate": "",
        "minimumDepthInMeters": null,
        "maximumDepthInMeters": null,
        "basisOfRecord": "HumanObservation",
        "recordedBy": "",
        "license": "CC-BY-4.0",
        "scientific_role": "PRESENCE_ONLY_NO_ABSENCE"
      }
    },
    {
      "type": "Feature",
      "geometry": {
        "type": "Point",
        "coordinates": [
          177.2,
          -77.0847
        ]
      },
      "properties": {
        "source_id": "baso_hydrozoa_stylasteridae",
        "dataset": "Antarctic stylasteridae",
        "scientificName": "Errina fissurata",
        "occurrenceID": "1a46a270-7a4e-4ab0-8721-594689b823fe",
        "eventDate": "",
        "minimumDepthInMeters": null,
        "maximumDepthInMeters": null,
        "basisOfRecord": "HumanObservation",
        "recordedBy": "",
        "license": "CC-BY-4.0",
        "scientific_role": "PRESENCE_ONLY_NO_ABSENCE"
      }
    },
    {
      "type": "Feature",
      "geometry": {
        "type": "Point",
        "coordinates": [
          -73.5508,
          -52.9917
        ]
      },
      "properties": {
        "source_id": "baso_hydrozoa_stylasteridae",
        "dataset": "Antarctic stylasteridae",
        "scientificName": "Errina antarctica",
        "occurrenceID": "fb7a4b8e-f755-4a4d-897d-7eb7fc229624",
        "eventDate": "",
        "minimumDepthInMeters": null,
        "maximumDepthInMeters": null,
        "basisOfRecord": "HumanObservation",
        "recordedBy": "",
        "license": "CC-BY-4.0",
        "scientific_role": "PRESENCE_ONLY_NO_ABSENCE"
      }
    },
    {
      "type": "Feature",
      "geometry": {
        "type": "Point",
        "coordinates": [
          -73.5508,
          -52.9917
        ]
      },
      "properties": {
        "source_id": "baso_hydrozoa_stylasteridae",
        "dataset": "Antarctic stylasteridae",
        "scientificName": "Errina antarctica",
        "occurrenceID": "4eaf7fbe-b53f-482a-b23e-154d8617060a",
        "eventDate": "",
        "minimumDepthInMeters": null,
        "maximumDepthInMeters": null,
        "basisOfRecord": "HumanObservation",
        "recordedBy": "",
        "license": "CC-BY-4.0",
        "scientific_role": "PRESENCE_ONLY_NO_ABSENCE"
      }
    },
    {
      "type": "Feature",
      "geometry": {
        "type": "Point",
        "coordinates": [
          -73.5508,
          -52.9917
        ]
      },
      "properties": {
        "source_id": "baso_hydrozoa_stylasteridae",
        "dataset": "Antarctic stylasteridae",
        "scientificName": "Errina antarctica",
        "occurrenceID": "7d097eb8-4775-4291-81e0-929573abdc70",
        "eventDate": "",
        "minimumDepthInMeters": null,
        "maximumDepthInMeters": null,
        "basisOfRecord": "HumanObservation",
        "recordedBy": "",
        "license": "CC-BY-4.0",
        "scientific_role": "PRESENCE_ONLY_NO_ABSENCE"
      }
    },
    {
      "type": "Feature",
      "geometry": {
        "type": "Point",
        "coordinates": [
          172.25,
          -72.0856
        ]
      },
      "properties": {
        "source_id": "baso_hydrozoa_stylasteridae",
        "dataset": "Antarctic stylasteridae",
        "scientificName": "Errina fissurata",
        "occurrenceID": "1a75c8e6-e6d0-42ef-8f40-36ffdfe8d404",
        "eventDate": "",
        "minimumDepthInMeters": null,
        "maximumDepthInMeters": null,
        "basisOfRecord": "HumanObservation",
        "recordedBy": "",
        "license": "CC-BY-4.0",
        "scientific_role": "PRESENCE_ONLY_NO_ABSENCE"
      }
    },
    {
      "type": "Feature",
      "geometry": {
        "type": "Point",
        "coordinates": [
          177.2,
          -77.0856
        ]
      },
      "properties": {
        "source_id": "baso_hydrozoa_stylasteridae",
        "dataset": "Antarctic stylasteridae",
        "scientificName": "Errina fissurata",
        "occurrenceID": "a5e0b13f-1613-406c-83eb-120265074b0f",
        "eventDate": "",
        "minimumDepthInMeters": null,
        "maximumDepthInMeters": null,
        "basisOfRecord": "HumanObservation",
        "recordedBy": "",
        "license": "CC-BY-4.0",
        "scientific_role": "PRESENCE_ONLY_NO_ABSENCE"
      }
    },
    {
      "type": "Feature",
      "geometry": {
        "type": "Point",
        "coordinates": [
          -68.7308,
          -59.7253
        ]
      },
      "properties": {
        "source_id": "baso_hydrozoa_stylasteridae",
        "dataset": "Antarctic stylasteridae",
        "scientificName": "Adelopora pseudothyron",
        "occurrenceID": "19beeceb-1511-464e-98e3-ef507f6bf436",
        "eventDate": "",
        "minimumDepthInMeters": 914.0,
        "maximumDepthInMeters": 914.0,
        "basisOfRecord": "HumanObservation",
        "recordedBy": "",
        "license": "CC-BY-4.0",
        "scientific_role": "PRESENCE_ONLY_NO_ABSENCE"
      }
    },
    {
      "type": "Feature",
      "geometry": {
        "type": "Point",
        "coordinates": [
          -70.9847,
          -60.5739
        ]
      },
      "properties": {
        "source_id": "baso_hydrozoa_stylasteridae",
        "dataset": "Antarctic stylasteridae",
        "scientificName": "Adelopora psuedothyron",
        "occurrenceID": "e359a40c-e9a1-425b-af0c-a76cf7eaa613",
        "eventDate": "",
        "minimumDepthInMeters": 684.0,
        "maximumDepthInMeters": 684.0,
        "basisOfRecord": "HumanObservation",
        "recordedBy": "",
        "license": "CC-BY-4.0",
        "scientific_role": "PRESENCE_ONLY_NO_ABSENCE"
      }
    },
    {
      "type": "Feature",
      "geometry": {
        "type": "Point",
        "coordinates": [
          -68.8775,
          -59.725
        ]
      },
      "properties": {
        "source_id": "baso_hydrozoa_stylasteridae",
        "dataset": "Antarctic stylasteridae",
        "scientificName": "Adelopora psuedothyron",
        "occurrenceID": "f1d85e4a-4ab3-420b-8cd5-835b3eca0f18",
        "eventDate": "",
        "minimumDepthInMeters": 698.0,
        "maximumDepthInMeters": 698.0,
        "basisOfRecord": "HumanObservation",
        "recordedBy": "",
        "license": "CC-BY-4.0",
        "scientific_role": "PRESENCE_ONLY_NO_ABSENCE"
      }
    },
    {
      "type": "Feature",
      "geometry": {
        "type": "Point",
        "coordinates": [
          -69.8067,
          -60.9203
        ]
      },
      "properties": {
        "source_id": "baso_hydrozoa_stylasteridae",
        "dataset": "Antarctic stylasteridae",
        "scientificName": "Adelopora psuedothyron",
        "occurrenceID": "831bea78-d524-424c-9a2a-501ff22a224e",
        "eventDate": "",
        "minimumDepthInMeters": 817.0,
        "maximumDepthInMeters": 817.0,
        "basisOfRecord": "HumanObservation",
        "recordedBy": "",
        "license": "CC-BY-4.0",
        "scientific_role": "PRESENCE_ONLY_NO_ABSENCE"
      }
    },
    {
      "type": "Feature",
      "geometry": {
        "type": "Point",
        "coordinates": [
          -70.9847,
          -60.5739
        ]
      },
      "properties": {
        "source_id": "baso_hydrozoa_stylasteridae",
        "dataset": "Antarctic stylasteridae",
        "scientificName": "Adelopora psuedothyron",
        "occurrenceID": "b3f5ab9e-5428-4048-88b9-e167aa3bba24",
        "eventDate": "",
        "minimumDepthInMeters": 821.0,
        "maximumDepthInMeters": 821.0,
        "basisOfRecord": "HumanObservation",
        "recordedBy": "",
        "license": "CC-BY-4.0",
        "scientific_role": "PRESENCE_ONLY_NO_ABSENCE"
      }
    },
    {
      "type": "Feature",
      "geometry": {
        "type": "Point",
        "coordinates": [
          -68.905,
          -59.7508
        ]
      },
      "properties": {
        "source_id": "baso_hydrozoa_stylasteridae",
        "dataset": "Antarctic stylasteridae",
        "scientificName": "Adelopora psuedothyron",
        "occurrenceID": "72b3b456-2083-4e39-a0ae-f0316ad4319b",
        "eventDate": "",
        "minimumDepthInMeters": 890.0,
        "maximumDepthInMeters": 890.0,
        "basisOfRecord": "HumanObservation",
        "recordedBy": "",
        "license": "CC-BY-4.0",
        "scientific_role": "PRESENCE_ONLY_NO_ABSENCE"
      }
    },
    {
      "type": "Feature",
      "geometry": {
        "type": "Point",
        "coordinates": [
          166.6917,
          -45.3417
        ]
      },
      "properties": {
        "source_id": "baso_hydrozoa_stylasteridae",
        "dataset": "Antarctic stylasteridae",
        "scientificName": "Calyptopora reticulata",
        "occurrenceID": "c2cede63-3f7d-459e-aca1-991f90b06a63",
        "eventDate": "",
        "minimumDepthInMeters": 0.0,
        "maximumDepthInMeters": 0.0,
        "basisOfRecord": "HumanObservation",
        "recordedBy": "",
        "license": "CC-BY-4.0",
        "scientific_role": "PRESENCE_ONLY_NO_ABSENCE"
      }
    },
    {
      "type": "Feature",
      "geometry": {
        "type": "Point",
        "coordinates": [
          167.8083,
          -51.1
        ]
      },
      "properties": {
        "source_id": "baso_hydrozoa_stylasteridae",
        "dataset": "Antarctic stylasteridae",
        "scientificName": "Calyptopora reticulata",
        "occurrenceID": "48e11c17-10d0-4b6b-a451-d41d2e2027db",
        "eventDate": "",
        "minimumDepthInMeters": 216.0,
        "maximumDepthInMeters": 216.0,
        "basisOfRecord": "HumanObservation",
        "recordedBy": "",
        "license": "CC-BY-4.0",
        "scientific_role": "PRESENCE_ONLY_NO_ABSENCE"
      }
    },
    {
      "type": "Feature",
      "geometry": {
        "type": "Point",
        "coordinates": [
          167.68,
          -50.6833
        ]
      },
      "properties": {
        "source_id": "baso_hydrozoa_stylasteridae",
        "dataset": "Antarctic stylasteridae",
        "scientificName": "Calyptopora reticulata",
        "occurrenceID": "bb90a86e-6df2-487c-82d1-530a6a1684a4",
        "eventDate": "",
        "minimumDepthInMeters": 265.0,
        "maximumDepthInMeters": 265.0,
        "basisOfRecord": "HumanObservation",
        "recordedBy": "",
        "license": "CC-BY-4.0",
        "scientific_role": "PRESENCE_ONLY_NO_ABSENCE"
      }
    },
    {
      "type": "Feature",
      "geometry": {
        "type": "Point",
        "coordinates": [
          167.685,
          -50.6783
        ]
      },
      "properties": {
        "source_id": "baso_hydrozoa_stylasteridae",
        "dataset": "Antarctic stylasteridae",
        "scientificName": "Calyptopora reticulata",
        "occurrenceID": "7fab44d5-6fd5-4833-bb4b-296e57e3c960",
        "eventDate": "",
        "minimumDepthInMeters": 300.0,
        "maximumDepthInMeters": 300.0,
        "basisOfRecord": "HumanObservation",
        "recordedBy": "",
        "license": "CC-BY-4.0",
        "scientific_role": "PRESENCE_ONLY_NO_ABSENCE"
      }
    },
    {
      "type": "Feature",
      "geometry": {
        "type": "Point",
        "coordinates": [
          178.5133,
          -47.76
        ]
      },
      "properties": {
        "source_id": "baso_hydrozoa_stylasteridae",
        "dataset": "Antarctic stylasteridae",
        "scientificName": "Calyptopora reticulata",
        "occurrenceID": "69bc5baf-2362-41e4-b07c-65a10f383560",
        "eventDate": "",
        "minimumDepthInMeters": 353.0,
        "maximumDepthInMeters": 353.0,
        "basisOfRecord": "HumanObservation",
        "recordedBy": "",
        "license": "CC-BY-4.0",
        "scientific_role": "PRESENCE_ONLY_NO_ABSENCE"
      }
    },
    {
      "type": "Feature",
      "geometry": {
        "type": "Point",
        "coordinates": [
          178.8017,
          -49.6117
        ]
      },
      "properties": {
        "source_id": "baso_hydrozoa_stylasteridae",
        "dataset": "Antarctic stylasteridae",
        "scientificName": "Calyptopora reticulata",
        "occurrenceID": "d07a61cf-f034-4c99-a960-445813ed421d",
        "eventDate": "",
        "minimumDepthInMeters": 360.0,
        "maximumDepthInMeters": 360.0,
        "basisOfRecord": "HumanObservation",
        "recordedBy": "",
        "license": "CC-BY-4.0",
        "scientific_role": "PRESENCE_ONLY_NO_ABSENCE"
      }
    },
    {
      "type": "Feature",
      "geometry": {
        "type": "Point",
        "coordinates": [
          178.8417,
          -49.6117
        ]
      },
      "properties": {
        "source_id": "baso_hydrozoa_stylasteridae",
        "dataset": "Antarctic stylasteridae",
        "scientificName": "Calyptopora reticulata",
        "occurrenceID": "db49bad4-98e8-4d1a-ba81-255d2d38ef1b",
        "eventDate": "",
        "minimumDepthInMeters": 399.0,
        "maximumDepthInMeters": 399.0,
        "basisOfRecord": "HumanObservation",
        "recordedBy": "",
        "license": "CC-BY-4.0",
        "scientific_role": "PRESENCE_ONLY_NO_ABSENCE"
      }
    },
    {
      "type": "Feature",
      "geometry": {
        "type": "Point",
        "coordinates": [
          167.66,
          -50.65
        ]
      },
      "properties": {
        "source_id": "baso_hydrozoa_stylasteridae",
        "dataset": "Antarctic stylasteridae",
        "scientificName": "Calyptopora reticulata",
        "occurrenceID": "124e06a9-be15-48a4-9259-2325d5a359f1",
        "eventDate": "",
        "minimumDepthInMeters": 400.0,
        "maximumDepthInMeters": 400.0,
        "basisOfRecord": "HumanObservation",
        "recordedBy": "",
        "license": "CC-BY-4.0",
        "scientific_role": "PRESENCE_ONLY_NO_ABSENCE"
      }
    },
    {
      "type": "Feature",
      "geometry": {
        "type": "Point",
        "coordinates": [
          158.525,
          -55.4833
        ]
      },
      "properties": {
        "source_id": "baso_hydrozoa_stylasteridae",
        "dataset": "Antarctic stylasteridae",
        "scientificName": "Calyptopora reticulata",
        "occurrenceID": "1a1228f5-4415-44f0-bc55-120d65a13a6d",
        "eventDate": "",
        "minimumDepthInMeters": 415.0,
        "maximumDepthInMeters": 415.0,
        "basisOfRecord": "HumanObservation",
        "recordedBy": "",
        "license": "CC-BY-4.0",
        "scientific_role": "PRESENCE_ONLY_NO_ABSENCE"
      }
    },
    {
      "type": "Feature",
      "geometry": {
        "type": "Point",
        "coordinates": [
          172.9983,
          -53.0117
        ]
      },
      "properties": {
        "source_id": "baso_hydrozoa_stylasteridae",
        "dataset": "Antarctic stylasteridae",
        "scientificName": "Calyptopora reticulata",
        "occurrenceID": "5831d620-2ef1-4e23-89e9-e23747777269",
        "eventDate": "",
        "minimumDepthInMeters": 450.0,
        "maximumDepthInMeters": 450.0,
        "basisOfRecord": "HumanObservation",
        "recordedBy": "",
        "license": "CC-BY-4.0",
        "scientific_role": "PRESENCE_ONLY_NO_ABSENCE"
      }
    },
    {
      "type": "Feature",
      "geometry": {
        "type": "Point",
        "coordinates": [
          178.4833,
          -48.0
        ]
      },
      "properties": {
        "source_id": "baso_hydrozoa_stylasteridae",
        "dataset": "Antarctic stylasteridae",
        "scientificName": "Calyptopora reticulata",
        "occurrenceID": "43581493-e64e-4d27-9e01-f92565894e17",
        "eventDate": "",
        "minimumDepthInMeters": 475.0,
        "maximumDepthInMeters": 475.0,
        "basisOfRecord": "HumanObservation",
        "recordedBy": "",
        "license": "CC-BY-4.0",
        "scientific_role": "PRESENCE_ONLY_NO_ABSENCE"
      }
    },
    {
      "type": "Feature",
      "geometry": {
        "type": "Point",
        "coordinates": [
          165.775,
          -46.725
        ]
      },
      "properties": {
        "source_id": "baso_hydrozoa_stylasteridae",
        "dataset": "Antarctic stylasteridae",
        "scientificName": "Calyptopora reticulata",
        "occurrenceID": "0ab8bf2e-bc53-4992-bb03-8d8b6ee99e5b",
        "eventDate": "",
        "minimumDepthInMeters": 549.0,
        "maximumDepthInMeters": 549.0,
        "basisOfRecord": "HumanObservation",
        "recordedBy": "",
        "license": "CC-BY-4.0",
        "scientific_role": "PRESENCE_ONLY_NO_ABSENCE"
      }
    },
    {
      "type": "Feature",
      "geometry": {
        "type": "Point",
        "coordinates": [
          165.775,
          -46.725
        ]
      },
      "properties": {
        "source_id": "baso_hydrozoa_stylasteridae",
        "dataset": "Antarctic stylasteridae",
        "scientificName": "Calyptopora reticulata",
        "occurrenceID": "d7dc548d-7c3f-4494-b1d7-662d45b0e5b3",
        "eventDate": "",
        "minimumDepthInMeters": 549.0,
        "maximumDepthInMeters": 549.0,
        "basisOfRecord": "HumanObservation",
        "recordedBy": "",
        "license": "CC-BY-4.0",
        "scientific_role": "PRESENCE_ONLY_NO_ABSENCE"
      }
    },
    {
      "type": "Feature",
      "geometry": {
        "type": "Point",
        "coordinates": [
          165.75,
          -50.9667
        ]
      },
      "properties": {
        "source_id": "baso_hydrozoa_stylasteridae",
        "dataset": "Antarctic stylasteridae",
        "scientificName": "Calyptopora reticulata",
        "occurrenceID": "78617826-ea72-4e63-ada8-4fff78cdd224",
        "eventDate": "",
        "minimumDepthInMeters": 549.0,
        "maximumDepthInMeters": 549.0,
        "basisOfRecord": "HumanObservation",
        "recordedBy": "",
        "license": "CC-BY-4.0",
        "scientific_role": "PRESENCE_ONLY_NO_ABSENCE"
      }
    },
    {
      "type": "Feature",
      "geometry": {
        "type": "Point",
        "coordinates": [
          165.75,
          -50.9667
        ]
      },
      "properties": {
        "source_id": "baso_hydrozoa_stylasteridae",
        "dataset": "Antarctic stylasteridae",
        "scientificName": "Calyptopora reticulata",
        "occurrenceID": "7b614538-6c9b-4d8f-bc3b-31a25ae535a5",
        "eventDate": "",
        "minimumDepthInMeters": 549.0,
        "maximumDepthInMeters": 549.0,
        "basisOfRecord": "HumanObservation",
        "recordedBy": "",
        "license": "CC-BY-4.0",
        "scientific_role": "PRESENCE_ONLY_NO_ABSENCE"
      }
    },
    {
      "type": "Feature",
      "geometry": {
        "type": "Point",
        "coordinates": [
          172.2767,
          -53.5467
        ]
      },
      "properties": {
        "source_id": "baso_hydrozoa_stylasteridae",
        "dataset": "Antarctic stylasteridae",
        "scientificName": "Calyptopora reticulata",
        "occurrenceID": "fb61f305-ac73-4864-bafb-f5f09707937c",
        "eventDate": "",
        "minimumDepthInMeters": 580.0,
        "maximumDepthInMeters": 580.0,
        "basisOfRecord": "HumanObservation",
        "recordedBy": "",
        "license": "CC-BY-4.0",
        "scientific_role": "PRESENCE_ONLY_NO_ABSENCE"
      }
    },
    {
      "type": "Feature",
      "geometry": {
        "type": "Point",
        "coordinates": [
          172.2767,
          -53.5467
        ]
      },
      "properties": {
        "source_id": "baso_hydrozoa_stylasteridae",
        "dataset": "Antarctic stylasteridae",
        "scientificName": "Calyptopora reticulata",
        "occurrenceID": "4f233e29-8f65-4e21-a4fa-527a6e5939d5",
        "eventDate": "",
        "minimumDepthInMeters": 580.0,
        "maximumDepthInMeters": 580.0,
        "basisOfRecord": "HumanObservation",
        "recordedBy": "",
        "license": "CC-BY-4.0",
        "scientific_role": "PRESENCE_ONLY_NO_ABSENCE"
      }
    },
    {
      "type": "Feature",
      "geometry": {
        "type": "Point",
        "coordinates": [
          179.2833,
          -47.76
        ]
      },
      "properties": {
        "source_id": "baso_hydrozoa_stylasteridae",
        "dataset": "Antarctic stylasteridae",
        "scientificName": "Calyptopora reticulata",
        "occurrenceID": "2255a569-e435-4a19-8c74-04a2e40edc31",
        "eventDate": "",
        "minimumDepthInMeters": 648.0,
        "maximumDepthInMeters": 648.0,
        "basisOfRecord": "HumanObservation",
        "recordedBy": "",
        "license": "CC-BY-4.0",
        "scientific_role": "PRESENCE_ONLY_NO_ABSENCE"
      }
    },
    {
      "type": "Feature",
      "geometry": {
        "type": "Point",
        "coordinates": [
          165.6,
          -46.8433
        ]
      },
      "properties": {
        "source_id": "baso_hydrozoa_stylasteridae",
        "dataset": "Antarctic stylasteridae",
        "scientificName": "Calyptopora reticulata",
        "occurrenceID": "7fbb0ad6-ab25-42bd-9fd3-e737e1898d46",
        "eventDate": "",
        "minimumDepthInMeters": 682.0,
        "maximumDepthInMeters": 682.0,
        "basisOfRecord": "HumanObservation",
        "recordedBy": "",
        "license": "CC-BY-4.0",
        "scientific_role": "PRESENCE_ONLY_NO_ABSENCE"
      }
    },
    {
      "type": "Feature",
      "geometry": {
        "type": "Point",
        "coordinates": [
          179.7367,
          -48.835
        ]
      },
      "properties": {
        "source_id": "baso_hydrozoa_stylasteridae",
        "dataset": "Antarctic stylasteridae",
        "scientificName": "Calyptopora reticulata",
        "occurrenceID": "0bb5334b-7a43-463e-8f51-922e79922330",
        "eventDate": "",
        "minimumDepthInMeters": 827.0,
        "maximumDepthInMeters": 827.0,
        "basisOfRecord": "HumanObservation",
        "recordedBy": "",
        "license": "CC-BY-4.0",
        "scientific_role": "PRESENCE_ONLY_NO_ABSENCE"
      }
    },
    {
      "type": "Feature",
      "geometry": {
        "type": "Point",
        "coordinates": [
          163.9583,
          -50.7917
        ]
      },
      "properties": {
        "source_id": "baso_hydrozoa_stylasteridae",
        "dataset": "Antarctic stylasteridae",
        "scientificName": "Calyptopora reticulata",
        "occurrenceID": "c2ce3df1-2c26-4947-bd9e-8084b0f3d118",
        "eventDate": "",
        "minimumDepthInMeters": 896.0,
        "maximumDepthInMeters": 896.0,
        "basisOfRecord": "HumanObservation",
        "recordedBy": "",
        "license": "CC-BY-4.0",
        "scientific_role": "PRESENCE_ONLY_NO_ABSENCE"
      }
    },
    {
      "type": "Feature",
      "geometry": {
        "type": "Point",
        "coordinates": [
          178.7433,
          -49.5033
        ]
      },
      "properties": {
        "source_id": "baso_hydrozoa_stylasteridae",
        "dataset": "Antarctic stylasteridae",
        "scientificName": "Calyptopora reticulata",
        "occurrenceID": "9709e2d7-fa9a-434b-ae9f-6169e104a93a",
        "eventDate": "",
        "minimumDepthInMeters": 995.0,
        "maximumDepthInMeters": 995.0,
        "basisOfRecord": "HumanObservation",
        "recordedBy": "",
        "license": "CC-BY-4.0",
        "scientific_role": "PRESENCE_ONLY_NO_ABSENCE"
      }
    },
    {
      "type": "Feature",
      "geometry": {
        "type": "Point",
        "coordinates": [
          179.0,
          -48.0
        ]
      },
      "properties": {
        "source_id": "baso_hydrozoa_stylasteridae",
        "dataset": "Antarctic stylasteridae",
        "scientificName": "Calyptopora reticulata",
        "occurrenceID": "5556f5ed-4021-439a-bc2b-9e427e4e6b18",
        "eventDate": "",
        "minimumDepthInMeters": 1068.0,
        "maximumDepthInMeters": 1068.0,
        "basisOfRecord": "HumanObservation",
        "recordedBy": "",
        "license": "CC-BY-4.0",
        "scientific_role": "PRESENCE_ONLY_NO_ABSENCE"
      }
    },
    {
      "type": "Feature",
      "geometry": {
        "type": "Point",
        "coordinates": [
          171.22,
          -53.9967
        ]
      },
      "properties": {
        "source_id": "baso_hydrozoa_stylasteridae",
        "dataset": "Antarctic stylasteridae",
        "scientificName": "Calyptopora reticulata",
        "occurrenceID": "8838c36c-e89a-44d0-b927-0430dd93b1b1",
        "eventDate": "",
        "minimumDepthInMeters": 1075.0,
        "maximumDepthInMeters": 1075.0,
        "basisOfRecord": "HumanObservation",
        "recordedBy": "",
        "license": "CC-BY-4.0",
        "scientific_role": "PRESENCE_ONLY_NO_ABSENCE"
      }
    },
    {
      "type": "Feature",
      "geometry": {
        "type": "Point",
        "coordinates": [
          171.075,
          -54.025
        ]
      },
      "properties": {
        "source_id": "baso_hydrozoa_stylasteridae",
        "dataset": "Antarctic stylasteridae",
        "scientificName": "Calyptopora reticulata",
        "occurrenceID": "5ac15b4a-1e34-465e-a23f-74a123a78695",
        "eventDate": "",
        "minimumDepthInMeters": 1262.0,
        "maximumDepthInMeters": 1262.0,
        "basisOfRecord": "HumanObservation",
        "recordedBy": "",
        "license": "CC-BY-4.0",
        "scientific_role": "PRESENCE_ONLY_NO_ABSENCE"
      }
    },
    {
      "type": "Feature",
      "geometry": {
        "type": "Point",
        "coordinates": [
          171.075,
          -54.025
        ]
      },
      "properties": {
        "source_id": "baso_hydrozoa_stylasteridae",
        "dataset": "Antarctic stylasteridae",
        "scientificName": "Calyptopora reticulata",
        "occurrenceID": "2b9379b8-34d0-42f3-8dd5-46f5957ecdc1",
        "eventDate": "",
        "minimumDepthInMeters": 1262.0,
        "maximumDepthInMeters": 1262.0,
        "basisOfRecord": "HumanObservation",
        "recordedBy": "",
        "license": "CC-BY-4.0",
        "scientific_role": "PRESENCE_ONLY_NO_ABSENCE"
      }
    },
    {
      "type": "Feature",
      "geometry": {
        "type": "Point",
        "coordinates": [
          176.2667,
          -49.3667
        ]
      },
      "properties": {
        "source_id": "baso_hydrozoa_stylasteridae",
        "dataset": "Antarctic stylasteridae",
        "scientificName": "Calyptopora reticulata",
        "occurrenceID": "17dd7a87-79bf-4300-bfa8-19e1b7919de6",
        "eventDate": "",
        "minimumDepthInMeters": 1280.0,
        "maximumDepthInMeters": 1280.0,
        "basisOfRecord": "HumanObservation",
        "recordedBy": "",
        "license": "CC-BY-4.0",
        "scientific_role": "PRESENCE_ONLY_NO_ABSENCE"
      }
    },
    {
      "type": "Feature",
      "geometry": {
        "type": "Point",
        "coordinates": [
          178.95,
          -47.6333
        ]
      },
      "properties": {
        "source_id": "baso_hydrozoa_stylasteridae",
        "dataset": "Antarctic stylasteridae",
        "scientificName": "Calyptopora reticulata",
        "occurrenceID": "2f3fab2e-805d-4c86-b130-3e63ef98eee7",
        "eventDate": "",
        "minimumDepthInMeters": 1280.0,
        "maximumDepthInMeters": 1280.0,
        "basisOfRecord": "HumanObservation",
        "recordedBy": "",
        "license": "CC-BY-4.0",
        "scientific_role": "PRESENCE_ONLY_NO_ABSENCE"
      }
    },
    {
      "type": "Feature",
      "geometry": {
        "type": "Point",
        "coordinates": [
          171.6617,
          -54.0617
        ]
      },
      "properties": {
        "source_id": "baso_hydrozoa_stylasteridae",
        "dataset": "Antarctic stylasteridae",
        "scientificName": "Calyptopora reticulata",
        "occurrenceID": "708bc9ea-c930-4dc0-aa44-4a9f8ddd3fd6",
        "eventDate": "",
        "minimumDepthInMeters": 1315.0,
        "maximumDepthInMeters": 1315.0,
        "basisOfRecord": "HumanObservation",
        "recordedBy": "",
        "license": "CC-BY-4.0",
        "scientific_role": "PRESENCE_ONLY_NO_ABSENCE"
      }
    },
    {
      "type": "Feature",
      "geometry": {
        "type": "Point",
        "coordinates": [
          166.575,
          -47.32
        ]
      },
      "properties": {
        "source_id": "baso_hydrozoa_stylasteridae",
        "dataset": "Antarctic stylasteridae",
        "scientificName": "Calyptopora reticulata",
        "occurrenceID": "a9185458-9809-42c7-8dc0-c61dfa193cd6",
        "eventDate": "",
        "minimumDepthInMeters": 1485.0,
        "maximumDepthInMeters": 1485.0,
        "basisOfRecord": "HumanObservation",
        "recordedBy": "",
        "license": "CC-BY-4.0",
        "scientific_role": "PRESENCE_ONLY_NO_ABSENCE"
      }
    },
    {
      "type": "Feature",
      "geometry": {
        "type": "Point",
        "coordinates": [
          173.478,
          -52.8052
        ]
      },
      "properties": {
        "source_id": "baso_hydrozoa_stylasteridae",
        "dataset": "Antarctic stylasteridae",
        "scientificName": "Calyptopora reticulata",
        "occurrenceID": "ab0415d5-cc4f-4ac5-9c02-ffe8d9edc086",
        "eventDate": "",
        "minimumDepthInMeters": 640.0,
        "maximumDepthInMeters": 640.0,
        "basisOfRecord": "HumanObservation",
        "recordedBy": "",
        "license": "CC-BY-4.0",
        "scientific_role": "PRESENCE_ONLY_NO_ABSENCE"
      }
    },
    {
      "type": "Feature",
      "geometry": {
        "type": "Point",
        "coordinates": [
          174.7,
          -50.0
        ]
      },
      "properties": {
        "source_id": "baso_hydrozoa_stylasteridae",
        "dataset": "Antarctic stylasteridae",
        "scientificName": "Calyptopora reticulata",
        "occurrenceID": "c41f183f-45ea-4b2b-ae8f-be4c9473aa8c",
        "eventDate": "",
        "minimumDepthInMeters": 874.0,
        "maximumDepthInMeters": 874.0,
        "basisOfRecord": "HumanObservation",
        "recordedBy": "",
        "license": "CC-BY-4.0",
        "scientific_role": "PRESENCE_ONLY_NO_ABSENCE"
      }
    },
    {
      "type": "Feature",
      "geometry": {
        "type": "Point",
        "coordinates": [
          177.8,
          -47.5
        ]
      },
      "properties": {
        "source_id": "baso_hydrozoa_stylasteridae",
        "dataset": "Antarctic stylasteridae",
        "scientificName": "Calyptopora reticulata",
        "occurrenceID": "6cacc7b9-cf12-4ded-8aa9-2268e9708d92",
        "eventDate": "",
        "minimumDepthInMeters": 867.0,
        "maximumDepthInMeters": 867.0,
        "basisOfRecord": "HumanObservation",
        "recordedBy": "",
        "license": "CC-BY-4.0",
        "scientific_role": "PRESENCE_ONLY_NO_ABSENCE"
      }
    },
    {
      "type": "Feature",
      "geometry": {
        "type": "Point",
        "coordinates": [
          -62.2272,
          -54.7339
        ]
      },
      "properties": {
        "source_id": "baso_hydrozoa_stylasteridae",
        "dataset": "Antarctic stylasteridae",
        "scientificName": "Cheiloporidion pulvinatum",
        "occurrenceID": "b886e3cd-0cb8-49cf-acaf-2ad4d53370b8",
        "eventDate": "",
        "minimumDepthInMeters": 804.0,
        "maximumDepthInMeters": 804.0,
        "basisOfRecord": "HumanObservation",
        "recordedBy": "",
        "license": "CC-BY-4.0",
        "scientific_role": "PRESENCE_ONLY_NO_ABSENCE"
      }
    },
    {
      "type": "Feature",
      "geometry": {
        "type": "Point",
        "coordinates": [
          -68.7308,
          -59.7308
        ]
      },
      "properties": {
        "source_id": "baso_hydrozoa_stylasteridae",
        "dataset": "Antarctic stylasteridae",
        "scientificName": "Cheiloporidion pulvinatum",
        "occurrenceID": "a02bf26a-269c-4d83-956d-e6f3963e1de4",
        "eventDate": "",
        "minimumDepthInMeters": 914.0,
        "maximumDepthInMeters": 914.0,
        "basisOfRecord": "HumanObservation",
        "recordedBy": "",
        "license": "CC-BY-4.0",
        "scientific_role": "PRESENCE_ONLY_NO_ABSENCE"
      }
    },
    {
      "type": "Feature",
      "geometry": {
        "type": "Point",
        "coordinates": [
          -62.1881,
          -54.7172
        ]
      },
      "properties": {
        "source_id": "baso_hydrozoa_stylasteridae",
        "dataset": "Antarctic stylasteridae",
        "scientificName": "Cheiloporidion pulvinatum",
        "occurrenceID": "7ea32c0c-0dca-4bda-8272-3a334102fe5e",
        "eventDate": "",
        "minimumDepthInMeters": 660.0,
        "maximumDepthInMeters": 660.0,
        "basisOfRecord": "HumanObservation",
        "recordedBy": "",
        "license": "CC-BY-4.0",
        "scientific_role": "PRESENCE_ONLY_NO_ABSENCE"
      }
    },
    {
      "type": "Feature",
      "geometry": {
        "type": "Point",
        "coordinates": [
          -62.1881,
          -54.7172
        ]
      },
      "properties": {
        "source_id": "baso_hydrozoa_stylasteridae",
        "dataset": "Antarctic stylasteridae",
        "scientificName": "Cheiloporidion pulvinatum",
        "occurrenceID": "331fe823-91da-4ff3-85aa-e755bc8b57fe",
        "eventDate": "",
        "minimumDepthInMeters": 660.0,
        "maximumDepthInMeters": 660.0,
        "basisOfRecord": "HumanObservation",
        "recordedBy": "",
        "license": "CC-BY-4.0",
        "scientific_role": "PRESENCE_ONLY_NO_ABSENCE"
      }
    },
    {
      "type": "Feature",
      "geometry": {
        "type": "Point",
        "coordinates": [
          -68.6172,
          -59.2861
        ]
      },
      "properties": {
        "source_id": "baso_hydrozoa_stylasteridae",
        "dataset": "Antarctic stylasteridae",
        "scientificName": "Cheiloporidion pulvinatum",
        "occurrenceID": "4f2bcb53-14f3-41c1-99af-72c16cc0dae9",
        "eventDate": "",
        "minimumDepthInMeters": 904.0,
        "maximumDepthInMeters": 904.0,
        "basisOfRecord": "HumanObservation",
        "recordedBy": "",
        "license": "CC-BY-4.0",
        "scientific_role": "PRESENCE_ONLY_NO_ABSENCE"
      }
    },
    {
      "type": "Feature",
      "geometry": {
        "type": "Point",
        "coordinates": [
          -67.0939,
          -57.1725
        ]
      },
      "properties": {
        "source_id": "baso_hydrozoa_stylasteridae",
        "dataset": "Antarctic stylasteridae",
        "scientificName": "Cheiloporidion pulvinatum",
        "occurrenceID": "8882aec5-ca86-4eba-85ec-3ebed0dce5ce",
        "eventDate": "",
        "minimumDepthInMeters": 931.0,
        "maximumDepthInMeters": 931.0,
        "basisOfRecord": "HumanObservation",
        "recordedBy": "",
        "license": "CC-BY-4.0",
        "scientific_role": "PRESENCE_ONLY_NO_ABSENCE"
      }
    },
    {
      "type": "Feature",
      "geometry": {
        "type": "Point",
        "coordinates": [
          -66.8583,
          -57.3264
        ]
      },
      "properties": {
        "source_id": "baso_hydrozoa_stylasteridae",
        "dataset": "Antarctic stylasteridae",
        "scientificName": "Cheiloporidion pulvinatum",
        "occurrenceID": "668c591a-a081-4c4b-be63-be9fbc4e1a31",
        "eventDate": "",
        "minimumDepthInMeters": 938.0,
        "maximumDepthInMeters": 938.0,
        "basisOfRecord": "HumanObservation",
        "recordedBy": "",
        "license": "CC-BY-4.0",
        "scientific_role": "PRESENCE_ONLY_NO_ABSENCE"
      }
    },
    {
      "type": "Feature",
      "geometry": {
        "type": "Point",
        "coordinates": [
          166.3513,
          -46.13
        ]
      },
      "properties": {
        "source_id": "baso_hydrozoa_stylasteridae",
        "dataset": "Antarctic stylasteridae",
        "scientificName": "Conopora verrucosa",
        "occurrenceID": "f77d0384-e567-4e17-8ca4-a6e0e838fc2e",
        "eventDate": "",
        "minimumDepthInMeters": null,
        "maximumDepthInMeters": null,
        "basisOfRecord": "HumanObservation",
        "recordedBy": "",
        "license": "CC-BY-4.0",
        "scientific_role": "PRESENCE_ONLY_NO_ABSENCE"
      }
    },
    {
      "type": "Feature",
      "geometry": {
        "type": "Point",
        "coordinates": [
          167.8083,
          -51.1
        ]
      },
      "properties": {
        "source_id": "baso_hydrozoa_stylasteridae",
        "dataset": "Antarctic stylasteridae",
        "scientificName": "Conopora verrucosa",
        "occurrenceID": "3f6bb813-ffad-48db-a9b3-aca1f423e5a8",
        "eventDate": "",
        "minimumDepthInMeters": 216.0,
        "maximumDepthInMeters": 216.0,
        "basisOfRecord": "HumanObservation",
        "recordedBy": "",
        "license": "CC-BY-4.0",
        "scientific_role": "PRESENCE_ONLY_NO_ABSENCE"
      }
    },
    {
      "type": "Feature",
      "geometry": {
        "type": "Point",
        "coordinates": [
          166.3515,
          -45.8688
        ]
      },
      "properties": {
        "source_id": "baso_hydrozoa_stylasteridae",
        "dataset": "Antarctic stylasteridae",
        "scientificName": "Conopora verrucosa",
        "occurrenceID": "f8456a64-747d-46e7-aa90-8ffa7aa4b37f",
        "eventDate": "",
        "minimumDepthInMeters": 302.0,
        "maximumDepthInMeters": 302.0,
        "basisOfRecord": "HumanObservation",
        "recordedBy": "",
        "license": "CC-BY-4.0",
        "scientific_role": "PRESENCE_ONLY_NO_ABSENCE"
      }
    },
    {
      "type": "Feature",
      "geometry": {
        "type": "Point",
        "coordinates": [
          166.8667,
          -49.0667
        ]
      },
      "properties": {
        "source_id": "baso_hydrozoa_stylasteridae",
        "dataset": "Antarctic stylasteridae",
        "scientificName": "Conopora verrucosa",
        "occurrenceID": "43ce32a9-600c-4d0a-a407-1141f32c1be6",
        "eventDate": "",
        "minimumDepthInMeters": 362.0,
        "maximumDepthInMeters": 362.0,
        "basisOfRecord": "HumanObservation",
        "recordedBy": "",
        "license": "CC-BY-4.0",
        "scientific_role": "PRESENCE_ONLY_NO_ABSENCE"
      }
    },
    {
      "type": "Feature",
      "geometry": {
        "type": "Point",
        "coordinates": [
          158.525,
          -55.4833
        ]
      },
      "properties": {
        "source_id": "baso_hydrozoa_stylasteridae",
        "dataset": "Antarctic stylasteridae",
        "scientificName": "Conopora verrucosa",
        "occurrenceID": "5d553486-f108-4f83-88fa-13661c5a2551",
        "eventDate": "",
        "minimumDepthInMeters": 415.0,
        "maximumDepthInMeters": 415.0,
        "basisOfRecord": "HumanObservation",
        "recordedBy": "",
        "license": "CC-BY-4.0",
        "scientific_role": "PRESENCE_ONLY_NO_ABSENCE"
      }
    },
    {
      "type": "Feature",
      "geometry": {
        "type": "Point",
        "coordinates": [
          165.9652,
          -46.0172
        ]
      },
      "properties": {
        "source_id": "baso_hydrozoa_stylasteridae",
        "dataset": "Antarctic stylasteridae",
        "scientificName": "Conopora verrucosa",
        "occurrenceID": "4f1b3795-bba0-42f4-9530-e45d9c899e97",
        "eventDate": "",
        "minimumDepthInMeters": 440.0,
        "maximumDepthInMeters": 440.0,
        "basisOfRecord": "HumanObservation",
        "recordedBy": "",
        "license": "CC-BY-4.0",
        "scientific_role": "PRESENCE_ONLY_NO_ABSENCE"
      }
    },
    {
      "type": "Feature",
      "geometry": {
        "type": "Point",
        "coordinates": [
          164.075,
          -67.2433
        ]
      },
      "properties": {
        "source_id": "baso_hydrozoa_stylasteridae",
        "dataset": "Antarctic stylasteridae",
        "scientificName": "Conopora verrucosa",
        "occurrenceID": "6f4e1c3b-a1fe-42ad-86d6-6b3fd4f3a7e2",
        "eventDate": "",
        "minimumDepthInMeters": 463.0,
        "maximumDepthInMeters": 463.0,
        "basisOfRecord": "HumanObservation",
        "recordedBy": "",
        "license": "CC-BY-4.0",
        "scientific_role": "PRESENCE_ONLY_NO_ABSENCE"
      }
    },
    {
      "type": "Feature",
      "geometry": {
        "type": "Point",
        "coordinates": [
          167.275,
          -49.6883
        ]
      },
      "properties": {
        "source_id": "baso_hydrozoa_stylasteridae",
        "dataset": "Antarctic stylasteridae",
        "scientificName": "Conopora verrucosa",
        "occurrenceID": "26ebd9dd-9cd5-479c-866b-4e3549ebbf6c",
        "eventDate": "",
        "minimumDepthInMeters": 520.0,
        "maximumDepthInMeters": 520.0,
        "basisOfRecord": "HumanObservation",
        "recordedBy": "",
        "license": "CC-BY-4.0",
        "scientific_role": "PRESENCE_ONLY_NO_ABSENCE"
      }
    },
    {
      "type": "Feature",
      "geometry": {
        "type": "Point",
        "coordinates": [
          165.75,
          -50.9667
        ]
      },
      "properties": {
        "source_id": "baso_hydrozoa_stylasteridae",
        "dataset": "Antarctic stylasteridae",
        "scientificName": "Conopora verrucosa",
        "occurrenceID": "20baa920-7bd1-4b45-96d6-0c3b2945d59f",
        "eventDate": "",
        "minimumDepthInMeters": 549.0,
        "maximumDepthInMeters": 549.0,
        "basisOfRecord": "HumanObservation",
        "recordedBy": "",
        "license": "CC-BY-4.0",
        "scientific_role": "PRESENCE_ONLY_NO_ABSENCE"
      }
    },
    {
      "type": "Feature",
      "geometry": {
        "type": "Point",
        "coordinates": [
          165.75,
          -50.9667
        ]
      },
      "properties": {
        "source_id": "baso_hydrozoa_stylasteridae",
        "dataset": "Antarctic stylasteridae",
        "scientificName": "Conopora verrucosa",
        "occurrenceID": "f8380947-9f12-4d97-b599-217020bd4f2c",
        "eventDate": "",
        "minimumDepthInMeters": 549.0,
        "maximumDepthInMeters": 549.0,
        "basisOfRecord": "HumanObservation",
        "recordedBy": "",
        "license": "CC-BY-4.0",
        "scientific_role": "PRESENCE_ONLY_NO_ABSENCE"
      }
    },
    {
      "type": "Feature",
      "geometry": {
        "type": "Point",
        "coordinates": [
          165.775,
          -46.725
        ]
      },
      "properties": {
        "source_id": "baso_hydrozoa_stylasteridae",
        "dataset": "Antarctic stylasteridae",
        "scientificName": "Conopora verrucosa",
        "occurrenceID": "9f247ec6-b7b9-4753-9ac3-7f9ec85a3c6c",
        "eventDate": "",
        "minimumDepthInMeters": 549.0,
        "maximumDepthInMeters": 549.0,
        "basisOfRecord": "HumanObservation",
        "recordedBy": "",
        "license": "CC-BY-4.0",
        "scientific_role": "PRESENCE_ONLY_NO_ABSENCE"
      }
    },
    {
      "type": "Feature",
      "geometry": {
        "type": "Point",
        "coordinates": [
          165.6,
          -46.8433
        ]
      },
      "properties": {
        "source_id": "baso_hydrozoa_stylasteridae",
        "dataset": "Antarctic stylasteridae",
        "scientificName": "Conopora verrucosa",
        "occurrenceID": "858972ae-804d-456b-9450-3a336d4baafd",
        "eventDate": "",
        "minimumDepthInMeters": 682.0,
        "maximumDepthInMeters": 682.0,
        "basisOfRecord": "HumanObservation",
        "recordedBy": "",
        "license": "CC-BY-4.0",
        "scientific_role": "PRESENCE_ONLY_NO_ABSENCE"
      }
    },
    {
      "type": "Feature",
      "geometry": {
        "type": "Point",
        "coordinates": [
          165.6,
          -46.8433
        ]
      },
      "properties": {
        "source_id": "baso_hydrozoa_stylasteridae",
        "dataset": "Antarctic stylasteridae",
        "scientificName": "Conopora verrucosa",
        "occurrenceID": "0afffb8b-c415-41e3-a05f-a4223c8f3b52",
        "eventDate": "",
        "minimumDepthInMeters": 682.0,
        "maximumDepthInMeters": 682.0,
        "basisOfRecord": "HumanObservation",
        "recordedBy": "",
        "license": "CC-BY-4.0",
        "scientific_role": "PRESENCE_ONLY_NO_ABSENCE"
      }
    },
    {
      "type": "Feature",
      "geometry": {
        "type": "Point",
        "coordinates": [
          179.34,
          -48.1517
        ]
      },
      "properties": {
        "source_id": "baso_hydrozoa_stylasteridae",
        "dataset": "Antarctic stylasteridae",
        "scientificName": "Conopora verrucosa",
        "occurrenceID": "7fa71ef5-1b88-4829-a556-ac535c234306",
        "eventDate": "",
        "minimumDepthInMeters": 693.0,
        "maximumDepthInMeters": 693.0,
        "basisOfRecord": "HumanObservation",
        "recordedBy": "",
        "license": "CC-BY-4.0",
        "scientific_role": "PRESENCE_ONLY_NO_ABSENCE"
      }
    },
    {
      "type": "Feature",
      "geometry": {
        "type": "Point",
        "coordinates": [
          164.5,
          -49.0167
        ]
      },
      "properties": {
        "source_id": "baso_hydrozoa_stylasteridae",
        "dataset": "Antarctic stylasteridae",
        "scientificName": "Conopora verrucosa",
        "occurrenceID": "e8a5bfce-3bfd-4f07-b9b3-096f5008379a",
        "eventDate": "",
        "minimumDepthInMeters": 741.0,
        "maximumDepthInMeters": 741.0,
        "basisOfRecord": "HumanObservation",
        "recordedBy": "",
        "license": "CC-BY-4.0",
        "scientific_role": "PRESENCE_ONLY_NO_ABSENCE"
      }
    },
    {
      "type": "Feature",
      "geometry": {
        "type": "Point",
        "coordinates": [
          165.9013,
          -50.0672
        ]
      },
      "properties": {
        "source_id": "baso_hydrozoa_stylasteridae",
        "dataset": "Antarctic stylasteridae",
        "scientificName": "Conopora verrucosa",
        "occurrenceID": "9a903d8a-6dfd-4e16-bcb3-715c880d1f24",
        "eventDate": "",
        "minimumDepthInMeters": 989.0,
        "maximumDepthInMeters": 989.0,
        "basisOfRecord": "HumanObservation",
        "recordedBy": "",
        "license": "CC-BY-4.0",
        "scientific_role": "PRESENCE_ONLY_NO_ABSENCE"
      }
    },
    {
      "type": "Feature",
      "geometry": {
        "type": "Point",
        "coordinates": [
          164.606,
          -51.0722
        ]
      },
      "properties": {
        "source_id": "baso_hydrozoa_stylasteridae",
        "dataset": "Antarctic stylasteridae",
        "scientificName": "Conopora verrucosa",
        "occurrenceID": "1016ff5e-5b45-4bec-b8db-7f50746086bd",
        "eventDate": "",
        "minimumDepthInMeters": 1065.0,
        "maximumDepthInMeters": 1065.0,
        "basisOfRecord": "HumanObservation",
        "recordedBy": "",
        "license": "CC-BY-4.0",
        "scientific_role": "PRESENCE_ONLY_NO_ABSENCE"
      }
    },
    {
      "type": "Feature",
      "geometry": {
        "type": "Point",
        "coordinates": [
          164.606,
          -51.0722
        ]
      },
      "properties": {
        "source_id": "baso_hydrozoa_stylasteridae",
        "dataset": "Antarctic stylasteridae",
        "scientificName": "Conopora verrucosa",
        "occurrenceID": "c2b06146-9adb-42ae-a70b-e5c66d26938a",
        "eventDate": "",
        "minimumDepthInMeters": 1065.0,
        "maximumDepthInMeters": 1065.0,
        "basisOfRecord": "HumanObservation",
        "recordedBy": "",
        "license": "CC-BY-4.0",
        "scientific_role": "PRESENCE_ONLY_NO_ABSENCE"
      }
    },
    {
      "type": "Feature",
      "geometry": {
        "type": "Point",
        "coordinates": [
          164.606,
          -51.0722
        ]
      },
      "properties": {
        "source_id": "baso_hydrozoa_stylasteridae",
        "dataset": "Antarctic stylasteridae",
        "scientificName": "Conopora verrucosa",
        "occurrenceID": "b44e2881-d9ed-457b-ab2d-ab0dd0be068f",
        "eventDate": "",
        "minimumDepthInMeters": 1065.0,
        "maximumDepthInMeters": 1065.0,
        "basisOfRecord": "HumanObservation",
        "recordedBy": "",
        "license": "CC-BY-4.0",
        "scientific_role": "PRESENCE_ONLY_NO_ABSENCE"
      }
    },
    {
      "type": "Feature",
      "geometry": {
        "type": "Point",
        "coordinates": [
          178.81,
          -47.7467
        ]
      },
      "properties": {
        "source_id": "baso_hydrozoa_stylasteridae",
        "dataset": "Antarctic stylasteridae",
        "scientificName": "Conopora verrucosa",
        "occurrenceID": "99ba7144-aedc-47b1-8b90-92d6f869c868",
        "eventDate": "",
        "minimumDepthInMeters": 235.0,
        "maximumDepthInMeters": 235.0,
        "basisOfRecord": "HumanObservation",
        "recordedBy": "",
        "license": "CC-BY-4.0",
        "scientific_role": "PRESENCE_ONLY_NO_ABSENCE"
      }
    },
    {
      "type": "Feature",
      "geometry": {
        "type": "Point",
        "coordinates": [
          166.6,
          -49.0
        ]
      },
      "properties": {
        "source_id": "baso_hydrozoa_stylasteridae",
        "dataset": "Antarctic stylasteridae",
        "scientificName": "Conopora verrucosa",
        "occurrenceID": "32969fda-0a61-4dcf-9943-3cd026e7c77b",
        "eventDate": "",
        "minimumDepthInMeters": 523.0,
        "maximumDepthInMeters": 523.0,
        "basisOfRecord": "HumanObservation",
        "recordedBy": "",
        "license": "CC-BY-4.0",
        "scientific_role": "PRESENCE_ONLY_NO_ABSENCE"
      }
    },
    {
      "type": "Feature",
      "geometry": {
        "type": "Point",
        "coordinates": [
          167.8083,
          -51.1
        ]
      },
      "properties": {
        "source_id": "baso_hydrozoa_stylasteridae",
        "dataset": "Antarctic stylasteridae",
        "scientificName": "Crypthelia studeri",
        "occurrenceID": "a271bd5c-ed5d-436b-a0c4-71a599e745f9",
        "eventDate": "",
        "minimumDepthInMeters": 216.0,
        "maximumDepthInMeters": 216.0,
        "basisOfRecord": "HumanObservation",
        "recordedBy": "",
        "license": "CC-BY-4.0",
        "scientific_role": "PRESENCE_ONLY_NO_ABSENCE"
      }
    },
    {
      "type": "Feature",
      "geometry": {
        "type": "Point",
        "coordinates": [
          178.8017,
          -49.6117
        ]
      },
      "properties": {
        "source_id": "baso_hydrozoa_stylasteridae",
        "dataset": "Antarctic stylasteridae",
        "scientificName": "Crypthelia studeri",
        "occurrenceID": "0a25c9e6-cc20-437f-8426-416fc32cfcfd",
        "eventDate": "",
        "minimumDepthInMeters": 360.0,
        "maximumDepthInMeters": 360.0,
        "basisOfRecord": "HumanObservation",
        "recordedBy": "",
        "license": "CC-BY-4.0",
        "scientific_role": "PRESENCE_ONLY_NO_ABSENCE"
      }
    },
    {
      "type": "Feature",
      "geometry": {
        "type": "Point",
        "coordinates": [
          178.8417,
          -49.6117
        ]
      },
      "properties": {
        "source_id": "baso_hydrozoa_stylasteridae",
        "dataset": "Antarctic stylasteridae",
        "scientificName": "Crypthelia studeri",
        "occurrenceID": "e05f8106-66c9-456b-84bb-a497ec5c9480",
        "eventDate": "",
        "minimumDepthInMeters": 399.0,
        "maximumDepthInMeters": 399.0,
        "basisOfRecord": "HumanObservation",
        "recordedBy": "",
        "license": "CC-BY-4.0",
        "scientific_role": "PRESENCE_ONLY_NO_ABSENCE"
      }
    },
    {
      "type": "Feature",
      "geometry": {
        "type": "Point",
        "coordinates": [
          158.525,
          -55.4833
        ]
      },
      "properties": {
        "source_id": "baso_hydrozoa_stylasteridae",
        "dataset": "Antarctic stylasteridae",
        "scientificName": "Crypthelia studeri",
        "occurrenceID": "2f9a6b97-2d74-43ff-ac8d-eb399d412984",
        "eventDate": "",
        "minimumDepthInMeters": 415.0,
        "maximumDepthInMeters": 415.0,
        "basisOfRecord": "HumanObservation",
        "recordedBy": "",
        "license": "CC-BY-4.0",
        "scientific_role": "PRESENCE_ONLY_NO_ABSENCE"
      }
    },
    {
      "type": "Feature",
      "geometry": {
        "type": "Point",
        "coordinates": [
          172.9983,
          -53.0117
        ]
      },
      "properties": {
        "source_id": "baso_hydrozoa_stylasteridae",
        "dataset": "Antarctic stylasteridae",
        "scientificName": "Crypthelia studeri",
        "occurrenceID": "2483f254-e51d-4d51-b8ad-419e18c18186",
        "eventDate": "",
        "minimumDepthInMeters": 450.0,
        "maximumDepthInMeters": 450.0,
        "basisOfRecord": "HumanObservation",
        "recordedBy": "",
        "license": "CC-BY-4.0",
        "scientific_role": "PRESENCE_ONLY_NO_ABSENCE"
      }
    },
    {
      "type": "Feature",
      "geometry": {
        "type": "Point",
        "coordinates": [
          165.775,
          -46.725
        ]
      },
      "properties": {
        "source_id": "baso_hydrozoa_stylasteridae",
        "dataset": "Antarctic stylasteridae",
        "scientificName": "Crypthelia studeri",
        "occurrenceID": "6bca4576-62de-444c-a596-fcac4c88f6f1",
        "eventDate": "",
        "minimumDepthInMeters": 549.0,
        "maximumDepthInMeters": 549.0,
        "basisOfRecord": "HumanObservation",
        "recordedBy": "",
        "license": "CC-BY-4.0",
        "scientific_role": "PRESENCE_ONLY_NO_ABSENCE"
      }
    },
    {
      "type": "Feature",
      "geometry": {
        "type": "Point",
        "coordinates": [
          165.75,
          -50.9667
        ]
      },
      "properties": {
        "source_id": "baso_hydrozoa_stylasteridae",
        "dataset": "Antarctic stylasteridae",
        "scientificName": "Crypthelia studeri",
        "occurrenceID": "547b8608-81ca-41a1-8fb9-0af697b89ded",
        "eventDate": "",
        "minimumDepthInMeters": 549.0,
        "maximumDepthInMeters": 549.0,
        "basisOfRecord": "HumanObservation",
        "recordedBy": "",
        "license": "CC-BY-4.0",
        "scientific_role": "PRESENCE_ONLY_NO_ABSENCE"
      }
    },
    {
      "type": "Feature",
      "geometry": {
        "type": "Point",
        "coordinates": [
          165.75,
          -50.9667
        ]
      },
      "properties": {
        "source_id": "baso_hydrozoa_stylasteridae",
        "dataset": "Antarctic stylasteridae",
        "scientificName": "Crypthelia studeri",
        "occurrenceID": "ad59b7cb-8ed4-4a5f-9cd3-ecb48ea9bc1a",
        "eventDate": "",
        "minimumDepthInMeters": 549.0,
        "maximumDepthInMeters": 549.0,
        "basisOfRecord": "HumanObservation",
        "recordedBy": "",
        "license": "CC-BY-4.0",
        "scientific_role": "PRESENCE_ONLY_NO_ABSENCE"
      }
    },
    {
      "type": "Feature",
      "geometry": {
        "type": "Point",
        "coordinates": [
          165.6,
          -46.8433
        ]
      },
      "properties": {
        "source_id": "baso_hydrozoa_stylasteridae",
        "dataset": "Antarctic stylasteridae",
        "scientificName": "Crypthelia studeri",
        "occurrenceID": "f1a50ad1-6dcf-40bb-948c-a5ca9b17c05c",
        "eventDate": "",
        "minimumDepthInMeters": 682.0,
        "maximumDepthInMeters": 682.0,
        "basisOfRecord": "HumanObservation",
        "recordedBy": "",
        "license": "CC-BY-4.0",
        "scientific_role": "PRESENCE_ONLY_NO_ABSENCE"
      }
    },
    {
      "type": "Feature",
      "geometry": {
        "type": "Point",
        "coordinates": [
          164.5,
          -49.0167
        ]
      },
      "properties": {
        "source_id": "baso_hydrozoa_stylasteridae",
        "dataset": "Antarctic stylasteridae",
        "scientificName": "Crypthelia studeri",
        "occurrenceID": "62e5c3bd-bef6-4189-8d92-1d2e2236a580",
        "eventDate": "",
        "minimumDepthInMeters": 741.0,
        "maximumDepthInMeters": 741.0,
        "basisOfRecord": "HumanObservation",
        "recordedBy": "",
        "license": "CC-BY-4.0",
        "scientific_role": "PRESENCE_ONLY_NO_ABSENCE"
      }
    },
    {
      "type": "Feature",
      "geometry": {
        "type": "Point",
        "coordinates": [
          171.075,
          -54.025
        ]
      },
      "properties": {
        "source_id": "baso_hydrozoa_stylasteridae",
        "dataset": "Antarctic stylasteridae",
        "scientificName": "Crypthelia studeri",
        "occurrenceID": "67c6f6c5-5b55-48f6-bce3-0fda8015e3e3",
        "eventDate": "",
        "minimumDepthInMeters": 1262.0,
        "maximumDepthInMeters": 1262.0,
        "basisOfRecord": "HumanObservation",
        "recordedBy": "",
        "license": "CC-BY-4.0",
        "scientific_role": "PRESENCE_ONLY_NO_ABSENCE"
      }
    },
    {
      "type": "Feature",
      "geometry": {
        "type": "Point",
        "coordinates": [
          178.88,
          -49.67
        ]
      },
      "properties": {
        "source_id": "baso_hydrozoa_stylasteridae",
        "dataset": "Antarctic stylasteridae",
        "scientificName": "Crypthelia studeri",
        "occurrenceID": "770ce2e7-f32f-44d9-b6bf-e2312d9347f1",
        "eventDate": "",
        "minimumDepthInMeters": 476.0,
        "maximumDepthInMeters": 476.0,
        "basisOfRecord": "HumanObservation",
        "recordedBy": "",
        "license": "CC-BY-4.0",
        "scientific_role": "PRESENCE_ONLY_NO_ABSENCE"
      }
    },
    {
      "type": "Feature",
      "geometry": {
        "type": "Point",
        "coordinates": [
          170.37,
          -54.65
        ]
      },
      "properties": {
        "source_id": "baso_hydrozoa_stylasteridae",
        "dataset": "Antarctic stylasteridae",
        "scientificName": "Crypthelia studeri",
        "occurrenceID": "c5494a21-0ad3-4b3b-baed-78fe6eb8c9c5",
        "eventDate": "",
        "minimumDepthInMeters": 1860.0,
        "maximumDepthInMeters": 1860.0,
        "basisOfRecord": "HumanObservation",
        "recordedBy": "",
        "license": "CC-BY-4.0",
        "scientific_role": "PRESENCE_ONLY_NO_ABSENCE"
      }
    },
    {
      "type": "Feature",
      "geometry": {
        "type": "Point",
        "coordinates": [
          165.75,
          -50.9667
        ]
      },
      "properties": {
        "source_id": "baso_hydrozoa_stylasteridae",
        "dataset": "Antarctic stylasteridae",
        "scientificName": "Crypthelia studeri",
        "occurrenceID": "44eeba27-7882-420c-aca8-9b81c1f30da6",
        "eventDate": "",
        "minimumDepthInMeters": 465.0,
        "maximumDepthInMeters": 465.0,
        "basisOfRecord": "HumanObservation",
        "recordedBy": "",
        "license": "CC-BY-4.0",
        "scientific_role": "PRESENCE_ONLY_NO_ABSENCE"
      }
    },
    {
      "type": "Feature",
      "geometry": {
        "type": "Point",
        "coordinates": [
          172.9983,
          -53.0117
        ]
      },
      "properties": {
        "source_id": "baso_hydrozoa_stylasteridae",
        "dataset": "Antarctic stylasteridae",
        "scientificName": "Crypthelia studeri",
        "occurrenceID": "d031c1c3-1cad-439b-acc5-d57d9bd967b1",
        "eventDate": "",
        "minimumDepthInMeters": 450.0,
        "maximumDepthInMeters": 450.0,
        "basisOfRecord": "HumanObservation",
        "recordedBy": "",
        "license": "CC-BY-4.0",
        "scientific_role": "PRESENCE_ONLY_NO_ABSENCE"
      }
    },
    {
      "type": "Feature",
      "geometry": {
        "type": "Point",
        "coordinates": [
          165.75,
          -50.9667
        ]
      },
      "properties": {
        "source_id": "baso_hydrozoa_stylasteridae",
        "dataset": "Antarctic stylasteridae",
        "scientificName": "Crypthelia studeri",
        "occurrenceID": "f7d32d95-73d1-4123-83b1-c87579a0373c",
        "eventDate": "",
        "minimumDepthInMeters": 465.0,
        "maximumDepthInMeters": 465.0,
        "basisOfRecord": "HumanObservation",
        "recordedBy": "",
        "license": "CC-BY-4.0",
        "scientific_role": "PRESENCE_ONLY_NO_ABSENCE"
      }
    },
    {
      "type": "Feature",
      "geometry": {
        "type": "Point",
        "coordinates": [
          -61.2011,
          -54.6614
        ]
      },
      "properties": {
        "source_id": "baso_hydrozoa_stylasteridae",
        "dataset": "Antarctic stylasteridae",
        "scientificName": "Errina",
        "occurrenceID": "29b41a32-153f-4cbc-9891-07caba87f58e",
        "eventDate": "",
        "minimumDepthInMeters": 292.0,
        "maximumDepthInMeters": 292.0,
        "basisOfRecord": "HumanObservation",
        "recordedBy": "",
        "license": "CC-BY-4.0",
        "scientific_role": "PRESENCE_ONLY_NO_ABSENCE"
      }
    },
    {
      "type": "Feature",
      "geometry": {
        "type": "Point",
        "coordinates": [
          -59.9008,
          -63.2638
        ]
      },
      "properties": {
        "source_id": "baso_hydrozoa_stylasteridae",
        "dataset": "Antarctic stylasteridae",
        "scientificName": "Errina",
        "occurrenceID": "2b417e37-d1c9-4aa5-abb6-4fe0da9a026f",
        "eventDate": "",
        "minimumDepthInMeters": 296.0,
        "maximumDepthInMeters": 296.0,
        "basisOfRecord": "HumanObservation",
        "recordedBy": "",
        "license": "CC-BY-4.0",
        "scientific_role": "PRESENCE_ONLY_NO_ABSENCE"
      }
    },
    {
      "type": "Feature",
      "geometry": {
        "type": "Point",
        "coordinates": [
          -59.9008,
          -63.2638
        ]
      },
      "properties": {
        "source_id": "baso_hydrozoa_stylasteridae",
        "dataset": "Antarctic stylasteridae",
        "scientificName": "Errina",
        "occurrenceID": "9d5a2748-4f6d-4b35-97bc-d778f49be3b4",
        "eventDate": "",
        "minimumDepthInMeters": 296.0,
        "maximumDepthInMeters": 296.0,
        "basisOfRecord": "HumanObservation",
        "recordedBy": "",
        "license": "CC-BY-4.0",
        "scientific_role": "PRESENCE_ONLY_NO_ABSENCE"
      }
    },
    {
      "type": "Feature",
      "geometry": {
        "type": "Point",
        "coordinates": [
          166.4725,
          -46.1298
        ]
      },
      "properties": {
        "source_id": "baso_hydrozoa_stylasteridae",
        "dataset": "Antarctic stylasteridae",
        "scientificName": "Errina",
        "occurrenceID": "49937dc5-008c-481d-9f15-d1e2b8478ba5",
        "eventDate": "",
        "minimumDepthInMeters": 88.0,
        "maximumDepthInMeters": 88.0,
        "basisOfRecord": "HumanObservation",
        "recordedBy": "",
        "license": "CC-BY-4.0",
        "scientific_role": "PRESENCE_ONLY_NO_ABSENCE"
      }
    },
    {
      "type": "Feature",
      "geometry": {
        "type": "Point",
        "coordinates": [
          166.4725,
          -46.1298
        ]
      },
      "properties": {
        "source_id": "baso_hydrozoa_stylasteridae",
        "dataset": "Antarctic stylasteridae",
        "scientificName": "Errina",
        "occurrenceID": "1de8106e-68ae-4ecf-8c4c-4ce9174ee480",
        "eventDate": "",
        "minimumDepthInMeters": 88.0,
        "maximumDepthInMeters": 88.0,
        "basisOfRecord": "HumanObservation",
        "recordedBy": "",
        "license": "CC-BY-4.0",
        "scientific_role": "PRESENCE_ONLY_NO_ABSENCE"
      }
    },
    {
      "type": "Feature",
      "geometry": {
        "type": "Point",
        "coordinates": [
          160.5167,
          -52.5167
        ]
      },
      "properties": {
        "source_id": "baso_hydrozoa_stylasteridae",
        "dataset": "Antarctic stylasteridae",
        "scientificName": "Errina",
        "occurrenceID": "d70de2b7-8a91-46de-b0ef-f9e723e48d23",
        "eventDate": "",
        "minimumDepthInMeters": 128.0,
        "maximumDepthInMeters": 128.0,
        "basisOfRecord": "HumanObservation",
        "recordedBy": "",
        "license": "CC-BY-4.0",
        "scientific_role": "PRESENCE_ONLY_NO_ABSENCE"
      }
    },
    {
      "type": "Feature",
      "geometry": {
        "type": "Point",
        "coordinates": [
          176.2583,
          -72.92
        ]
      },
      "properties": {
        "source_id": "baso_hydrozoa_stylasteridae",
        "dataset": "Antarctic stylasteridae",
        "scientificName": "Errina",
        "occurrenceID": "4f9ef934-65bc-44e0-a944-346abd71c936",
        "eventDate": "",
        "minimumDepthInMeters": 505.0,
        "maximumDepthInMeters": 505.0,
        "basisOfRecord": "HumanObservation",
        "recordedBy": "",
        "license": "CC-BY-4.0",
        "scientific_role": "PRESENCE_ONLY_NO_ABSENCE"
      }
    },
    {
      "type": "Feature",
      "geometry": {
        "type": "Point",
        "coordinates": [
          165.6,
          -46.8433
        ]
      },
      "properties": {
        "source_id": "baso_hydrozoa_stylasteridae",
        "dataset": "Antarctic stylasteridae",
        "scientificName": "Errina",
        "occurrenceID": "c0c37133-be52-4f4d-9b99-c52dfe0b6e25",
        "eventDate": "",
        "minimumDepthInMeters": 682.0,
        "maximumDepthInMeters": 682.0,
        "basisOfRecord": "HumanObservation",
        "recordedBy": "",
        "license": "CC-BY-4.0",
        "scientific_role": "PRESENCE_ONLY_NO_ABSENCE"
      }
    },
    {
      "type": "Feature",
      "geometry": {
        "type": "Point",
        "coordinates": [
          166.1,
          -48.0167
        ]
      },
      "properties": {
        "source_id": "baso_hydrozoa_stylasteridae",
        "dataset": "Antarctic stylasteridae",
        "scientificName": "Errina",
        "occurrenceID": "0da84849-501c-4212-9710-dcb184b56057",
        "eventDate": "",
        "minimumDepthInMeters": 940.0,
        "maximumDepthInMeters": 940.0,
        "basisOfRecord": "HumanObservation",
        "recordedBy": "",
        "license": "CC-BY-4.0",
        "scientific_role": "PRESENCE_ONLY_NO_ABSENCE"
      }
    },
    {
      "type": "Feature",
      "geometry": {
        "type": "Point",
        "coordinates": [
          -60.5668,
          -65.9235
        ]
      },
      "properties": {
        "source_id": "baso_hydrozoa_stylasteridae",
        "dataset": "Antarctic stylasteridae",
        "scientificName": "Errina",
        "occurrenceID": "c5dd56ee-8dae-48f5-b06a-e40cbd7c5058",
        "eventDate": "",
        "minimumDepthInMeters": 154.0,
        "maximumDepthInMeters": 154.0,
        "basisOfRecord": "HumanObservation",
        "recordedBy": "",
        "license": "CC-BY-4.0",
        "scientific_role": "PRESENCE_ONLY_NO_ABSENCE"
      }
    },
    {
      "type": "Feature",
      "geometry": {
        "type": "Point",
        "coordinates": [
          -52.38,
          -63.0157
        ]
      },
      "properties": {
        "source_id": "baso_hydrozoa_stylasteridae",
        "dataset": "Antarctic stylasteridae",
        "scientificName": "Errina",
        "occurrenceID": "94efec6d-af6f-4eb2-aa34-9391a20fd0fa",
        "eventDate": "",
        "minimumDepthInMeters": 215.0,
        "maximumDepthInMeters": 215.0,
        "basisOfRecord": "HumanObservation",
        "recordedBy": "",
        "license": "CC-BY-4.0",
        "scientific_role": "PRESENCE_ONLY_NO_ABSENCE"
      }
    },
    {
      "type": "Feature",
      "geometry": {
        "type": "Point",
        "coordinates": [
          71.2,
          -51.8
        ]
      },
      "properties": {
        "source_id": "baso_hydrozoa_stylasteridae",
        "dataset": "Antarctic stylasteridae",
        "scientificName": "Errina",
        "occurrenceID": "4dba4fca-50f1-4719-a47e-17f79e62d1e0",
        "eventDate": "",
        "minimumDepthInMeters": 215.0,
        "maximumDepthInMeters": 215.0,
        "basisOfRecord": "HumanObservation",
        "recordedBy": "",
        "license": "CC-BY-4.0",
        "scientific_role": "PRESENCE_ONLY_NO_ABSENCE"
      }
    },
    {
      "type": "Feature",
      "geometry": {
        "type": "Point",
        "coordinates": [
          -60.4736,
          -65.9571
        ]
      },
      "properties": {
        "source_id": "baso_hydrozoa_stylasteridae",
        "dataset": "Antarctic stylasteridae",
        "scientificName": "Errina",
        "occurrenceID": "26dd8c73-3c88-4650-8012-4737d7e12928",
        "eventDate": "",
        "minimumDepthInMeters": 295.0,
        "maximumDepthInMeters": 295.0,
        "basisOfRecord": "HumanObservation",
        "recordedBy": "",
        "license": "CC-BY-4.0",
        "scientific_role": "PRESENCE_ONLY_NO_ABSENCE"
      }
    },
    {
      "type": "Feature",
      "geometry": {
        "type": "Point",
        "coordinates": [
          170.6533,
          -71.2897
        ]
      },
      "properties": {
        "source_id": "baso_hydrozoa_stylasteridae",
        "dataset": "Antarctic stylasteridae",
        "scientificName": "Errina",
        "occurrenceID": "87a53390-2603-48c0-a1b2-14df47f0b7fd",
        "eventDate": "",
        "minimumDepthInMeters": 306.0,
        "maximumDepthInMeters": 306.0,
        "basisOfRecord": "HumanObservation",
        "recordedBy": "",
        "license": "CC-BY-4.0",
        "scientific_role": "PRESENCE_ONLY_NO_ABSENCE"
      }
    },
    {
      "type": "Feature",
      "geometry": {
        "type": "Point",
        "coordinates": [
          -60.6243,
          -64.9133
        ]
      },
      "properties": {
        "source_id": "baso_hydrozoa_stylasteridae",
        "dataset": "Antarctic stylasteridae",
        "scientificName": "Errina",
        "occurrenceID": "c4a5726a-84a7-4f25-8327-aae654c80e60",
        "eventDate": "",
        "minimumDepthInMeters": 318.0,
        "maximumDepthInMeters": 318.0,
        "basisOfRecord": "HumanObservation",
        "recordedBy": "",
        "license": "CC-BY-4.0",
        "scientific_role": "PRESENCE_ONLY_NO_ABSENCE"
      }
    },
    {
      "type": "Feature",
      "geometry": {
        "type": "Point",
        "coordinates": [
          -61.6216,
          -65.5561
        ]
      },
      "properties": {
        "source_id": "baso_hydrozoa_stylasteridae",
        "dataset": "Antarctic stylasteridae",
        "scientificName": "Errina",
        "occurrenceID": "e7f8d745-3bea-4cde-9fd3-1b6aa8459430",
        "eventDate": "",
        "minimumDepthInMeters": 422.0,
        "maximumDepthInMeters": 422.0,
        "basisOfRecord": "HumanObservation",
        "recordedBy": "",
        "license": "CC-BY-4.0",
        "scientific_role": "PRESENCE_ONLY_NO_ABSENCE"
      }
    },
    {
      "type": "Feature",
      "geometry": {
        "type": "Point",
        "coordinates": [
          71.7,
          -52.25
        ]
      },
      "properties": {
        "source_id": "baso_hydrozoa_stylasteridae",
        "dataset": "Antarctic stylasteridae",
        "scientificName": "Errina",
        "occurrenceID": "6aaa189f-aaef-4a5c-894e-dd7339b3c127",
        "eventDate": "",
        "minimumDepthInMeters": 637.0,
        "maximumDepthInMeters": 637.0,
        "basisOfRecord": "HumanObservation",
        "recordedBy": "",
        "license": "CC-BY-4.0",
        "scientific_role": "PRESENCE_ONLY_NO_ABSENCE"
      }
    },
    {
      "type": "Feature",
      "geometry": {
        "type": "Point",
        "coordinates": [
          74.3,
          -52.85
        ]
      },
      "properties": {
        "source_id": "baso_hydrozoa_stylasteridae",
        "dataset": "Antarctic stylasteridae",
        "scientificName": "Errina",
        "occurrenceID": "48067295-d81b-4339-b493-7ade9a30f592",
        "eventDate": "",
        "minimumDepthInMeters": null,
        "maximumDepthInMeters": null,
        "basisOfRecord": "HumanObservation",
        "recordedBy": "",
        "license": "CC-BY-4.0",
        "scientific_role": "PRESENCE_ONLY_NO_ABSENCE"
      }
    },
    {
      "type": "Feature",
      "geometry": {
        "type": "Point",
        "coordinates": [
          160.887,
          -65.4127
        ]
      },
      "properties": {
        "source_id": "baso_hydrozoa_stylasteridae",
        "dataset": "Antarctic stylasteridae",
        "scientificName": "Errina",
        "occurrenceID": "d0e2fb31-a283-4f75-8344-e4d3830407af",
        "eventDate": "",
        "minimumDepthInMeters": 114.0,
        "maximumDepthInMeters": 114.0,
        "basisOfRecord": "HumanObservation",
        "recordedBy": "",
        "license": "CC-BY-4.0",
        "scientific_role": "PRESENCE_ONLY_NO_ABSENCE"
      }
    },
    {
      "type": "Feature",
      "geometry": {
        "type": "Point",
        "coordinates": [
          160.887,
          -65.4127
        ]
      },
      "properties": {
        "source_id": "baso_hydrozoa_stylasteridae",
        "dataset": "Antarctic stylasteridae",
        "scientificName": "Errina",
        "occurrenceID": "f124f04f-4555-4943-9557-ed6d7568243a",
        "eventDate": "",
        "minimumDepthInMeters": 114.0,
        "maximumDepthInMeters": 114.0,
        "basisOfRecord": "HumanObservation",
        "recordedBy": "",
        "license": "CC-BY-4.0",
        "scientific_role": "PRESENCE_ONLY_NO_ABSENCE"
      }
    },
    {
      "type": "Feature",
      "geometry": {
        "type": "Point",
        "coordinates": [
          160.8817,
          -65.4133
        ]
      },
      "properties": {
        "source_id": "baso_hydrozoa_stylasteridae",
        "dataset": "Antarctic stylasteridae",
        "scientificName": "Errina",
        "occurrenceID": "844a54de-3cb9-476c-9e45-333fa3655bb5",
        "eventDate": "",
        "minimumDepthInMeters": 125.0,
        "maximumDepthInMeters": 125.0,
        "basisOfRecord": "HumanObservation",
        "recordedBy": "",
        "license": "CC-BY-4.0",
        "scientific_role": "PRESENCE_ONLY_NO_ABSENCE"
      }
    },
    {
      "type": "Feature",
      "geometry": {
        "type": "Point",
        "coordinates": [
          160.8817,
          -65.4133
        ]
      },
      "properties": {
        "source_id": "baso_hydrozoa_stylasteridae",
        "dataset": "Antarctic stylasteridae",
        "scientificName": "Errina",
        "occurrenceID": "f2a349b4-2cb5-40d1-aadd-7d4e8283aa94",
        "eventDate": "",
        "minimumDepthInMeters": 125.0,
        "maximumDepthInMeters": 125.0,
        "basisOfRecord": "HumanObservation",
        "recordedBy": "",
        "license": "CC-BY-4.0",
        "scientific_role": "PRESENCE_ONLY_NO_ABSENCE"
      }
    },
    {
      "type": "Feature",
      "geometry": {
        "type": "Point",
        "coordinates": [
          170.3942,
          -72.3368
        ]
      },
      "properties": {
        "source_id": "baso_hydrozoa_stylasteridae",
        "dataset": "Antarctic stylasteridae",
        "scientificName": "Errina",
        "occurrenceID": "796dc520-a566-413b-99df-f7db90772916",
        "eventDate": "",
        "minimumDepthInMeters": 154.0,
        "maximumDepthInMeters": 154.0,
        "basisOfRecord": "HumanObservation",
        "recordedBy": "",
        "license": "CC-BY-4.0",
        "scientific_role": "PRESENCE_ONLY_NO_ABSENCE"
      }
    },
    {
      "type": "Feature",
      "geometry": {
        "type": "Point",
        "coordinates": [
          170.8082,
          -72.0183
        ]
      },
      "properties": {
        "source_id": "baso_hydrozoa_stylasteridae",
        "dataset": "Antarctic stylasteridae",
        "scientificName": "Errina",
        "occurrenceID": "00a3d946-03cc-43d4-879f-80f764730871",
        "eventDate": "",
        "minimumDepthInMeters": 302.0,
        "maximumDepthInMeters": 302.0,
        "basisOfRecord": "HumanObservation",
        "recordedBy": "",
        "license": "CC-BY-4.0",
        "scientific_role": "PRESENCE_ONLY_NO_ABSENCE"
      }
    },
    {
      "type": "Feature",
      "geometry": {
        "type": "Point",
        "coordinates": [
          170.5767,
          -71.2935
        ]
      },
      "properties": {
        "source_id": "baso_hydrozoa_stylasteridae",
        "dataset": "Antarctic stylasteridae",
        "scientificName": "Errina",
        "occurrenceID": "b3fec605-adb2-4423-b789-2d932816bbb2",
        "eventDate": "",
        "minimumDepthInMeters": 346.0,
        "maximumDepthInMeters": 346.0,
        "basisOfRecord": "HumanObservation",
        "recordedBy": "",
        "license": "CC-BY-4.0",
        "scientific_role": "PRESENCE_ONLY_NO_ABSENCE"
      }
    },
    {
      "type": "Feature",
      "geometry": {
        "type": "Point",
        "coordinates": [
          170.5767,
          -71.2935
        ]
      },
      "properties": {
        "source_id": "baso_hydrozoa_stylasteridae",
        "dataset": "Antarctic stylasteridae",
        "scientificName": "Errina",
        "occurrenceID": "5edf7038-e28a-4a86-915f-02731389c4e9",
        "eventDate": "",
        "minimumDepthInMeters": 346.0,
        "maximumDepthInMeters": 346.0,
        "basisOfRecord": "HumanObservation",
        "recordedBy": "",
        "license": "CC-BY-4.0",
        "scientific_role": "PRESENCE_ONLY_NO_ABSENCE"
      }
    },
    {
      "type": "Feature",
      "geometry": {
        "type": "Point",
        "coordinates": [
          160.9442,
          -65.4965
        ]
      },
      "properties": {
        "source_id": "baso_hydrozoa_stylasteridae",
        "dataset": "Antarctic stylasteridae",
        "scientificName": "Errina",
        "occurrenceID": "55909cdf-7a76-4a45-99eb-62d89c9afcad",
        "eventDate": "",
        "minimumDepthInMeters": 371.0,
        "maximumDepthInMeters": 371.0,
        "basisOfRecord": "HumanObservation",
        "recordedBy": "",
        "license": "CC-BY-4.0",
        "scientific_role": "PRESENCE_ONLY_NO_ABSENCE"
      }
    },
    {
      "type": "Feature",
      "geometry": {
        "type": "Point",
        "coordinates": [
          171.654,
          -71.7398
        ]
      },
      "properties": {
        "source_id": "baso_hydrozoa_stylasteridae",
        "dataset": "Antarctic stylasteridae",
        "scientificName": "Errina",
        "occurrenceID": "cba66216-76bc-4eb2-8490-43b5b7872722",
        "eventDate": "",
        "minimumDepthInMeters": 409.0,
        "maximumDepthInMeters": 409.0,
        "basisOfRecord": "HumanObservation",
        "recordedBy": "",
        "license": "CC-BY-4.0",
        "scientific_role": "PRESENCE_ONLY_NO_ABSENCE"
      }
    },
    {
      "type": "Feature",
      "geometry": {
        "type": "Point",
        "coordinates": [
          171.654,
          -71.7398
        ]
      },
      "properties": {
        "source_id": "baso_hydrozoa_stylasteridae",
        "dataset": "Antarctic stylasteridae",
        "scientificName": "Errina",
        "occurrenceID": "1bbd79bd-69e2-4cbe-9916-2fbc01e89c79",
        "eventDate": "",
        "minimumDepthInMeters": 409.0,
        "maximumDepthInMeters": 409.0,
        "basisOfRecord": "HumanObservation",
        "recordedBy": "",
        "license": "CC-BY-4.0",
        "scientific_role": "PRESENCE_ONLY_NO_ABSENCE"
      }
    },
    {
      "type": "Feature",
      "geometry": {
        "type": "Point",
        "coordinates": [
          171.75,
          -71.7313
        ]
      },
      "properties": {
        "source_id": "baso_hydrozoa_stylasteridae",
        "dataset": "Antarctic stylasteridae",
        "scientificName": "Errina",
        "occurrenceID": "6dd40b3f-9e89-44d4-9918-b88700fd3515",
        "eventDate": "",
        "minimumDepthInMeters": 451.0,
        "maximumDepthInMeters": 451.0,
        "basisOfRecord": "HumanObservation",
        "recordedBy": "",
        "license": "CC-BY-4.0",
        "scientific_role": "PRESENCE_ONLY_NO_ABSENCE"
      }
    },
    {
      "type": "Feature",
      "geometry": {
        "type": "Point",
        "coordinates": [
          171.75,
          -71.7313
        ]
      },
      "properties": {
        "source_id": "baso_hydrozoa_stylasteridae",
        "dataset": "Antarctic stylasteridae",
        "scientificName": "Errina",
        "occurrenceID": "288b4f2f-ddb9-4919-a441-e73e0538e1d1",
        "eventDate": "",
        "minimumDepthInMeters": 451.0,
        "maximumDepthInMeters": 451.0,
        "basisOfRecord": "HumanObservation",
        "recordedBy": "",
        "license": "CC-BY-4.0",
        "scientific_role": "PRESENCE_ONLY_NO_ABSENCE"
      }
    },
    {
      "type": "Feature",
      "geometry": {
        "type": "Point",
        "coordinates": [
          171.75,
          -71.7313
        ]
      },
      "properties": {
        "source_id": "baso_hydrozoa_stylasteridae",
        "dataset": "Antarctic stylasteridae",
        "scientificName": "Errina",
        "occurrenceID": "88c28047-d4be-45b0-be17-d09e45045d49",
        "eventDate": "",
        "minimumDepthInMeters": 451.0,
        "maximumDepthInMeters": 451.0,
        "basisOfRecord": "HumanObservation",
        "recordedBy": "",
        "license": "CC-BY-4.0",
        "scientific_role": "PRESENCE_ONLY_NO_ABSENCE"
      }
    },
    {
      "type": "Feature",
      "geometry": {
        "type": "Point",
        "coordinates": [
          171.7353,
          -71.7278
        ]
      },
      "properties": {
        "source_id": "baso_hydrozoa_stylasteridae",
        "dataset": "Antarctic stylasteridae",
        "scientificName": "Errina",
        "occurrenceID": "d82086c2-310c-4cc8-a1b4-ffe422736424",
        "eventDate": "",
        "minimumDepthInMeters": 466.0,
        "maximumDepthInMeters": 466.0,
        "basisOfRecord": "HumanObservation",
        "recordedBy": "",
        "license": "CC-BY-4.0",
        "scientific_role": "PRESENCE_ONLY_NO_ABSENCE"
      }
    },
    {
      "type": "Feature",
      "geometry": {
        "type": "Point",
        "coordinates": [
          171.7353,
          -71.7278
        ]
      },
      "properties": {
        "source_id": "baso_hydrozoa_stylasteridae",
        "dataset": "Antarctic stylasteridae",
        "scientificName": "Errina",
        "occurrenceID": "9092bd30-619b-4a1e-8628-3b88a8c6c253",
        "eventDate": "",
        "minimumDepthInMeters": 466.0,
        "maximumDepthInMeters": 466.0,
        "basisOfRecord": "HumanObservation",
        "recordedBy": "",
        "license": "CC-BY-4.0",
        "scientific_role": "PRESENCE_ONLY_NO_ABSENCE"
      }
    },
    {
      "type": "Feature",
      "geometry": {
        "type": "Point",
        "coordinates": [
          172.7132,
          -72.1167
        ]
      },
      "properties": {
        "source_id": "baso_hydrozoa_stylasteridae",
        "dataset": "Antarctic stylasteridae",
        "scientificName": "Errina",
        "occurrenceID": "61feaa2a-c850-48c1-9b04-8fd77a3714ee",
        "eventDate": "",
        "minimumDepthInMeters": 499.0,
        "maximumDepthInMeters": 499.0,
        "basisOfRecord": "HumanObservation",
        "recordedBy": "",
        "license": "CC-BY-4.0",
        "scientific_role": "PRESENCE_ONLY_NO_ABSENCE"
      }
    },
    {
      "type": "Feature",
      "geometry": {
        "type": "Point",
        "coordinates": [
          172.1342,
          -71.9947
        ]
      },
      "properties": {
        "source_id": "baso_hydrozoa_stylasteridae",
        "dataset": "Antarctic stylasteridae",
        "scientificName": "Errina",
        "occurrenceID": "52c3df3f-f635-4b18-b625-840bcfb56815",
        "eventDate": "",
        "minimumDepthInMeters": 515.0,
        "maximumDepthInMeters": 515.0,
        "basisOfRecord": "HumanObservation",
        "recordedBy": "",
        "license": "CC-BY-4.0",
        "scientific_role": "PRESENCE_ONLY_NO_ABSENCE"
      }
    },
    {
      "type": "Feature",
      "geometry": {
        "type": "Point",
        "coordinates": [
          172.2223,
          -72.0013
        ]
      },
      "properties": {
        "source_id": "baso_hydrozoa_stylasteridae",
        "dataset": "Antarctic stylasteridae",
        "scientificName": "Errina",
        "occurrenceID": "eb960447-981f-44de-adcb-1184d7df5222",
        "eventDate": "",
        "minimumDepthInMeters": 536.0,
        "maximumDepthInMeters": 536.0,
        "basisOfRecord": "HumanObservation",
        "recordedBy": "",
        "license": "CC-BY-4.0",
        "scientific_role": "PRESENCE_ONLY_NO_ABSENCE"
      }
    },
    {
      "type": "Feature",
      "geometry": {
        "type": "Point",
        "coordinates": [
          172.2223,
          -72.0013
        ]
      },
      "properties": {
        "source_id": "baso_hydrozoa_stylasteridae",
        "dataset": "Antarctic stylasteridae",
        "scientificName": "Errina",
        "occurrenceID": "58738be9-1e76-4178-b3a4-81ed87278820",
        "eventDate": "",
        "minimumDepthInMeters": 536.0,
        "maximumDepthInMeters": 536.0,
        "basisOfRecord": "HumanObservation",
        "recordedBy": "",
        "license": "CC-BY-4.0",
        "scientific_role": "PRESENCE_ONLY_NO_ABSENCE"
      }
    },
    {
      "type": "Feature",
      "geometry": {
        "type": "Point",
        "coordinates": [
          172.2223,
          -72.0013
        ]
      },
      "properties": {
        "source_id": "baso_hydrozoa_stylasteridae",
        "dataset": "Antarctic stylasteridae",
        "scientificName": "Errina",
        "occurrenceID": "7e29ec1d-0247-482b-ab9a-7924d91cabf5",
        "eventDate": "",
        "minimumDepthInMeters": 536.0,
        "maximumDepthInMeters": 536.0,
        "basisOfRecord": "HumanObservation",
        "recordedBy": "",
        "license": "CC-BY-4.0",
        "scientific_role": "PRESENCE_ONLY_NO_ABSENCE"
      }
    },
    {
      "type": "Feature",
      "geometry": {
        "type": "Point",
        "coordinates": [
          172.2227,
          -72.0085
        ]
      },
      "properties": {
        "source_id": "baso_hydrozoa_stylasteridae",
        "dataset": "Antarctic stylasteridae",
        "scientificName": "Errina",
        "occurrenceID": "b7c7b102-3483-40ad-8b78-c026c10b5db8",
        "eventDate": "",
        "minimumDepthInMeters": 540.0,
        "maximumDepthInMeters": 540.0,
        "basisOfRecord": "HumanObservation",
        "recordedBy": "",
        "license": "CC-BY-4.0",
        "scientific_role": "PRESENCE_ONLY_NO_ABSENCE"
      }
    },
    {
      "type": "Feature",
      "geometry": {
        "type": "Point",
        "coordinates": [
          172.2227,
          -72.0085
        ]
      },
      "properties": {
        "source_id": "baso_hydrozoa_stylasteridae",
        "dataset": "Antarctic stylasteridae",
        "scientificName": "Errina",
        "occurrenceID": "daffb711-a1ef-49ab-803c-ae230d71f8ff",
        "eventDate": "",
        "minimumDepthInMeters": 540.0,
        "maximumDepthInMeters": 540.0,
        "basisOfRecord": "HumanObservation",
        "recordedBy": "",
        "license": "CC-BY-4.0",
        "scientific_role": "PRESENCE_ONLY_NO_ABSENCE"
      }
    },
    {
      "type": "Feature",
      "geometry": {
        "type": "Point",
        "coordinates": [
          172.1785,
          -71.9853
        ]
      },
      "properties": {
        "source_id": "baso_hydrozoa_stylasteridae",
        "dataset": "Antarctic stylasteridae",
        "scientificName": "Errina",
        "occurrenceID": "47564525-ec90-443e-938c-2ca08344aea1",
        "eventDate": "",
        "minimumDepthInMeters": 737.0,
        "maximumDepthInMeters": 737.0,
        "basisOfRecord": "HumanObservation",
        "recordedBy": "",
        "license": "CC-BY-4.0",
        "scientific_role": "PRESENCE_ONLY_NO_ABSENCE"
      }
    },
    {
      "type": "Feature",
      "geometry": {
        "type": "Point",
        "coordinates": [
          173.3198,
          -72.0503
        ]
      },
      "properties": {
        "source_id": "baso_hydrozoa_stylasteridae",
        "dataset": "Antarctic stylasteridae",
        "scientificName": "Errina",
        "occurrenceID": "83d37747-b4db-4309-98b6-9f712cc5d137",
        "eventDate": "",
        "minimumDepthInMeters": 760.0,
        "maximumDepthInMeters": 760.0,
        "basisOfRecord": "HumanObservation",
        "recordedBy": "",
        "license": "CC-BY-4.0",
        "scientific_role": "PRESENCE_ONLY_NO_ABSENCE"
      }
    },
    {
      "type": "Feature",
      "geometry": {
        "type": "Point",
        "coordinates": [
          173.3198,
          -72.0503
        ]
      },
      "properties": {
        "source_id": "baso_hydrozoa_stylasteridae",
        "dataset": "Antarctic stylasteridae",
        "scientificName": "Errina",
        "occurrenceID": "03ccd776-d39c-4c5b-ac60-c675c3c6d218",
        "eventDate": "",
        "minimumDepthInMeters": 760.0,
        "maximumDepthInMeters": 760.0,
        "basisOfRecord": "HumanObservation",
        "recordedBy": "",
        "license": "CC-BY-4.0",
        "scientific_role": "PRESENCE_ONLY_NO_ABSENCE"
      }
    },
    {
      "type": "Feature",
      "geometry": {
        "type": "Point",
        "coordinates": [
          173.3198,
          -72.0503
        ]
      },
      "properties": {
        "source_id": "baso_hydrozoa_stylasteridae",
        "dataset": "Antarctic stylasteridae",
        "scientificName": "Errina",
        "occurrenceID": "29b1ad69-dc58-41b5-a8b7-e0ce1a6d7f88",
        "eventDate": "",
        "minimumDepthInMeters": 760.0,
        "maximumDepthInMeters": 760.0,
        "basisOfRecord": "HumanObservation",
        "recordedBy": "",
        "license": "CC-BY-4.0",
        "scientific_role": "PRESENCE_ONLY_NO_ABSENCE"
      }
    },
    {
      "type": "Feature",
      "geometry": {
        "type": "Point",
        "coordinates": [
          173.3198,
          -72.0503
        ]
      },
      "properties": {
        "source_id": "baso_hydrozoa_stylasteridae",
        "dataset": "Antarctic stylasteridae",
        "scientificName": "Errina",
        "occurrenceID": "7727f1c9-0c58-4059-ba83-8ce802282b55",
        "eventDate": "",
        "minimumDepthInMeters": 760.0,
        "maximumDepthInMeters": 760.0,
        "basisOfRecord": "HumanObservation",
        "recordedBy": "",
        "license": "CC-BY-4.0",
        "scientific_role": "PRESENCE_ONLY_NO_ABSENCE"
      }
    },
    {
      "type": "Feature",
      "geometry": {
        "type": "Point",
        "coordinates": [
          171.1742,
          -71.1562
        ]
      },
      "properties": {
        "source_id": "baso_hydrozoa_stylasteridae",
        "dataset": "Antarctic stylasteridae",
        "scientificName": "Errina",
        "occurrenceID": "6cfc5ea0-2b41-4186-91e3-9f7bfb767ef6",
        "eventDate": "",
        "minimumDepthInMeters": 1165.0,
        "maximumDepthInMeters": 1165.0,
        "basisOfRecord": "HumanObservation",
        "recordedBy": "",
        "license": "CC-BY-4.0",
        "scientific_role": "PRESENCE_ONLY_NO_ABSENCE"
      }
    },
    {
      "type": "Feature",
      "geometry": {
        "type": "Point",
        "coordinates": [
          171.1742,
          -71.1562
        ]
      },
      "properties": {
        "source_id": "baso_hydrozoa_stylasteridae",
        "dataset": "Antarctic stylasteridae",
        "scientificName": "Errina",
        "occurrenceID": "886f5362-14ef-45dd-b5c9-0659e79cdf69",
        "eventDate": "",
        "minimumDepthInMeters": 1165.0,
        "maximumDepthInMeters": 1165.0,
        "basisOfRecord": "HumanObservation",
        "recordedBy": "",
        "license": "CC-BY-4.0",
        "scientific_role": "PRESENCE_ONLY_NO_ABSENCE"
      }
    },
    {
      "type": "Feature",
      "geometry": {
        "type": "Point",
        "coordinates": [
          166.0327,
          -76.1003
        ]
      },
      "properties": {
        "source_id": "baso_hydrozoa_stylasteridae",
        "dataset": "Antarctic stylasteridae",
        "scientificName": "Errina",
        "occurrenceID": "84c763ef-3b7a-489f-9e45-d20b9b6fa5c0",
        "eventDate": "",
        "minimumDepthInMeters": 537.0,
        "maximumDepthInMeters": 537.0,
        "basisOfRecord": "HumanObservation",
        "recordedBy": "",
        "license": "CC-BY-4.0",
        "scientific_role": "PRESENCE_ONLY_NO_ABSENCE"
      }
    },
    {
      "type": "Feature",
      "geometry": {
        "type": "Point",
        "coordinates": [
          166.0327,
          -76.1003
        ]
      },
      "properties": {
        "source_id": "baso_hydrozoa_stylasteridae",
        "dataset": "Antarctic stylasteridae",
        "scientificName": "Errina",
        "occurrenceID": "53ea6f47-42ae-4d30-a161-ef310c320f09",
        "eventDate": "",
        "minimumDepthInMeters": 537.0,
        "maximumDepthInMeters": 537.0,
        "basisOfRecord": "HumanObservation",
        "recordedBy": "",
        "license": "CC-BY-4.0",
        "scientific_role": "PRESENCE_ONLY_NO_ABSENCE"
      }
    },
    {
      "type": "Feature",
      "geometry": {
        "type": "Point",
        "coordinates": [
          166.0327,
          -76.1003
        ]
      },
      "properties": {
        "source_id": "baso_hydrozoa_stylasteridae",
        "dataset": "Antarctic stylasteridae",
        "scientificName": "Errina",
        "occurrenceID": "d07f7d56-e16c-436d-a3c7-174d68aa6ab4",
        "eventDate": "",
        "minimumDepthInMeters": 537.0,
        "maximumDepthInMeters": 537.0,
        "basisOfRecord": "HumanObservation",
        "recordedBy": "",
        "license": "CC-BY-4.0",
        "scientific_role": "PRESENCE_ONLY_NO_ABSENCE"
      }
    },
    {
      "type": "Feature",
      "geometry": {
        "type": "Point",
        "coordinates": [
          166.0327,
          -76.1003
        ]
      },
      "properties": {
        "source_id": "baso_hydrozoa_stylasteridae",
        "dataset": "Antarctic stylasteridae",
        "scientificName": "Errina",
        "occurrenceID": "04e3f815-6605-44bf-bed4-f02b472fbd41",
        "eventDate": "",
        "minimumDepthInMeters": 537.0,
        "maximumDepthInMeters": 537.0,
        "basisOfRecord": "HumanObservation",
        "recordedBy": "",
        "license": "CC-BY-4.0",
        "scientific_role": "PRESENCE_ONLY_NO_ABSENCE"
      }
    },
    {
      "type": "Feature",
      "geometry": {
        "type": "Point",
        "coordinates": [
          170.2253,
          -51.8103
        ]
      },
      "properties": {
        "source_id": "baso_hydrozoa_stylasteridae",
        "dataset": "Antarctic stylasteridae",
        "scientificName": "Errina",
        "occurrenceID": "c559ebc4-5014-4355-98ed-e5bd8e29eeed",
        "eventDate": "",
        "minimumDepthInMeters": 378.0,
        "maximumDepthInMeters": 378.0,
        "basisOfRecord": "HumanObservation",
        "recordedBy": "",
        "license": "CC-BY-4.0",
        "scientific_role": "PRESENCE_ONLY_NO_ABSENCE"
      }
    },
    {
      "type": "Feature",
      "geometry": {
        "type": "Point",
        "coordinates": [
          170.2253,
          -51.8103
        ]
      },
      "properties": {
        "source_id": "baso_hydrozoa_stylasteridae",
        "dataset": "Antarctic stylasteridae",
        "scientificName": "Errina",
        "occurrenceID": "4008f99a-321a-4d85-bad5-080b529e0fa9",
        "eventDate": "",
        "minimumDepthInMeters": 378.0,
        "maximumDepthInMeters": 378.0,
        "basisOfRecord": "HumanObservation",
        "recordedBy": "",
        "license": "CC-BY-4.0",
        "scientific_role": "PRESENCE_ONLY_NO_ABSENCE"
      }
    },
    {
      "type": "Feature",
      "geometry": {
        "type": "Point",
        "coordinates": [
          171.2347,
          -52.0612
        ]
      },
      "properties": {
        "source_id": "baso_hydrozoa_stylasteridae",
        "dataset": "Antarctic stylasteridae",
        "scientificName": "Errina",
        "occurrenceID": "344219a2-043a-4d29-bb31-666e97d38a90",
        "eventDate": "",
        "minimumDepthInMeters": 500.0,
        "maximumDepthInMeters": 500.0,
        "basisOfRecord": "HumanObservation",
        "recordedBy": "",
        "license": "CC-BY-4.0",
        "scientific_role": "PRESENCE_ONLY_NO_ABSENCE"
      }
    },
    {
      "type": "Feature",
      "geometry": {
        "type": "Point",
        "coordinates": [
          160.415,
          -52.4873
        ]
      },
      "properties": {
        "source_id": "baso_hydrozoa_stylasteridae",
        "dataset": "Antarctic stylasteridae",
        "scientificName": "Errina",
        "occurrenceID": "d12d9d6e-aa27-47ca-b209-2a341405b95f",
        "eventDate": "",
        "minimumDepthInMeters": 350.0,
        "maximumDepthInMeters": 350.0,
        "basisOfRecord": "HumanObservation",
        "recordedBy": "",
        "license": "CC-BY-4.0",
        "scientific_role": "PRESENCE_ONLY_NO_ABSENCE"
      }
    },
    {
      "type": "Feature",
      "geometry": {
        "type": "Point",
        "coordinates": [
          158.3857,
          -55.371
        ]
      },
      "properties": {
        "source_id": "baso_hydrozoa_stylasteridae",
        "dataset": "Antarctic stylasteridae",
        "scientificName": "Errina",
        "occurrenceID": "1886e54f-8f9f-4388-bf89-fe7c73f52c55",
        "eventDate": "",
        "minimumDepthInMeters": 501.0,
        "maximumDepthInMeters": 501.0,
        "basisOfRecord": "HumanObservation",
        "recordedBy": "",
        "license": "CC-BY-4.0",
        "scientific_role": "PRESENCE_ONLY_NO_ABSENCE"
      }
    },
    {
      "type": "Feature",
      "geometry": {
        "type": "Point",
        "coordinates": [
          172.3,
          -71.6
        ]
      },
      "properties": {
        "source_id": "baso_hydrozoa_stylasteridae",
        "dataset": "Antarctic stylasteridae",
        "scientificName": "Errina",
        "occurrenceID": "0fceac21-0530-494d-804d-8d340a58310d",
        "eventDate": "",
        "minimumDepthInMeters": 1552.0,
        "maximumDepthInMeters": 1552.0,
        "basisOfRecord": "HumanObservation",
        "recordedBy": "",
        "license": "CC-BY-4.0",
        "scientific_role": "PRESENCE_ONLY_NO_ABSENCE"
      }
    },
    {
      "type": "Feature",
      "geometry": {
        "type": "Point",
        "coordinates": [
          166.4083,
          -50.0917
        ]
      },
      "properties": {
        "source_id": "baso_hydrozoa_stylasteridae",
        "dataset": "Antarctic stylasteridae",
        "scientificName": "Errina",
        "occurrenceID": "227e0d7e-a85b-41a1-9127-8b2fd6639586",
        "eventDate": "",
        "minimumDepthInMeters": 173.0,
        "maximumDepthInMeters": 173.0,
        "basisOfRecord": "HumanObservation",
        "recordedBy": "",
        "license": "CC-BY-4.0",
        "scientific_role": "PRESENCE_ONLY_NO_ABSENCE"
      }
    },
    {
      "type": "Feature",
      "geometry": {
        "type": "Point",
        "coordinates": [
          166.4083,
          -50.0917
        ]
      },
      "properties": {
        "source_id": "baso_hydrozoa_stylasteridae",
        "dataset": "Antarctic stylasteridae",
        "scientificName": "Errina",
        "occurrenceID": "f125eba7-00c3-468b-b2e5-fa6d2abca46c",
        "eventDate": "",
        "minimumDepthInMeters": 173.0,
        "maximumDepthInMeters": 173.0,
        "basisOfRecord": "HumanObservation",
        "recordedBy": "",
        "license": "CC-BY-4.0",
        "scientific_role": "PRESENCE_ONLY_NO_ABSENCE"
      }
    },
    {
      "type": "Feature",
      "geometry": {
        "type": "Point",
        "coordinates": [
          176.4,
          -75.1
        ]
      },
      "properties": {
        "source_id": "baso_hydrozoa_stylasteridae",
        "dataset": "Antarctic stylasteridae",
        "scientificName": "Errina",
        "occurrenceID": "ddc53c66-dd7e-439a-8a0c-4f6f8c3b7848",
        "eventDate": "",
        "minimumDepthInMeters": 707.0,
        "maximumDepthInMeters": 707.0,
        "basisOfRecord": "HumanObservation",
        "recordedBy": "",
        "license": "CC-BY-4.0",
        "scientific_role": "PRESENCE_ONLY_NO_ABSENCE"
      }
    },
    {
      "type": "Feature",
      "geometry": {
        "type": "Point",
        "coordinates": [
          176.4,
          -75.1
        ]
      },
      "properties": {
        "source_id": "baso_hydrozoa_stylasteridae",
        "dataset": "Antarctic stylasteridae",
        "scientificName": "Errina",
        "occurrenceID": "35a5071b-bd66-458b-ba13-b419c30995bb",
        "eventDate": "",
        "minimumDepthInMeters": 707.0,
        "maximumDepthInMeters": 707.0,
        "basisOfRecord": "HumanObservation",
        "recordedBy": "",
        "license": "CC-BY-4.0",
        "scientific_role": "PRESENCE_ONLY_NO_ABSENCE"
      }
    },
    {
      "type": "Feature",
      "geometry": {
        "type": "Point",
        "coordinates": [
          176.4,
          -75.1
        ]
      },
      "properties": {
        "source_id": "baso_hydrozoa_stylasteridae",
        "dataset": "Antarctic stylasteridae",
        "scientificName": "Errina",
        "occurrenceID": "052a77d2-0889-4995-b584-8a57fa54bcd7",
        "eventDate": "",
        "minimumDepthInMeters": 707.0,
        "maximumDepthInMeters": 707.0,
        "basisOfRecord": "HumanObservation",
        "recordedBy": "",
        "license": "CC-BY-4.0",
        "scientific_role": "PRESENCE_ONLY_NO_ABSENCE"
      }
    },
    {
      "type": "Feature",
      "geometry": {
        "type": "Point",
        "coordinates": [
          176.4,
          -75.1
        ]
      },
      "properties": {
        "source_id": "baso_hydrozoa_stylasteridae",
        "dataset": "Antarctic stylasteridae",
        "scientificName": "Errina",
        "occurrenceID": "5eb09368-59de-4006-9ae2-d2a236c7635b",
        "eventDate": "",
        "minimumDepthInMeters": 707.0,
        "maximumDepthInMeters": 707.0,
        "basisOfRecord": "HumanObservation",
        "recordedBy": "",
        "license": "CC-BY-4.0",
        "scientific_role": "PRESENCE_ONLY_NO_ABSENCE"
      }
    },
    {
      "type": "Feature",
      "geometry": {
        "type": "Point",
        "coordinates": [
          176.4,
          -75.1
        ]
      },
      "properties": {
        "source_id": "baso_hydrozoa_stylasteridae",
        "dataset": "Antarctic stylasteridae",
        "scientificName": "Errina",
        "occurrenceID": "63936308-8ea7-4201-9727-2b3096f80fff",
        "eventDate": "",
        "minimumDepthInMeters": 707.0,
        "maximumDepthInMeters": 707.0,
        "basisOfRecord": "HumanObservation",
        "recordedBy": "",
        "license": "CC-BY-4.0",
        "scientific_role": "PRESENCE_ONLY_NO_ABSENCE"
      }
    },
    {
      "type": "Feature",
      "geometry": {
        "type": "Point",
        "coordinates": [
          176.4,
          -75.1
        ]
      },
      "properties": {
        "source_id": "baso_hydrozoa_stylasteridae",
        "dataset": "Antarctic stylasteridae",
        "scientificName": "Errina",
        "occurrenceID": "bf4bdb4d-1b9f-4d65-9285-ecb6cf676cee",
        "eventDate": "",
        "minimumDepthInMeters": 707.0,
        "maximumDepthInMeters": 707.0,
        "basisOfRecord": "HumanObservation",
        "recordedBy": "",
        "license": "CC-BY-4.0",
        "scientific_role": "PRESENCE_ONLY_NO_ABSENCE"
      }
    },
    {
      "type": "Feature",
      "geometry": {
        "type": "Point",
        "coordinates": [
          176.4,
          -75.1
        ]
      },
      "properties": {
        "source_id": "baso_hydrozoa_stylasteridae",
        "dataset": "Antarctic stylasteridae",
        "scientificName": "Errina",
        "occurrenceID": "08a5fe27-ce07-4d25-a3a3-d7c2e0ea42f2",
        "eventDate": "",
        "minimumDepthInMeters": 707.0,
        "maximumDepthInMeters": 707.0,
        "basisOfRecord": "HumanObservation",
        "recordedBy": "",
        "license": "CC-BY-4.0",
        "scientific_role": "PRESENCE_ONLY_NO_ABSENCE"
      }
    },
    {
      "type": "Feature",
      "geometry": {
        "type": "Point",
        "coordinates": [
          176.4,
          -75.1
        ]
      },
      "properties": {
        "source_id": "baso_hydrozoa_stylasteridae",
        "dataset": "Antarctic stylasteridae",
        "scientificName": "Errina",
        "occurrenceID": "e28f3d49-a0e6-4a68-8f73-bc85aa52baa5",
        "eventDate": "",
        "minimumDepthInMeters": 707.0,
        "maximumDepthInMeters": 707.0,
        "basisOfRecord": "HumanObservation",
        "recordedBy": "",
        "license": "CC-BY-4.0",
        "scientific_role": "PRESENCE_ONLY_NO_ABSENCE"
      }
    },
    {
      "type": "Feature",
      "geometry": {
        "type": "Point",
        "coordinates": [
          176.4,
          -75.1
        ]
      },
      "properties": {
        "source_id": "baso_hydrozoa_stylasteridae",
        "dataset": "Antarctic stylasteridae",
        "scientificName": "Errina",
        "occurrenceID": "1ad57ba7-ce14-4751-8c35-12ebe5ab00bd",
        "eventDate": "",
        "minimumDepthInMeters": 707.0,
        "maximumDepthInMeters": 707.0,
        "basisOfRecord": "HumanObservation",
        "recordedBy": "",
        "license": "CC-BY-4.0",
        "scientific_role": "PRESENCE_ONLY_NO_ABSENCE"
      }
    },
    {
      "type": "Feature",
      "geometry": {
        "type": "Point",
        "coordinates": [
          176.4,
          -75.1
        ]
      },
      "properties": {
        "source_id": "baso_hydrozoa_stylasteridae",
        "dataset": "Antarctic stylasteridae",
        "scientificName": "Errina",
        "occurrenceID": "e12c2b5c-5daf-414f-9d63-ca9a47b73bf2",
        "eventDate": "",
        "minimumDepthInMeters": 707.0,
        "maximumDepthInMeters": 707.0,
        "basisOfRecord": "HumanObservation",
        "recordedBy": "",
        "license": "CC-BY-4.0",
        "scientific_role": "PRESENCE_ONLY_NO_ABSENCE"
      }
    },
    {
      "type": "Feature",
      "geometry": {
        "type": "Point",
        "coordinates": [
          176.2,
          -75.1
        ]
      },
      "properties": {
        "source_id": "baso_hydrozoa_stylasteridae",
        "dataset": "Antarctic stylasteridae",
        "scientificName": "Errina",
        "occurrenceID": "61873160-782c-4f6d-a105-8fd5ef7e00f9",
        "eventDate": "",
        "minimumDepthInMeters": 760.0,
        "maximumDepthInMeters": 760.0,
        "basisOfRecord": "HumanObservation",
        "recordedBy": "",
        "license": "CC-BY-4.0",
        "scientific_role": "PRESENCE_ONLY_NO_ABSENCE"
      }
    },
    {
      "type": "Feature",
      "geometry": {
        "type": "Point",
        "coordinates": [
          176.2,
          -75.1
        ]
      },
      "properties": {
        "source_id": "baso_hydrozoa_stylasteridae",
        "dataset": "Antarctic stylasteridae",
        "scientificName": "Errina",
        "occurrenceID": "57cd0ac5-9968-4737-bc9b-8ea7f510895b",
        "eventDate": "",
        "minimumDepthInMeters": 760.0,
        "maximumDepthInMeters": 760.0,
        "basisOfRecord": "HumanObservation",
        "recordedBy": "",
        "license": "CC-BY-4.0",
        "scientific_role": "PRESENCE_ONLY_NO_ABSENCE"
      }
    },
    {
      "type": "Feature",
      "geometry": {
        "type": "Point",
        "coordinates": [
          176.18,
          -75.09
        ]
      },
      "properties": {
        "source_id": "baso_hydrozoa_stylasteridae",
        "dataset": "Antarctic stylasteridae",
        "scientificName": "Errina",
        "occurrenceID": "38cdcbf5-4d76-403f-a3d5-fd7a59237a14",
        "eventDate": "",
        "minimumDepthInMeters": 760.0,
        "maximumDepthInMeters": 760.0,
        "basisOfRecord": "HumanObservation",
        "recordedBy": "",
        "license": "CC-BY-4.0",
        "scientific_role": "PRESENCE_ONLY_NO_ABSENCE"
      }
    },
    {
      "type": "Feature",
      "geometry": {
        "type": "Point",
        "coordinates": [
          176.18,
          -75.09
        ]
      },
      "properties": {
        "source_id": "baso_hydrozoa_stylasteridae",
        "dataset": "Antarctic stylasteridae",
        "scientificName": "Errina",
        "occurrenceID": "9546a9e1-fd1f-493c-823f-238c780abb48",
        "eventDate": "",
        "minimumDepthInMeters": 760.0,
        "maximumDepthInMeters": 760.0,
        "basisOfRecord": "HumanObservation",
        "recordedBy": "",
        "license": "CC-BY-4.0",
        "scientific_role": "PRESENCE_ONLY_NO_ABSENCE"
      }
    },
    {
      "type": "Feature",
      "geometry": {
        "type": "Point",
        "coordinates": [
          176.18,
          -75.09
        ]
      },
      "properties": {
        "source_id": "baso_hydrozoa_stylasteridae",
        "dataset": "Antarctic stylasteridae",
        "scientificName": "Errina",
        "occurrenceID": "fba40a87-0536-4096-b199-3d8d66e3cee9",
        "eventDate": "",
        "minimumDepthInMeters": 760.0,
        "maximumDepthInMeters": 760.0,
        "basisOfRecord": "HumanObservation",
        "recordedBy": "",
        "license": "CC-BY-4.0",
        "scientific_role": "PRESENCE_ONLY_NO_ABSENCE"
      }
    },
    {
      "type": "Feature",
      "geometry": {
        "type": "Point",
        "coordinates": [
          176.18,
          -75.09
        ]
      },
      "properties": {
        "source_id": "baso_hydrozoa_stylasteridae",
        "dataset": "Antarctic stylasteridae",
        "scientificName": "Errina",
        "occurrenceID": "bbbe5163-9f37-4b07-9e1f-cd363f3f79e6",
        "eventDate": "",
        "minimumDepthInMeters": 760.0,
        "maximumDepthInMeters": 760.0,
        "basisOfRecord": "HumanObservation",
        "recordedBy": "",
        "license": "CC-BY-4.0",
        "scientific_role": "PRESENCE_ONLY_NO_ABSENCE"
      }
    },
    {
      "type": "Feature",
      "geometry": {
        "type": "Point",
        "coordinates": [
          176.18,
          -75.09
        ]
      },
      "properties": {
        "source_id": "baso_hydrozoa_stylasteridae",
        "dataset": "Antarctic stylasteridae",
        "scientificName": "Errina",
        "occurrenceID": "c04cadcb-9f73-4284-b9e8-25c63cca505d",
        "eventDate": "",
        "minimumDepthInMeters": 760.0,
        "maximumDepthInMeters": 760.0,
        "basisOfRecord": "HumanObservation",
        "recordedBy": "",
        "license": "CC-BY-4.0",
        "scientific_role": "PRESENCE_ONLY_NO_ABSENCE"
      }
    },
    {
      "type": "Feature",
      "geometry": {
        "type": "Point",
        "coordinates": [
          176.18,
          -75.09
        ]
      },
      "properties": {
        "source_id": "baso_hydrozoa_stylasteridae",
        "dataset": "Antarctic stylasteridae",
        "scientificName": "Errina",
        "occurrenceID": "60a631b7-7aee-4ee5-a2e2-b00429674207",
        "eventDate": "",
        "minimumDepthInMeters": 760.0,
        "maximumDepthInMeters": 760.0,
        "basisOfRecord": "HumanObservation",
        "recordedBy": "",
        "license": "CC-BY-4.0",
        "scientific_role": "PRESENCE_ONLY_NO_ABSENCE"
      }
    },
    {
      "type": "Feature",
      "geometry": {
        "type": "Point",
        "coordinates": [
          176.2,
          -75.1
        ]
      },
      "properties": {
        "source_id": "baso_hydrozoa_stylasteridae",
        "dataset": "Antarctic stylasteridae",
        "scientificName": "Errina",
        "occurrenceID": "02b46d88-d7a0-434a-8583-c186d806f733",
        "eventDate": "",
        "minimumDepthInMeters": 760.0,
        "maximumDepthInMeters": 760.0,
        "basisOfRecord": "HumanObservation",
        "recordedBy": "",
        "license": "CC-BY-4.0",
        "scientific_role": "PRESENCE_ONLY_NO_ABSENCE"
      }
    },
    {
      "type": "Feature",
      "geometry": {
        "type": "Point",
        "coordinates": [
          176.2,
          -75.1
        ]
      },
      "properties": {
        "source_id": "baso_hydrozoa_stylasteridae",
        "dataset": "Antarctic stylasteridae",
        "scientificName": "Errina",
        "occurrenceID": "3e2511fa-87ee-4d36-9f19-171e0833e485",
        "eventDate": "",
        "minimumDepthInMeters": 760.0,
        "maximumDepthInMeters": 760.0,
        "basisOfRecord": "HumanObservation",
        "recordedBy": "",
        "license": "CC-BY-4.0",
        "scientific_role": "PRESENCE_ONLY_NO_ABSENCE"
      }
    },
    {
      "type": "Feature",
      "geometry": {
        "type": "Point",
        "coordinates": [
          176.2,
          -75.1
        ]
      },
      "properties": {
        "source_id": "baso_hydrozoa_stylasteridae",
        "dataset": "Antarctic stylasteridae",
        "scientificName": "Errina",
        "occurrenceID": "f05e702c-e1f4-4731-85aa-1c9068d9ae18",
        "eventDate": "",
        "minimumDepthInMeters": 760.0,
        "maximumDepthInMeters": 760.0,
        "basisOfRecord": "HumanObservation",
        "recordedBy": "",
        "license": "CC-BY-4.0",
        "scientific_role": "PRESENCE_ONLY_NO_ABSENCE"
      }
    },
    {
      "type": "Feature",
      "geometry": {
        "type": "Point",
        "coordinates": [
          176.2,
          -75.1
        ]
      },
      "properties": {
        "source_id": "baso_hydrozoa_stylasteridae",
        "dataset": "Antarctic stylasteridae",
        "scientificName": "Errina",
        "occurrenceID": "4a6d5721-4c4a-415b-aeb5-b57ee5da8ce3",
        "eventDate": "",
        "minimumDepthInMeters": 760.0,
        "maximumDepthInMeters": 760.0,
        "basisOfRecord": "HumanObservation",
        "recordedBy": "",
        "license": "CC-BY-4.0",
        "scientific_role": "PRESENCE_ONLY_NO_ABSENCE"
      }
    },
    {
      "type": "Feature",
      "geometry": {
        "type": "Point",
        "coordinates": [
          176.45,
          -75.01
        ]
      },
      "properties": {
        "source_id": "baso_hydrozoa_stylasteridae",
        "dataset": "Antarctic stylasteridae",
        "scientificName": "Errina",
        "occurrenceID": "1ae94fd6-012a-42f6-808c-c2164946958e",
        "eventDate": "",
        "minimumDepthInMeters": 917.0,
        "maximumDepthInMeters": 917.0,
        "basisOfRecord": "HumanObservation",
        "recordedBy": "",
        "license": "CC-BY-4.0",
        "scientific_role": "PRESENCE_ONLY_NO_ABSENCE"
      }
    },
    {
      "type": "Feature",
      "geometry": {
        "type": "Point",
        "coordinates": [
          176.45,
          -75.01
        ]
      },
      "properties": {
        "source_id": "baso_hydrozoa_stylasteridae",
        "dataset": "Antarctic stylasteridae",
        "scientificName": "Errina",
        "occurrenceID": "bb15109b-d523-4f34-a882-5ca5afbe3f51",
        "eventDate": "",
        "minimumDepthInMeters": 917.0,
        "maximumDepthInMeters": 917.0,
        "basisOfRecord": "HumanObservation",
        "recordedBy": "",
        "license": "CC-BY-4.0",
        "scientific_role": "PRESENCE_ONLY_NO_ABSENCE"
      }
    },
    {
      "type": "Feature",
      "geometry": {
        "type": "Point",
        "coordinates": [
          176.45,
          -75.01
        ]
      },
      "properties": {
        "source_id": "baso_hydrozoa_stylasteridae",
        "dataset": "Antarctic stylasteridae",
        "scientificName": "Errina",
        "occurrenceID": "3d460a67-df91-4e6e-b0d7-a0b6630e4f66",
        "eventDate": "",
        "minimumDepthInMeters": 917.0,
        "maximumDepthInMeters": 917.0,
        "basisOfRecord": "HumanObservation",
        "recordedBy": "",
        "license": "CC-BY-4.0",
        "scientific_role": "PRESENCE_ONLY_NO_ABSENCE"
      }
    },
    {
      "type": "Feature",
      "geometry": {
        "type": "Point",
        "coordinates": [
          176.45,
          -75.01
        ]
      },
      "properties": {
        "source_id": "baso_hydrozoa_stylasteridae",
        "dataset": "Antarctic stylasteridae",
        "scientificName": "Errina",
        "occurrenceID": "0ccad6ba-2956-4950-9a55-effdd9ffa434",
        "eventDate": "",
        "minimumDepthInMeters": 917.0,
        "maximumDepthInMeters": 917.0,
        "basisOfRecord": "HumanObservation",
        "recordedBy": "",
        "license": "CC-BY-4.0",
        "scientific_role": "PRESENCE_ONLY_NO_ABSENCE"
      }
    },
    {
      "type": "Feature",
      "geometry": {
        "type": "Point",
        "coordinates": [
          176.45,
          -75.01
        ]
      },
      "properties": {
        "source_id": "baso_hydrozoa_stylasteridae",
        "dataset": "Antarctic stylasteridae",
        "scientificName": "Errina",
        "occurrenceID": "89180f54-6fd5-4000-813d-a54c5a3c0a88",
        "eventDate": "",
        "minimumDepthInMeters": 917.0,
        "maximumDepthInMeters": 917.0,
        "basisOfRecord": "HumanObservation",
        "recordedBy": "",
        "license": "CC-BY-4.0",
        "scientific_role": "PRESENCE_ONLY_NO_ABSENCE"
      }
    },
    {
      "type": "Feature",
      "geometry": {
        "type": "Point",
        "coordinates": [
          176.45,
          -75.01
        ]
      },
      "properties": {
        "source_id": "baso_hydrozoa_stylasteridae",
        "dataset": "Antarctic stylasteridae",
        "scientificName": "Errina",
        "occurrenceID": "95a346bf-211a-4745-9446-853a42ef0b4c",
        "eventDate": "",
        "minimumDepthInMeters": 917.0,
        "maximumDepthInMeters": 917.0,
        "basisOfRecord": "HumanObservation",
        "recordedBy": "",
        "license": "CC-BY-4.0",
        "scientific_role": "PRESENCE_ONLY_NO_ABSENCE"
      }
    },
    {
      "type": "Feature",
      "geometry": {
        "type": "Point",
        "coordinates": [
          176.5,
          -75.01
        ]
      },
      "properties": {
        "source_id": "baso_hydrozoa_stylasteridae",
        "dataset": "Antarctic stylasteridae",
        "scientificName": "Errina",
        "occurrenceID": "39b09ae6-aec6-4cdf-ac9a-44dc253d7da3",
        "eventDate": "",
        "minimumDepthInMeters": 917.0,
        "maximumDepthInMeters": 917.0,
        "basisOfRecord": "HumanObservation",
        "recordedBy": "",
        "license": "CC-BY-4.0",
        "scientific_role": "PRESENCE_ONLY_NO_ABSENCE"
      }
    },
    {
      "type": "Feature",
      "geometry": {
        "type": "Point",
        "coordinates": [
          176.5,
          -75.01
        ]
      },
      "properties": {
        "source_id": "baso_hydrozoa_stylasteridae",
        "dataset": "Antarctic stylasteridae",
        "scientificName": "Errina",
        "occurrenceID": "b1ffa852-67d7-47c6-9da2-e9cbc8836e5c",
        "eventDate": "",
        "minimumDepthInMeters": 917.0,
        "maximumDepthInMeters": 917.0,
        "basisOfRecord": "HumanObservation",
        "recordedBy": "",
        "license": "CC-BY-4.0",
        "scientific_role": "PRESENCE_ONLY_NO_ABSENCE"
      }
    },
    {
      "type": "Feature",
      "geometry": {
        "type": "Point",
        "coordinates": [
          177.04,
          -74.4
        ]
      },
      "properties": {
        "source_id": "baso_hydrozoa_stylasteridae",
        "dataset": "Antarctic stylasteridae",
        "scientificName": "Errina",
        "occurrenceID": "23c029b4-a8ff-413a-a27f-4a0dcf91db17",
        "eventDate": "",
        "minimumDepthInMeters": 958.0,
        "maximumDepthInMeters": 958.0,
        "basisOfRecord": "HumanObservation",
        "recordedBy": "",
        "license": "CC-BY-4.0",
        "scientific_role": "PRESENCE_ONLY_NO_ABSENCE"
      }
    },
    {
      "type": "Feature",
      "geometry": {
        "type": "Point",
        "coordinates": [
          177.04,
          -74.4
        ]
      },
      "properties": {
        "source_id": "baso_hydrozoa_stylasteridae",
        "dataset": "Antarctic stylasteridae",
        "scientificName": "Errina",
        "occurrenceID": "a09fcb11-8531-4e86-a2f3-92523fe083ac",
        "eventDate": "",
        "minimumDepthInMeters": 958.0,
        "maximumDepthInMeters": 958.0,
        "basisOfRecord": "HumanObservation",
        "recordedBy": "",
        "license": "CC-BY-4.0",
        "scientific_role": "PRESENCE_ONLY_NO_ABSENCE"
      }
    },
    {
      "type": "Feature",
      "geometry": {
        "type": "Point",
        "coordinates": [
          176.26,
          -75.05
        ]
      },
      "properties": {
        "source_id": "baso_hydrozoa_stylasteridae",
        "dataset": "Antarctic stylasteridae",
        "scientificName": "Errina",
        "occurrenceID": "55eacfff-4b3a-4aa0-810d-d0b82d3d9dd8",
        "eventDate": "",
        "minimumDepthInMeters": 1054.0,
        "maximumDepthInMeters": 1054.0,
        "basisOfRecord": "HumanObservation",
        "recordedBy": "",
        "license": "CC-BY-4.0",
        "scientific_role": "PRESENCE_ONLY_NO_ABSENCE"
      }
    },
    {
      "type": "Feature",
      "geometry": {
        "type": "Point",
        "coordinates": [
          176.26,
          -75.05
        ]
      },
      "properties": {
        "source_id": "baso_hydrozoa_stylasteridae",
        "dataset": "Antarctic stylasteridae",
        "scientificName": "Errina",
        "occurrenceID": "f72d7c6d-15b5-4b91-bbf9-152707b1aff1",
        "eventDate": "",
        "minimumDepthInMeters": 1054.0,
        "maximumDepthInMeters": 1054.0,
        "basisOfRecord": "HumanObservation",
        "recordedBy": "",
        "license": "CC-BY-4.0",
        "scientific_role": "PRESENCE_ONLY_NO_ABSENCE"
      }
    },
    {
      "type": "Feature",
      "geometry": {
        "type": "Point",
        "coordinates": [
          176.26,
          -75.05
        ]
      },
      "properties": {
        "source_id": "baso_hydrozoa_stylasteridae",
        "dataset": "Antarctic stylasteridae",
        "scientificName": "Errina",
        "occurrenceID": "5eef2a7a-df28-405a-90e0-3c217371b70c",
        "eventDate": "",
        "minimumDepthInMeters": 1054.0,
        "maximumDepthInMeters": 1054.0,
        "basisOfRecord": "HumanObservation",
        "recordedBy": "",
        "license": "CC-BY-4.0",
        "scientific_role": "PRESENCE_ONLY_NO_ABSENCE"
      }
    },
    {
      "type": "Feature",
      "geometry": {
        "type": "Point",
        "coordinates": [
          176.26,
          -75.05
        ]
      },
      "properties": {
        "source_id": "baso_hydrozoa_stylasteridae",
        "dataset": "Antarctic stylasteridae",
        "scientificName": "Errina",
        "occurrenceID": "e2fb2c4f-7f86-4efd-b31c-d4ee63694f3a",
        "eventDate": "",
        "minimumDepthInMeters": 1054.0,
        "maximumDepthInMeters": 1054.0,
        "basisOfRecord": "HumanObservation",
        "recordedBy": "",
        "license": "CC-BY-4.0",
        "scientific_role": "PRESENCE_ONLY_NO_ABSENCE"
      }
    },
    {
      "type": "Feature",
      "geometry": {
        "type": "Point",
        "coordinates": [
          176.26,
          -75.05
        ]
      },
      "properties": {
        "source_id": "baso_hydrozoa_stylasteridae",
        "dataset": "Antarctic stylasteridae",
        "scientificName": "Errina",
        "occurrenceID": "d42cb3e9-8563-4a71-ac59-36d560e6f113",
        "eventDate": "",
        "minimumDepthInMeters": 1054.0,
        "maximumDepthInMeters": 1054.0,
        "basisOfRecord": "HumanObservation",
        "recordedBy": "",
        "license": "CC-BY-4.0",
        "scientific_role": "PRESENCE_ONLY_NO_ABSENCE"
      }
    },
    {
      "type": "Feature",
      "geometry": {
        "type": "Point",
        "coordinates": [
          176.26,
          -75.05
        ]
      },
      "properties": {
        "source_id": "baso_hydrozoa_stylasteridae",
        "dataset": "Antarctic stylasteridae",
        "scientificName": "Errina",
        "occurrenceID": "599d958b-058a-40ee-90f5-1484d0209113",
        "eventDate": "",
        "minimumDepthInMeters": 1054.0,
        "maximumDepthInMeters": 1054.0,
        "basisOfRecord": "HumanObservation",
        "recordedBy": "",
        "license": "CC-BY-4.0",
        "scientific_role": "PRESENCE_ONLY_NO_ABSENCE"
      }
    },
    {
      "type": "Feature",
      "geometry": {
        "type": "Point",
        "coordinates": [
          176.26,
          -75.05
        ]
      },
      "properties": {
        "source_id": "baso_hydrozoa_stylasteridae",
        "dataset": "Antarctic stylasteridae",
        "scientificName": "Errina",
        "occurrenceID": "3583ee21-b9b2-45ec-b9bf-00e0d179da34",
        "eventDate": "",
        "minimumDepthInMeters": 1054.0,
        "maximumDepthInMeters": 1054.0,
        "basisOfRecord": "HumanObservation",
        "recordedBy": "",
        "license": "CC-BY-4.0",
        "scientific_role": "PRESENCE_ONLY_NO_ABSENCE"
      }
    },
    {
      "type": "Feature",
      "geometry": {
        "type": "Point",
        "coordinates": [
          176.26,
          -75.05
        ]
      },
      "properties": {
        "source_id": "baso_hydrozoa_stylasteridae",
        "dataset": "Antarctic stylasteridae",
        "scientificName": "Errina",
        "occurrenceID": "fb44ac52-470e-4f92-bcd3-281e7b4cd83c",
        "eventDate": "",
        "minimumDepthInMeters": 1054.0,
        "maximumDepthInMeters": 1054.0,
        "basisOfRecord": "HumanObservation",
        "recordedBy": "",
        "license": "CC-BY-4.0",
        "scientific_role": "PRESENCE_ONLY_NO_ABSENCE"
      }
    },
    {
      "type": "Feature",
      "geometry": {
        "type": "Point",
        "coordinates": [
          176.6,
          -74.5
        ]
      },
      "properties": {
        "source_id": "baso_hydrozoa_stylasteridae",
        "dataset": "Antarctic stylasteridae",
        "scientificName": "Errina",
        "occurrenceID": "1a146a59-909b-407f-9537-fe3bcdc92b52",
        "eventDate": "",
        "minimumDepthInMeters": 1183.0,
        "maximumDepthInMeters": 1183.0,
        "basisOfRecord": "HumanObservation",
        "recordedBy": "",
        "license": "CC-BY-4.0",
        "scientific_role": "PRESENCE_ONLY_NO_ABSENCE"
      }
    },
    {
      "type": "Feature",
      "geometry": {
        "type": "Point",
        "coordinates": [
          176.6,
          -74.5
        ]
      },
      "properties": {
        "source_id": "baso_hydrozoa_stylasteridae",
        "dataset": "Antarctic stylasteridae",
        "scientificName": "Errina",
        "occurrenceID": "53b92166-5260-4f82-98b3-3355764e9555",
        "eventDate": "",
        "minimumDepthInMeters": 1183.0,
        "maximumDepthInMeters": 1183.0,
        "basisOfRecord": "HumanObservation",
        "recordedBy": "",
        "license": "CC-BY-4.0",
        "scientific_role": "PRESENCE_ONLY_NO_ABSENCE"
      }
    },
    {
      "type": "Feature",
      "geometry": {
        "type": "Point",
        "coordinates": [
          166.6,
          -49.0
        ]
      },
      "properties": {
        "source_id": "baso_hydrozoa_stylasteridae",
        "dataset": "Antarctic stylasteridae",
        "scientificName": "Errina",
        "occurrenceID": "0b8d15f4-c280-4259-a863-a0ffdf12950a",
        "eventDate": "",
        "minimumDepthInMeters": 556.0,
        "maximumDepthInMeters": 556.0,
        "basisOfRecord": "HumanObservation",
        "recordedBy": "",
        "license": "CC-BY-4.0",
        "scientific_role": "PRESENCE_ONLY_NO_ABSENCE"
      }
    },
    {
      "type": "Feature",
      "geometry": {
        "type": "Point",
        "coordinates": [
          142.9956,
          -65.8278
        ]
      },
      "properties": {
        "source_id": "baso_hydrozoa_stylasteridae",
        "dataset": "Antarctic stylasteridae",
        "scientificName": "Errina",
        "occurrenceID": "e6b1b877-cf4f-424a-b451-dcd63f9d7ff7",
        "eventDate": "",
        "minimumDepthInMeters": 609.0,
        "maximumDepthInMeters": 609.0,
        "basisOfRecord": "HumanObservation",
        "recordedBy": "",
        "license": "CC-BY-4.0",
        "scientific_role": "PRESENCE_ONLY_NO_ABSENCE"
      }
    },
    {
      "type": "Feature",
      "geometry": {
        "type": "Point",
        "coordinates": [
          -66.8586,
          -57.3111
        ]
      },
      "properties": {
        "source_id": "baso_hydrozoa_stylasteridae",
        "dataset": "Antarctic stylasteridae",
        "scientificName": "Errina",
        "occurrenceID": "1f5a7b0e-fd88-4be1-aca1-c13b09f756e3",
        "eventDate": "",
        "minimumDepthInMeters": 740.0,
        "maximumDepthInMeters": 740.0,
        "basisOfRecord": "HumanObservation",
        "recordedBy": "",
        "license": "CC-BY-4.0",
        "scientific_role": "PRESENCE_ONLY_NO_ABSENCE"
      }
    },
    {
      "type": "Feature",
      "geometry": {
        "type": "Point",
        "coordinates": [
          -74.8988,
          -48.608
        ]
      },
      "properties": {
        "source_id": "baso_hydrozoa_stylasteridae",
        "dataset": "Antarctic stylasteridae",
        "scientificName": "Errina antarctica",
        "occurrenceID": "6f2c55c4-d3fe-496f-b149-0928155a88cc",
        "eventDate": "",
        "minimumDepthInMeters": 18.0,
        "maximumDepthInMeters": 18.0,
        "basisOfRecord": "HumanObservation",
        "recordedBy": "",
        "license": "CC-BY-4.0",
        "scientific_role": "PRESENCE_ONLY_NO_ABSENCE"
      }
    },
    {
      "type": "Feature",
      "geometry": {
        "type": "Point",
        "coordinates": [
          -73.9261,
          -51.6058
        ]
      },
      "properties": {
        "source_id": "baso_hydrozoa_stylasteridae",
        "dataset": "Antarctic stylasteridae",
        "scientificName": "Errina antarctica",
        "occurrenceID": "2fd01282-68c3-4b2c-8e86-8a5e12e78778",
        "eventDate": "",
        "minimumDepthInMeters": 20.0,
        "maximumDepthInMeters": 20.0,
        "basisOfRecord": "HumanObservation",
        "recordedBy": "",
        "license": "CC-BY-4.0",
        "scientific_role": "PRESENCE_ONLY_NO_ABSENCE"
      }
    },
    {
      "type": "Feature",
      "geometry": {
        "type": "Point",
        "coordinates": [
          -75.3776,
          -50.3398
        ]
      },
      "properties": {
        "source_id": "baso_hydrozoa_stylasteridae",
        "dataset": "Antarctic stylasteridae",
        "scientificName": "Errina antarctica",
        "occurrenceID": "3131a148-2d30-47fd-9480-be9819e08f81",
        "eventDate": "",
        "minimumDepthInMeters": 20.0,
        "maximumDepthInMeters": 20.0,
        "basisOfRecord": "HumanObservation",
        "recordedBy": "",
        "license": "CC-BY-4.0",
        "scientific_role": "PRESENCE_ONLY_NO_ABSENCE"
      }
    },
    {
      "type": "Feature",
      "geometry": {
        "type": "Point",
        "coordinates": [
          -74.1391,
          -50.8353
        ]
      },
      "properties": {
        "source_id": "baso_hydrozoa_stylasteridae",
        "dataset": "Antarctic stylasteridae",
        "scientificName": "Errina antarctica",
        "occurrenceID": "8e9454ea-0179-441d-a0e9-3c45dd4371cd",
        "eventDate": "",
        "minimumDepthInMeters": 22.0,
        "maximumDepthInMeters": 22.0,
        "basisOfRecord": "HumanObservation",
        "recordedBy": "",
        "license": "CC-BY-4.0",
        "scientific_role": "PRESENCE_ONLY_NO_ABSENCE"
      }
    },
    {
      "type": "Feature",
      "geometry": {
        "type": "Point",
        "coordinates": [
          -74.3361,
          -48.2869
        ]
      },
      "properties": {
        "source_id": "baso_hydrozoa_stylasteridae",
        "dataset": "Antarctic stylasteridae",
        "scientificName": "Errina antarctica",
        "occurrenceID": "cd840048-0727-4d84-b698-fa5400103478",
        "eventDate": "",
        "minimumDepthInMeters": 25.0,
        "maximumDepthInMeters": 25.0,
        "basisOfRecord": "HumanObservation",
        "recordedBy": "",
        "license": "CC-BY-4.0",
        "scientific_role": "PRESENCE_ONLY_NO_ABSENCE"
      }
    },
    {
      "type": "Feature",
      "geometry": {
        "type": "Point",
        "coordinates": [
          -74.4369,
          -48.3603
        ]
      },
      "properties": {
        "source_id": "baso_hydrozoa_stylasteridae",
        "dataset": "Antarctic stylasteridae",
        "scientificName": "Errina antarctica",
        "occurrenceID": "6921aa91-c9ae-48f0-aab9-1dc0432fa891",
        "eventDate": "",
        "minimumDepthInMeters": 32.0,
        "maximumDepthInMeters": 32.0,
        "basisOfRecord": "HumanObservation",
        "recordedBy": "",
        "license": "CC-BY-4.0",
        "scientific_role": "PRESENCE_ONLY_NO_ABSENCE"
      }
    },
    {
      "type": "Feature",
      "geometry": {
        "type": "Point",
        "coordinates": [
          -61.2011,
          -54.6614
        ]
      },
      "properties": {
        "source_id": "baso_hydrozoa_stylasteridae",
        "dataset": "Antarctic stylasteridae",
        "scientificName": "Errina antarctica",
        "occurrenceID": "b323ad6d-fd63-47ac-a8a8-96cba3dc5463",
        "eventDate": "",
        "minimumDepthInMeters": 292.0,
        "maximumDepthInMeters": 292.0,
        "basisOfRecord": "HumanObservation",
        "recordedBy": "",
        "license": "CC-BY-4.0",
        "scientific_role": "PRESENCE_ONLY_NO_ABSENCE"
      }
    },
    {
      "type": "Feature",
      "geometry": {
        "type": "Point",
        "coordinates": [
          -61.2011,
          -54.6614
        ]
      },
      "properties": {
        "source_id": "baso_hydrozoa_stylasteridae",
        "dataset": "Antarctic stylasteridae",
        "scientificName": "Errina antarctica",
        "occurrenceID": "a325e54d-151f-403c-b009-eacda56cb11e",
        "eventDate": "",
        "minimumDepthInMeters": 292.0,
        "maximumDepthInMeters": 292.0,
        "basisOfRecord": "HumanObservation",
        "recordedBy": "",
        "license": "CC-BY-4.0",
        "scientific_role": "PRESENCE_ONLY_NO_ABSENCE"
      }
    },
    {
      "type": "Feature",
      "geometry": {
        "type": "Point",
        "coordinates": [
          -61.2037,
          -54.6592
        ]
      },
      "properties": {
        "source_id": "baso_hydrozoa_stylasteridae",
        "dataset": "Antarctic stylasteridae",
        "scientificName": "Errina antarctica",
        "occurrenceID": "ba9c0fbf-b1dc-4cba-8070-f1ce020d3c59",
        "eventDate": "",
        "minimumDepthInMeters": 293.0,
        "maximumDepthInMeters": 293.0,
        "basisOfRecord": "HumanObservation",
        "recordedBy": "",
        "license": "CC-BY-4.0",
        "scientific_role": "PRESENCE_ONLY_NO_ABSENCE"
      }
    },
    {
      "type": "Feature",
      "geometry": {
        "type": "Point",
        "coordinates": [
          -59.93,
          -63.35
        ]
      },
      "properties": {
        "source_id": "baso_hydrozoa_stylasteridae",
        "dataset": "Antarctic stylasteridae",
        "scientificName": "Errina boshmai",
        "occurrenceID": "6706a6b8-54dc-4b9f-8369-2452066523cb",
        "eventDate": "",
        "minimumDepthInMeters": 229.0,
        "maximumDepthInMeters": 229.0,
        "basisOfRecord": "HumanObservation",
        "recordedBy": "",
        "license": "CC-BY-4.0",
        "scientific_role": "PRESENCE_ONLY_NO_ABSENCE"
      }
    },
    {
      "type": "Feature",
      "geometry": {
        "type": "Point",
        "coordinates": [
          160.415,
          -52.4873
        ]
      },
      "properties": {
        "source_id": "baso_hydrozoa_stylasteridae",
        "dataset": "Antarctic stylasteridae",
        "scientificName": "Errina cheilopora",
        "occurrenceID": "b69baa17-5da5-4883-a051-895cb5f9950b",
        "eventDate": "",
        "minimumDepthInMeters": 350.0,
        "maximumDepthInMeters": 350.0,
        "basisOfRecord": "HumanObservation",
        "recordedBy": "",
        "license": "CC-BY-4.0",
        "scientific_role": "PRESENCE_ONLY_NO_ABSENCE"
      }
    },
    {
      "type": "Feature",
      "geometry": {
        "type": "Point",
        "coordinates": [
          160.415,
          -52.4873
        ]
      },
      "properties": {
        "source_id": "baso_hydrozoa_stylasteridae",
        "dataset": "Antarctic stylasteridae",
        "scientificName": "Errina cheilopora",
        "occurrenceID": "27b92df6-1323-453d-9595-332516d67c3f",
        "eventDate": "",
        "minimumDepthInMeters": 350.0,
        "maximumDepthInMeters": 350.0,
        "basisOfRecord": "HumanObservation",
        "recordedBy": "",
        "license": "CC-BY-4.0",
        "scientific_role": "PRESENCE_ONLY_NO_ABSENCE"
      }
    },
    {
      "type": "Feature",
      "geometry": {
        "type": "Point",
        "coordinates": [
          161.978,
          -51.061
        ]
      },
      "properties": {
        "source_id": "baso_hydrozoa_stylasteridae",
        "dataset": "Antarctic stylasteridae",
        "scientificName": "Errina cheilopora",
        "occurrenceID": "4e9212db-22b3-451e-a58e-ab7f1e833faf",
        "eventDate": "",
        "minimumDepthInMeters": 385.0,
        "maximumDepthInMeters": 385.0,
        "basisOfRecord": "HumanObservation",
        "recordedBy": "",
        "license": "CC-BY-4.0",
        "scientific_role": "PRESENCE_ONLY_NO_ABSENCE"
      }
    },
    {
      "type": "Feature",
      "geometry": {
        "type": "Point",
        "coordinates": [
          161.978,
          -51.061
        ]
      },
      "properties": {
        "source_id": "baso_hydrozoa_stylasteridae",
        "dataset": "Antarctic stylasteridae",
        "scientificName": "Errina cheilopora",
        "occurrenceID": "21c73604-588c-4cf9-a372-d0b8b1b05746",
        "eventDate": "",
        "minimumDepthInMeters": 385.0,
        "maximumDepthInMeters": 385.0,
        "basisOfRecord": "HumanObservation",
        "recordedBy": "",
        "license": "CC-BY-4.0",
        "scientific_role": "PRESENCE_ONLY_NO_ABSENCE"
      }
    },
    {
      "type": "Feature",
      "geometry": {
        "type": "Point",
        "coordinates": [
          162.0188,
          -51.047
        ]
      },
      "properties": {
        "source_id": "baso_hydrozoa_stylasteridae",
        "dataset": "Antarctic stylasteridae",
        "scientificName": "Errina cheilopora",
        "occurrenceID": "d2c0f472-ca89-40cf-a2d1-fc566a5e8568",
        "eventDate": "",
        "minimumDepthInMeters": 398.0,
        "maximumDepthInMeters": 398.0,
        "basisOfRecord": "HumanObservation",
        "recordedBy": "",
        "license": "CC-BY-4.0",
        "scientific_role": "PRESENCE_ONLY_NO_ABSENCE"
      }
    },
    {
      "type": "Feature",
      "geometry": {
        "type": "Point",
        "coordinates": [
          160.6567,
          -52.3975
        ]
      },
      "properties": {
        "source_id": "baso_hydrozoa_stylasteridae",
        "dataset": "Antarctic stylasteridae",
        "scientificName": "Errina cheilopora",
        "occurrenceID": "72a5fbdd-dfaa-4f09-9cca-445e371be1d4",
        "eventDate": "",
        "minimumDepthInMeters": 451.0,
        "maximumDepthInMeters": 451.0,
        "basisOfRecord": "HumanObservation",
        "recordedBy": "",
        "license": "CC-BY-4.0",
        "scientific_role": "PRESENCE_ONLY_NO_ABSENCE"
      }
    },
    {
      "type": "Feature",
      "geometry": {
        "type": "Point",
        "coordinates": [
          160.4322,
          -52.459
        ]
      },
      "properties": {
        "source_id": "baso_hydrozoa_stylasteridae",
        "dataset": "Antarctic stylasteridae",
        "scientificName": "Errina cheilopora",
        "occurrenceID": "b90ee257-f866-439c-a7ed-dbea564d9466",
        "eventDate": "",
        "minimumDepthInMeters": 460.0,
        "maximumDepthInMeters": 460.0,
        "basisOfRecord": "HumanObservation",
        "recordedBy": "",
        "license": "CC-BY-4.0",
        "scientific_role": "PRESENCE_ONLY_NO_ABSENCE"
      }
    },
    {
      "type": "Feature",
      "geometry": {
        "type": "Point",
        "coordinates": [
          161.9765,
          -51.0955
        ]
      },
      "properties": {
        "source_id": "baso_hydrozoa_stylasteridae",
        "dataset": "Antarctic stylasteridae",
        "scientificName": "Errina cheilopora",
        "occurrenceID": "e229e30b-221a-4692-a687-7197943063c0",
        "eventDate": "",
        "minimumDepthInMeters": 462.0,
        "maximumDepthInMeters": 462.0,
        "basisOfRecord": "HumanObservation",
        "recordedBy": "",
        "license": "CC-BY-4.0",
        "scientific_role": "PRESENCE_ONLY_NO_ABSENCE"
      }
    },
    {
      "type": "Feature",
      "geometry": {
        "type": "Point",
        "coordinates": [
          158.3857,
          -55.371
        ]
      },
      "properties": {
        "source_id": "baso_hydrozoa_stylasteridae",
        "dataset": "Antarctic stylasteridae",
        "scientificName": "Errina cheilopora",
        "occurrenceID": "d3acf611-afaf-4426-a6bb-122e00179692",
        "eventDate": "",
        "minimumDepthInMeters": 501.0,
        "maximumDepthInMeters": 501.0,
        "basisOfRecord": "HumanObservation",
        "recordedBy": "",
        "license": "CC-BY-4.0",
        "scientific_role": "PRESENCE_ONLY_NO_ABSENCE"
      }
    },
    {
      "type": "Feature",
      "geometry": {
        "type": "Point",
        "coordinates": [
          140.5974,
          -65.7069
        ]
      },
      "properties": {
        "source_id": "baso_hydrozoa_stylasteridae",
        "dataset": "Antarctic stylasteridae",
        "scientificName": "Errina fissurata",
        "occurrenceID": "b849b036-ea8e-469c-a542-025525ffb9eb",
        "eventDate": "",
        "minimumDepthInMeters": 0.0,
        "maximumDepthInMeters": 0.0,
        "basisOfRecord": "HumanObservation",
        "recordedBy": "",
        "license": "CC-BY-4.0",
        "scientific_role": "PRESENCE_ONLY_NO_ABSENCE"
      }
    },
    {
      "type": "Feature",
      "geometry": {
        "type": "Point",
        "coordinates": [
          142.9554,
          -65.823
        ]
      },
      "properties": {
        "source_id": "baso_hydrozoa_stylasteridae",
        "dataset": "Antarctic stylasteridae",
        "scientificName": "Errina fissurata",
        "occurrenceID": "5549c045-0631-4f57-bff7-ba9d6dcb5a7d",
        "eventDate": "",
        "minimumDepthInMeters": 775.0,
        "maximumDepthInMeters": 775.0,
        "basisOfRecord": "HumanObservation",
        "recordedBy": "",
        "license": "CC-BY-4.0",
        "scientific_role": "PRESENCE_ONLY_NO_ABSENCE"
      }
    },
    {
      "type": "Feature",
      "geometry": {
        "type": "Point",
        "coordinates": [
          142.9554,
          -65.823
        ]
      },
      "properties": {
        "source_id": "baso_hydrozoa_stylasteridae",
        "dataset": "Antarctic stylasteridae",
        "scientificName": "Errina fissurata",
        "occurrenceID": "289612dd-43d1-4f97-ae99-17a8c4ac4ed3",
        "eventDate": "",
        "minimumDepthInMeters": 775.0,
        "maximumDepthInMeters": 775.0,
        "basisOfRecord": "HumanObservation",
        "recordedBy": "",
        "license": "CC-BY-4.0",
        "scientific_role": "PRESENCE_ONLY_NO_ABSENCE"
      }
    },
    {
      "type": "Feature",
      "geometry": {
        "type": "Point",
        "coordinates": [
          142.9554,
          -65.823
        ]
      },
      "properties": {
        "source_id": "baso_hydrozoa_stylasteridae",
        "dataset": "Antarctic stylasteridae",
        "scientificName": "Errina fissurata",
        "occurrenceID": "418286d4-24bd-4541-8532-248f21f1a6b3",
        "eventDate": "",
        "minimumDepthInMeters": 775.0,
        "maximumDepthInMeters": 775.0,
        "basisOfRecord": "HumanObservation",
        "recordedBy": "",
        "license": "CC-BY-4.0",
        "scientific_role": "PRESENCE_ONLY_NO_ABSENCE"
      }
    },
    {
      "type": "Feature",
      "geometry": {
        "type": "Point",
        "coordinates": [
          142.9554,
          -65.823
        ]
      },
      "properties": {
        "source_id": "baso_hydrozoa_stylasteridae",
        "dataset": "Antarctic stylasteridae",
        "scientificName": "Errina fissurata",
        "occurrenceID": "e2d143e6-fcd9-4fd4-9d44-f9da78dec22c",
        "eventDate": "",
        "minimumDepthInMeters": 775.0,
        "maximumDepthInMeters": 775.0,
        "basisOfRecord": "HumanObservation",
        "recordedBy": "",
        "license": "CC-BY-4.0",
        "scientific_role": "PRESENCE_ONLY_NO_ABSENCE"
      }
    },
    {
      "type": "Feature",
      "geometry": {
        "type": "Point",
        "coordinates": [
          142.9554,
          -65.823
        ]
      },
      "properties": {
        "source_id": "baso_hydrozoa_stylasteridae",
        "dataset": "Antarctic stylasteridae",
        "scientificName": "Errina fissurata",
        "occurrenceID": "beef7923-d8c9-479f-b244-1983e22a569c",
        "eventDate": "",
        "minimumDepthInMeters": 775.0,
        "maximumDepthInMeters": 775.0,
        "basisOfRecord": "HumanObservation",
        "recordedBy": "",
        "license": "CC-BY-4.0",
        "scientific_role": "PRESENCE_ONLY_NO_ABSENCE"
      }
    },
    {
      "type": "Feature",
      "geometry": {
        "type": "Point",
        "coordinates": [
          142.9554,
          -65.823
        ]
      },
      "properties": {
        "source_id": "baso_hydrozoa_stylasteridae",
        "dataset": "Antarctic stylasteridae",
        "scientificName": "Errina fissurata",
        "occurrenceID": "75c3b843-66e2-4b1c-b6ce-ab738f3f4458",
        "eventDate": "",
        "minimumDepthInMeters": 775.0,
        "maximumDepthInMeters": 775.0,
        "basisOfRecord": "HumanObservation",
        "recordedBy": "",
        "license": "CC-BY-4.0",
        "scientific_role": "PRESENCE_ONLY_NO_ABSENCE"
      }
    },
    {
      "type": "Feature",
      "geometry": {
        "type": "Point",
        "coordinates": [
          142.9554,
          -65.823
        ]
      },
      "properties": {
        "source_id": "baso_hydrozoa_stylasteridae",
        "dataset": "Antarctic stylasteridae",
        "scientificName": "Errina fissurata",
        "occurrenceID": "cf82a0a8-a78c-42f4-8a61-4aa7bb402076",
        "eventDate": "",
        "minimumDepthInMeters": 775.0,
        "maximumDepthInMeters": 775.0,
        "basisOfRecord": "HumanObservation",
        "recordedBy": "",
        "license": "CC-BY-4.0",
        "scientific_role": "PRESENCE_ONLY_NO_ABSENCE"
      }
    },
    {
      "type": "Feature",
      "geometry": {
        "type": "Point",
        "coordinates": [
          142.9554,
          -65.823
        ]
      },
      "properties": {
        "source_id": "baso_hydrozoa_stylasteridae",
        "dataset": "Antarctic stylasteridae",
        "scientificName": "Errina fissurata",
        "occurrenceID": "b3b93089-8478-4e10-9e4f-85ea0ba57f97",
        "eventDate": "",
        "minimumDepthInMeters": 775.0,
        "maximumDepthInMeters": 775.0,
        "basisOfRecord": "HumanObservation",
        "recordedBy": "",
        "license": "CC-BY-4.0",
        "scientific_role": "PRESENCE_ONLY_NO_ABSENCE"
      }
    },
    {
      "type": "Feature",
      "geometry": {
        "type": "Point",
        "coordinates": [
          142.9554,
          -65.823
        ]
      },
      "properties": {
        "source_id": "baso_hydrozoa_stylasteridae",
        "dataset": "Antarctic stylasteridae",
        "scientificName": "Errina fissurata",
        "occurrenceID": "d2b1dd6e-b5e9-4d85-9c01-08413224b4c6",
        "eventDate": "",
        "minimumDepthInMeters": 775.0,
        "maximumDepthInMeters": 775.0,
        "basisOfRecord": "HumanObservation",
        "recordedBy": "",
        "license": "CC-BY-4.0",
        "scientific_role": "PRESENCE_ONLY_NO_ABSENCE"
      }
    },
    {
      "type": "Feature",
      "geometry": {
        "type": "Point",
        "coordinates": [
          142.9554,
          -65.823
        ]
      },
      "properties": {
        "source_id": "baso_hydrozoa_stylasteridae",
        "dataset": "Antarctic stylasteridae",
        "scientificName": "Errina fissurata",
        "occurrenceID": "c88c5551-a281-4365-9c48-2dc87696d3a2",
        "eventDate": "",
        "minimumDepthInMeters": 775.0,
        "maximumDepthInMeters": 775.0,
        "basisOfRecord": "HumanObservation",
        "recordedBy": "",
        "license": "CC-BY-4.0",
        "scientific_role": "PRESENCE_ONLY_NO_ABSENCE"
      }
    },
    {
      "type": "Feature",
      "geometry": {
        "type": "Point",
        "coordinates": [
          142.9554,
          -65.823
        ]
      },
      "properties": {
        "source_id": "baso_hydrozoa_stylasteridae",
        "dataset": "Antarctic stylasteridae",
        "scientificName": "Errina fissurata",
        "occurrenceID": "96161237-1295-4c3a-9775-dd477ca60162",
        "eventDate": "",
        "minimumDepthInMeters": 775.0,
        "maximumDepthInMeters": 775.0,
        "basisOfRecord": "HumanObservation",
        "recordedBy": "",
        "license": "CC-BY-4.0",
        "scientific_role": "PRESENCE_ONLY_NO_ABSENCE"
      }
    },
    {
      "type": "Feature",
      "geometry": {
        "type": "Point",
        "coordinates": [
          142.9956,
          -65.8278
        ]
      },
      "properties": {
        "source_id": "baso_hydrozoa_stylasteridae",
        "dataset": "Antarctic stylasteridae",
        "scientificName": "Errina fissurata",
        "occurrenceID": "d2d917ca-ed5a-4bc5-84ff-43e473bcd508",
        "eventDate": "",
        "minimumDepthInMeters": 609.0,
        "maximumDepthInMeters": 609.0,
        "basisOfRecord": "HumanObservation",
        "recordedBy": "",
        "license": "CC-BY-4.0",
        "scientific_role": "PRESENCE_ONLY_NO_ABSENCE"
      }
    },
    {
      "type": "Feature",
      "geometry": {
        "type": "Point",
        "coordinates": [
          142.9956,
          -65.8278
        ]
      },
      "properties": {
        "source_id": "baso_hydrozoa_stylasteridae",
        "dataset": "Antarctic stylasteridae",
        "scientificName": "Errina fissurata",
        "occurrenceID": "59bc5590-fddd-4625-9149-5a32ffd27f65",
        "eventDate": "",
        "minimumDepthInMeters": 609.0,
        "maximumDepthInMeters": 609.0,
        "basisOfRecord": "HumanObservation",
        "recordedBy": "",
        "license": "CC-BY-4.0",
        "scientific_role": "PRESENCE_ONLY_NO_ABSENCE"
      }
    },
    {
      "type": "Feature",
      "geometry": {
        "type": "Point",
        "coordinates": [
          142.9956,
          -65.8278
        ]
      },
      "properties": {
        "source_id": "baso_hydrozoa_stylasteridae",
        "dataset": "Antarctic stylasteridae",
        "scientificName": "Errina fissurata",
        "occurrenceID": "d3376f0c-2267-476a-83bb-4c9b116e549e",
        "eventDate": "",
        "minimumDepthInMeters": 609.0,
        "maximumDepthInMeters": 609.0,
        "basisOfRecord": "HumanObservation",
        "recordedBy": "",
        "license": "CC-BY-4.0",
        "scientific_role": "PRESENCE_ONLY_NO_ABSENCE"
      }
    },
    {
      "type": "Feature",
      "geometry": {
        "type": "Point",
        "coordinates": [
          142.9956,
          -65.8278
        ]
      },
      "properties": {
        "source_id": "baso_hydrozoa_stylasteridae",
        "dataset": "Antarctic stylasteridae",
        "scientificName": "Errina fissurata",
        "occurrenceID": "f175eb00-9004-4460-8e22-46bcb744adc1",
        "eventDate": "",
        "minimumDepthInMeters": 609.0,
        "maximumDepthInMeters": 609.0,
        "basisOfRecord": "HumanObservation",
        "recordedBy": "",
        "license": "CC-BY-4.0",
        "scientific_role": "PRESENCE_ONLY_NO_ABSENCE"
      }
    },
    {
      "type": "Feature",
      "geometry": {
        "type": "Point",
        "coordinates": [
          142.9956,
          -65.8278
        ]
      },
      "properties": {
        "source_id": "baso_hydrozoa_stylasteridae",
        "dataset": "Antarctic stylasteridae",
        "scientificName": "Errina fissurata",
        "occurrenceID": "e55e33e4-c3f8-4d18-baab-37ede0defe65",
        "eventDate": "",
        "minimumDepthInMeters": 609.0,
        "maximumDepthInMeters": 609.0,
        "basisOfRecord": "HumanObservation",
        "recordedBy": "",
        "license": "CC-BY-4.0",
        "scientific_role": "PRESENCE_ONLY_NO_ABSENCE"
      }
    },
    {
      "type": "Feature",
      "geometry": {
        "type": "Point",
        "coordinates": [
          142.9956,
          -65.8278
        ]
      },
      "properties": {
        "source_id": "baso_hydrozoa_stylasteridae",
        "dataset": "Antarctic stylasteridae",
        "scientificName": "Errina fissurata",
        "occurrenceID": "c1036878-5ccb-4be9-b5f6-3934ca039b1b",
        "eventDate": "",
        "minimumDepthInMeters": 609.0,
        "maximumDepthInMeters": 609.0,
        "basisOfRecord": "HumanObservation",
        "recordedBy": "",
        "license": "CC-BY-4.0",
        "scientific_role": "PRESENCE_ONLY_NO_ABSENCE"
      }
    },
    {
      "type": "Feature",
      "geometry": {
        "type": "Point",
        "coordinates": [
          142.9956,
          -65.8278
        ]
      },
      "properties": {
        "source_id": "baso_hydrozoa_stylasteridae",
        "dataset": "Antarctic stylasteridae",
        "scientificName": "Errina fissurata",
        "occurrenceID": "3db440dc-5fc5-4b89-8d57-2b8ad3633d1a",
        "eventDate": "",
        "minimumDepthInMeters": 609.0,
        "maximumDepthInMeters": 609.0,
        "basisOfRecord": "HumanObservation",
        "recordedBy": "",
        "license": "CC-BY-4.0",
        "scientific_role": "PRESENCE_ONLY_NO_ABSENCE"
      }
    },
    {
      "type": "Feature",
      "geometry": {
        "type": "Point",
        "coordinates": [
          142.9956,
          -65.8278
        ]
      },
      "properties": {
        "source_id": "baso_hydrozoa_stylasteridae",
        "dataset": "Antarctic stylasteridae",
        "scientificName": "Errina fissurata",
        "occurrenceID": "9b37f4df-8676-4039-a1c8-10222ae3639b",
        "eventDate": "",
        "minimumDepthInMeters": 609.0,
        "maximumDepthInMeters": 609.0,
        "basisOfRecord": "HumanObservation",
        "recordedBy": "",
        "license": "CC-BY-4.0",
        "scientific_role": "PRESENCE_ONLY_NO_ABSENCE"
      }
    },
    {
      "type": "Feature",
      "geometry": {
        "type": "Point",
        "coordinates": [
          142.9956,
          -65.8278
        ]
      },
      "properties": {
        "source_id": "baso_hydrozoa_stylasteridae",
        "dataset": "Antarctic stylasteridae",
        "scientificName": "Errina fissurata",
        "occurrenceID": "af5d9ad1-b705-4333-a571-ca77ca7ea626",
        "eventDate": "",
        "minimumDepthInMeters": 609.0,
        "maximumDepthInMeters": 609.0,
        "basisOfRecord": "HumanObservation",
        "recordedBy": "",
        "license": "CC-BY-4.0",
        "scientific_role": "PRESENCE_ONLY_NO_ABSENCE"
      }
    },
    {
      "type": "Feature",
      "geometry": {
        "type": "Point",
        "coordinates": [
          -60.8517,
          -54.6866
        ]
      },
      "properties": {
        "source_id": "baso_hydrozoa_stylasteridae",
        "dataset": "Antarctic stylasteridae",
        "scientificName": "Errina fissurata",
        "occurrenceID": "dae17970-8916-4a0c-bc07-1b1bf933a6b2",
        "eventDate": "",
        "minimumDepthInMeters": 151.0,
        "maximumDepthInMeters": 151.0,
        "basisOfRecord": "HumanObservation",
        "recordedBy": "",
        "license": "CC-BY-4.0",
        "scientific_role": "PRESENCE_ONLY_NO_ABSENCE"
      }
    },
    {
      "type": "Feature",
      "geometry": {
        "type": "Point",
        "coordinates": [
          -60.0063,
          -54.66
        ]
      },
      "properties": {
        "source_id": "baso_hydrozoa_stylasteridae",
        "dataset": "Antarctic stylasteridae",
        "scientificName": "Errina fissurata",
        "occurrenceID": "d8dd12b3-85e7-4353-a6f7-dc414711728b",
        "eventDate": "",
        "minimumDepthInMeters": 193.0,
        "maximumDepthInMeters": 193.0,
        "basisOfRecord": "HumanObservation",
        "recordedBy": "",
        "license": "CC-BY-4.0",
        "scientific_role": "PRESENCE_ONLY_NO_ABSENCE"
      }
    },
    {
      "type": "Feature",
      "geometry": {
        "type": "Point",
        "coordinates": [
          -60.0063,
          -54.66
        ]
      },
      "properties": {
        "source_id": "baso_hydrozoa_stylasteridae",
        "dataset": "Antarctic stylasteridae",
        "scientificName": "Errina fissurata",
        "occurrenceID": "5d96af1f-b361-43bb-8cf0-d2fbbdfd0de3",
        "eventDate": "",
        "minimumDepthInMeters": 193.0,
        "maximumDepthInMeters": 193.0,
        "basisOfRecord": "HumanObservation",
        "recordedBy": "",
        "license": "CC-BY-4.0",
        "scientific_role": "PRESENCE_ONLY_NO_ABSENCE"
      }
    },
    {
      "type": "Feature",
      "geometry": {
        "type": "Point",
        "coordinates": [
          -60.0063,
          -54.66
        ]
      },
      "properties": {
        "source_id": "baso_hydrozoa_stylasteridae",
        "dataset": "Antarctic stylasteridae",
        "scientificName": "Errina fissurata",
        "occurrenceID": "5bd2dc72-99fb-4744-872f-6d9c1fac18ad",
        "eventDate": "",
        "minimumDepthInMeters": 193.0,
        "maximumDepthInMeters": 193.0,
        "basisOfRecord": "HumanObservation",
        "recordedBy": "",
        "license": "CC-BY-4.0",
        "scientific_role": "PRESENCE_ONLY_NO_ABSENCE"
      }
    },
    {
      "type": "Feature",
      "geometry": {
        "type": "Point",
        "coordinates": [
          -59.9008,
          -63.2638
        ]
      },
      "properties": {
        "source_id": "baso_hydrozoa_stylasteridae",
        "dataset": "Antarctic stylasteridae",
        "scientificName": "Errina fissurata",
        "occurrenceID": "6ded2faf-6290-4412-b370-dca93ffced5b",
        "eventDate": "",
        "minimumDepthInMeters": 296.0,
        "maximumDepthInMeters": 296.0,
        "basisOfRecord": "HumanObservation",
        "recordedBy": "",
        "license": "CC-BY-4.0",
        "scientific_role": "PRESENCE_ONLY_NO_ABSENCE"
      }
    },
    {
      "type": "Feature",
      "geometry": {
        "type": "Point",
        "coordinates": [
          -59.9008,
          -63.2638
        ]
      },
      "properties": {
        "source_id": "baso_hydrozoa_stylasteridae",
        "dataset": "Antarctic stylasteridae",
        "scientificName": "Errina fissurata",
        "occurrenceID": "d98e39e8-bd6a-4beb-a95c-de7f54ab9b33",
        "eventDate": "",
        "minimumDepthInMeters": 296.0,
        "maximumDepthInMeters": 296.0,
        "basisOfRecord": "HumanObservation",
        "recordedBy": "",
        "license": "CC-BY-4.0",
        "scientific_role": "PRESENCE_ONLY_NO_ABSENCE"
      }
    },
    {
      "type": "Feature",
      "geometry": {
        "type": "Point",
        "coordinates": [
          -59.9008,
          -63.2638
        ]
      },
      "properties": {
        "source_id": "baso_hydrozoa_stylasteridae",
        "dataset": "Antarctic stylasteridae",
        "scientificName": "Errina fissurata",
        "occurrenceID": "d0f3bce9-0622-47ac-9d75-a9f878a00a39",
        "eventDate": "",
        "minimumDepthInMeters": 296.0,
        "maximumDepthInMeters": 296.0,
        "basisOfRecord": "HumanObservation",
        "recordedBy": "",
        "license": "CC-BY-4.0",
        "scientific_role": "PRESENCE_ONLY_NO_ABSENCE"
      }
    },
    {
      "type": "Feature",
      "geometry": {
        "type": "Point",
        "coordinates": [
          -59.9008,
          -63.2638
        ]
      },
      "properties": {
        "source_id": "baso_hydrozoa_stylasteridae",
        "dataset": "Antarctic stylasteridae",
        "scientificName": "Errina fissurata",
        "occurrenceID": "f55b6832-4206-4a30-9db1-333558593998",
        "eventDate": "",
        "minimumDepthInMeters": 296.0,
        "maximumDepthInMeters": 296.0,
        "basisOfRecord": "HumanObservation",
        "recordedBy": "",
        "license": "CC-BY-4.0",
        "scientific_role": "PRESENCE_ONLY_NO_ABSENCE"
      }
    },
    {
      "type": "Feature",
      "geometry": {
        "type": "Point",
        "coordinates": [
          -59.9008,
          -63.2638
        ]
      },
      "properties": {
        "source_id": "baso_hydrozoa_stylasteridae",
        "dataset": "Antarctic stylasteridae",
        "scientificName": "Errina fissurata",
        "occurrenceID": "140db06a-a7fe-4d86-aefc-4f4162981e23",
        "eventDate": "",
        "minimumDepthInMeters": 296.0,
        "maximumDepthInMeters": 296.0,
        "basisOfRecord": "HumanObservation",
        "recordedBy": "",
        "license": "CC-BY-4.0",
        "scientific_role": "PRESENCE_ONLY_NO_ABSENCE"
      }
    },
    {
      "type": "Feature",
      "geometry": {
        "type": "Point",
        "coordinates": [
          -59.9008,
          -63.2638
        ]
      },
      "properties": {
        "source_id": "baso_hydrozoa_stylasteridae",
        "dataset": "Antarctic stylasteridae",
        "scientificName": "Errina fissurata",
        "occurrenceID": "e5d4c667-4fe2-45e4-bd5c-e7325bee97ae",
        "eventDate": "",
        "minimumDepthInMeters": 296.0,
        "maximumDepthInMeters": 296.0,
        "basisOfRecord": "HumanObservation",
        "recordedBy": "",
        "license": "CC-BY-4.0",
        "scientific_role": "PRESENCE_ONLY_NO_ABSENCE"
      }
    },
    {
      "type": "Feature",
      "geometry": {
        "type": "Point",
        "coordinates": [
          -59.9008,
          -63.2638
        ]
      },
      "properties": {
        "source_id": "baso_hydrozoa_stylasteridae",
        "dataset": "Antarctic stylasteridae",
        "scientificName": "Errina fissurata",
        "occurrenceID": "b0197099-9d69-4afd-8abc-be81abe5cdd8",
        "eventDate": "",
        "minimumDepthInMeters": 296.0,
        "maximumDepthInMeters": 296.0,
        "basisOfRecord": "HumanObservation",
        "recordedBy": "",
        "license": "CC-BY-4.0",
        "scientific_role": "PRESENCE_ONLY_NO_ABSENCE"
      }
    },
    {
      "type": "Feature",
      "geometry": {
        "type": "Point",
        "coordinates": [
          162.4333,
          -66.5167
        ]
      },
      "properties": {
        "source_id": "baso_hydrozoa_stylasteridae",
        "dataset": "Antarctic stylasteridae",
        "scientificName": "Errina fissurata",
        "occurrenceID": "8ca4616a-8c77-43ca-9f87-f1b66d80719a",
        "eventDate": "",
        "minimumDepthInMeters": 209.0,
        "maximumDepthInMeters": 209.0,
        "basisOfRecord": "HumanObservation",
        "recordedBy": "",
        "license": "CC-BY-4.0",
        "scientific_role": "PRESENCE_ONLY_NO_ABSENCE"
      }
    },
    {
      "type": "Feature",
      "geometry": {
        "type": "Point",
        "coordinates": [
          162.4333,
          -66.5167
        ]
      },
      "properties": {
        "source_id": "baso_hydrozoa_stylasteridae",
        "dataset": "Antarctic stylasteridae",
        "scientificName": "Errina fissurata",
        "occurrenceID": "6709edf0-bd77-4030-b0c6-c0c108cf9f9e",
        "eventDate": "",
        "minimumDepthInMeters": 209.0,
        "maximumDepthInMeters": 209.0,
        "basisOfRecord": "HumanObservation",
        "recordedBy": "",
        "license": "CC-BY-4.0",
        "scientific_role": "PRESENCE_ONLY_NO_ABSENCE"
      }
    },
    {
      "type": "Feature",
      "geometry": {
        "type": "Point",
        "coordinates": [
          164.4333,
          -67.425
        ]
      },
      "properties": {
        "source_id": "baso_hydrozoa_stylasteridae",
        "dataset": "Antarctic stylasteridae",
        "scientificName": "Errina fissurata",
        "occurrenceID": "84752d96-b100-4808-ab7f-f14f30e35cb6",
        "eventDate": "",
        "minimumDepthInMeters": 267.0,
        "maximumDepthInMeters": 267.0,
        "basisOfRecord": "HumanObservation",
        "recordedBy": "",
        "license": "CC-BY-4.0",
        "scientific_role": "PRESENCE_ONLY_NO_ABSENCE"
      }
    },
    {
      "type": "Feature",
      "geometry": {
        "type": "Point",
        "coordinates": [
          178.2833,
          -74.1667
        ]
      },
      "properties": {
        "source_id": "baso_hydrozoa_stylasteridae",
        "dataset": "Antarctic stylasteridae",
        "scientificName": "Errina fissurata",
        "occurrenceID": "ccbb3ab1-3891-46c9-8cdb-81f10b39ac37",
        "eventDate": "",
        "minimumDepthInMeters": 352.0,
        "maximumDepthInMeters": 352.0,
        "basisOfRecord": "HumanObservation",
        "recordedBy": "",
        "license": "CC-BY-4.0",
        "scientific_role": "PRESENCE_ONLY_NO_ABSENCE"
      }
    },
    {
      "type": "Feature",
      "geometry": {
        "type": "Point",
        "coordinates": [
          177.2,
          -77.0833
        ]
      },
      "properties": {
        "source_id": "baso_hydrozoa_stylasteridae",
        "dataset": "Antarctic stylasteridae",
        "scientificName": "Errina fissurata",
        "occurrenceID": "bfc30251-597d-4f37-a747-ade4f41ee16b",
        "eventDate": "",
        "minimumDepthInMeters": 354.0,
        "maximumDepthInMeters": 354.0,
        "basisOfRecord": "HumanObservation",
        "recordedBy": "",
        "license": "CC-BY-4.0",
        "scientific_role": "PRESENCE_ONLY_NO_ABSENCE"
      }
    },
    {
      "type": "Feature",
      "geometry": {
        "type": "Point",
        "coordinates": [
          177.2,
          -77.0833
        ]
      },
      "properties": {
        "source_id": "baso_hydrozoa_stylasteridae",
        "dataset": "Antarctic stylasteridae",
        "scientificName": "Errina fissurata",
        "occurrenceID": "9bf8d108-99b0-4853-a62c-fee91f132273",
        "eventDate": "",
        "minimumDepthInMeters": 354.0,
        "maximumDepthInMeters": 354.0,
        "basisOfRecord": "HumanObservation",
        "recordedBy": "",
        "license": "CC-BY-4.0",
        "scientific_role": "PRESENCE_ONLY_NO_ABSENCE"
      }
    },
    {
      "type": "Feature",
      "geometry": {
        "type": "Point",
        "coordinates": [
          177.2,
          -77.0833
        ]
      },
      "properties": {
        "source_id": "baso_hydrozoa_stylasteridae",
        "dataset": "Antarctic stylasteridae",
        "scientificName": "Errina fissurata",
        "occurrenceID": "3365428b-6cd6-48ed-8004-dbaaf6a419be",
        "eventDate": "",
        "minimumDepthInMeters": 354.0,
        "maximumDepthInMeters": 354.0,
        "basisOfRecord": "HumanObservation",
        "recordedBy": "",
        "license": "CC-BY-4.0",
        "scientific_role": "PRESENCE_ONLY_NO_ABSENCE"
      }
    },
    {
      "type": "Feature",
      "geometry": {
        "type": "Point",
        "coordinates": [
          177.2,
          -77.0833
        ]
      },
      "properties": {
        "source_id": "baso_hydrozoa_stylasteridae",
        "dataset": "Antarctic stylasteridae",
        "scientificName": "Errina fissurata",
        "occurrenceID": "a0b96a28-7204-476b-8279-b9837bfa2ac1",
        "eventDate": "",
        "minimumDepthInMeters": 354.0,
        "maximumDepthInMeters": 354.0,
        "basisOfRecord": "HumanObservation",
        "recordedBy": "",
        "license": "CC-BY-4.0",
        "scientific_role": "PRESENCE_ONLY_NO_ABSENCE"
      }
    },
    {
      "type": "Feature",
      "geometry": {
        "type": "Point",
        "coordinates": [
          178.5833,
          -74.3667
        ]
      },
      "properties": {
        "source_id": "baso_hydrozoa_stylasteridae",
        "dataset": "Antarctic stylasteridae",
        "scientificName": "Errina fissurata",
        "occurrenceID": "132a3a7c-1611-4b41-9c14-5da3013c83ea",
        "eventDate": "",
        "minimumDepthInMeters": null,
        "maximumDepthInMeters": null,
        "basisOfRecord": "HumanObservation",
        "recordedBy": "",
        "license": "CC-BY-4.0",
        "scientific_role": "PRESENCE_ONLY_NO_ABSENCE"
      }
    },
    {
      "type": "Feature",
      "geometry": {
        "type": "Point",
        "coordinates": [
          178.5833,
          -74.3667
        ]
      },
      "properties": {
        "source_id": "baso_hydrozoa_stylasteridae",
        "dataset": "Antarctic stylasteridae",
        "scientificName": "Errina fissurata",
        "occurrenceID": "9a89d44f-1a0b-4264-8897-0ffc80c94cd3",
        "eventDate": "",
        "minimumDepthInMeters": null,
        "maximumDepthInMeters": null,
        "basisOfRecord": "HumanObservation",
        "recordedBy": "",
        "license": "CC-BY-4.0",
        "scientific_role": "PRESENCE_ONLY_NO_ABSENCE"
      }
    },
    {
      "type": "Feature",
      "geometry": {
        "type": "Point",
        "coordinates": [
          170.5767,
          -71.2935
        ]
      },
      "properties": {
        "source_id": "baso_hydrozoa_stylasteridae",
        "dataset": "Antarctic stylasteridae",
        "scientificName": "Errina fissurata",
        "occurrenceID": "2b83d037-8049-4c70-b238-60ea0cc81d0f",
        "eventDate": "",
        "minimumDepthInMeters": 170.0,
        "maximumDepthInMeters": 170.0,
        "basisOfRecord": "HumanObservation",
        "recordedBy": "",
        "license": "CC-BY-4.0",
        "scientific_role": "PRESENCE_ONLY_NO_ABSENCE"
      }
    },
    {
      "type": "Feature",
      "geometry": {
        "type": "Point",
        "coordinates": [
          170.5405,
          -71.2988
        ]
      },
      "properties": {
        "source_id": "baso_hydrozoa_stylasteridae",
        "dataset": "Antarctic stylasteridae",
        "scientificName": "Errina fissurata",
        "occurrenceID": "a8540ea0-9c66-45cd-9535-2a40f91ec58d",
        "eventDate": "",
        "minimumDepthInMeters": 312.0,
        "maximumDepthInMeters": 312.0,
        "basisOfRecord": "HumanObservation",
        "recordedBy": "",
        "license": "CC-BY-4.0",
        "scientific_role": "PRESENCE_ONLY_NO_ABSENCE"
      }
    },
    {
      "type": "Feature",
      "geometry": {
        "type": "Point",
        "coordinates": [
          171.9682,
          -71.9795
        ]
      },
      "properties": {
        "source_id": "baso_hydrozoa_stylasteridae",
        "dataset": "Antarctic stylasteridae",
        "scientificName": "Errina fissurata",
        "occurrenceID": "f4ae1734-a0fc-4740-bd4d-837e996139cf",
        "eventDate": "",
        "minimumDepthInMeters": 480.0,
        "maximumDepthInMeters": 480.0,
        "basisOfRecord": "HumanObservation",
        "recordedBy": "",
        "license": "CC-BY-4.0",
        "scientific_role": "PRESENCE_ONLY_NO_ABSENCE"
      }
    },
    {
      "type": "Feature",
      "geometry": {
        "type": "Point",
        "coordinates": [
          172.6985,
          -72.117
        ]
      },
      "properties": {
        "source_id": "baso_hydrozoa_stylasteridae",
        "dataset": "Antarctic stylasteridae",
        "scientificName": "Errina fissurata",
        "occurrenceID": "8774f31d-7fbb-4b47-995a-8b3ca9aea6a5",
        "eventDate": "",
        "minimumDepthInMeters": 495.0,
        "maximumDepthInMeters": 495.0,
        "basisOfRecord": "HumanObservation",
        "recordedBy": "",
        "license": "CC-BY-4.0",
        "scientific_role": "PRESENCE_ONLY_NO_ABSENCE"
      }
    },
    {
      "type": "Feature",
      "geometry": {
        "type": "Point",
        "coordinates": [
          172.6985,
          -72.117
        ]
      },
      "properties": {
        "source_id": "baso_hydrozoa_stylasteridae",
        "dataset": "Antarctic stylasteridae",
        "scientificName": "Errina fissurata",
        "occurrenceID": "2cbd7c45-cc25-4667-b6b9-17d896ede084",
        "eventDate": "",
        "minimumDepthInMeters": 495.0,
        "maximumDepthInMeters": 495.0,
        "basisOfRecord": "HumanObservation",
        "recordedBy": "",
        "license": "CC-BY-4.0",
        "scientific_role": "PRESENCE_ONLY_NO_ABSENCE"
      }
    },
    {
      "type": "Feature",
      "geometry": {
        "type": "Point",
        "coordinates": [
          172.6985,
          -72.117
        ]
      },
      "properties": {
        "source_id": "baso_hydrozoa_stylasteridae",
        "dataset": "Antarctic stylasteridae",
        "scientificName": "Errina fissurata",
        "occurrenceID": "be3a7bbe-f2f9-44b2-86fe-66d7746d7ff2",
        "eventDate": "",
        "minimumDepthInMeters": 495.0,
        "maximumDepthInMeters": 495.0,
        "basisOfRecord": "HumanObservation",
        "recordedBy": "",
        "license": "CC-BY-4.0",
        "scientific_role": "PRESENCE_ONLY_NO_ABSENCE"
      }
    },
    {
      "type": "Feature",
      "geometry": {
        "type": "Point",
        "coordinates": [
          172.6985,
          -72.117
        ]
      },
      "properties": {
        "source_id": "baso_hydrozoa_stylasteridae",
        "dataset": "Antarctic stylasteridae",
        "scientificName": "Errina fissurata",
        "occurrenceID": "c16b1d63-9574-45ad-8610-5e157d58949b",
        "eventDate": "",
        "minimumDepthInMeters": 495.0,
        "maximumDepthInMeters": 495.0,
        "basisOfRecord": "HumanObservation",
        "recordedBy": "",
        "license": "CC-BY-4.0",
        "scientific_role": "PRESENCE_ONLY_NO_ABSENCE"
      }
    },
    {
      "type": "Feature",
      "geometry": {
        "type": "Point",
        "coordinates": [
          172.6985,
          -72.117
        ]
      },
      "properties": {
        "source_id": "baso_hydrozoa_stylasteridae",
        "dataset": "Antarctic stylasteridae",
        "scientificName": "Errina fissurata",
        "occurrenceID": "66c841b7-5db8-4dfc-9324-8c24be6db7ff",
        "eventDate": "",
        "minimumDepthInMeters": 495.0,
        "maximumDepthInMeters": 495.0,
        "basisOfRecord": "HumanObservation",
        "recordedBy": "",
        "license": "CC-BY-4.0",
        "scientific_role": "PRESENCE_ONLY_NO_ABSENCE"
      }
    },
    {
      "type": "Feature",
      "geometry": {
        "type": "Point",
        "coordinates": [
          172.6985,
          -72.117
        ]
      },
      "properties": {
        "source_id": "baso_hydrozoa_stylasteridae",
        "dataset": "Antarctic stylasteridae",
        "scientificName": "Errina fissurata",
        "occurrenceID": "40ebdb28-440e-4bea-b67c-dbf39ecdbeb7",
        "eventDate": "",
        "minimumDepthInMeters": 495.0,
        "maximumDepthInMeters": 495.0,
        "basisOfRecord": "HumanObservation",
        "recordedBy": "",
        "license": "CC-BY-4.0",
        "scientific_role": "PRESENCE_ONLY_NO_ABSENCE"
      }
    },
    {
      "type": "Feature",
      "geometry": {
        "type": "Point",
        "coordinates": [
          172.9038,
          -72.0605
        ]
      },
      "properties": {
        "source_id": "baso_hydrozoa_stylasteridae",
        "dataset": "Antarctic stylasteridae",
        "scientificName": "Errina fissurata",
        "occurrenceID": "7497322e-2a2d-4e8a-b83e-dcbc4708643a",
        "eventDate": "",
        "minimumDepthInMeters": 526.0,
        "maximumDepthInMeters": 526.0,
        "basisOfRecord": "HumanObservation",
        "recordedBy": "",
        "license": "CC-BY-4.0",
        "scientific_role": "PRESENCE_ONLY_NO_ABSENCE"
      }
    },
    {
      "type": "Feature",
      "geometry": {
        "type": "Point",
        "coordinates": [
          172.9038,
          -72.0605
        ]
      },
      "properties": {
        "source_id": "baso_hydrozoa_stylasteridae",
        "dataset": "Antarctic stylasteridae",
        "scientificName": "Errina fissurata",
        "occurrenceID": "76a4ed05-8cc3-4dcc-a35a-4154c636fd71",
        "eventDate": "",
        "minimumDepthInMeters": 526.0,
        "maximumDepthInMeters": 526.0,
        "basisOfRecord": "HumanObservation",
        "recordedBy": "",
        "license": "CC-BY-4.0",
        "scientific_role": "PRESENCE_ONLY_NO_ABSENCE"
      }
    },
    {
      "type": "Feature",
      "geometry": {
        "type": "Point",
        "coordinates": [
          172.2223,
          -72.0013
        ]
      },
      "properties": {
        "source_id": "baso_hydrozoa_stylasteridae",
        "dataset": "Antarctic stylasteridae",
        "scientificName": "Errina fissurata",
        "occurrenceID": "78f17afa-800f-470e-bff9-18a50d5ae3c3",
        "eventDate": "",
        "minimumDepthInMeters": 536.0,
        "maximumDepthInMeters": 536.0,
        "basisOfRecord": "HumanObservation",
        "recordedBy": "",
        "license": "CC-BY-4.0",
        "scientific_role": "PRESENCE_ONLY_NO_ABSENCE"
      }
    },
    {
      "type": "Feature",
      "geometry": {
        "type": "Point",
        "coordinates": [
          172.2223,
          -72.0013
        ]
      },
      "properties": {
        "source_id": "baso_hydrozoa_stylasteridae",
        "dataset": "Antarctic stylasteridae",
        "scientificName": "Errina fissurata",
        "occurrenceID": "ea5334cf-b0cf-40bf-9284-932dfc98feb3",
        "eventDate": "",
        "minimumDepthInMeters": 536.0,
        "maximumDepthInMeters": 536.0,
        "basisOfRecord": "HumanObservation",
        "recordedBy": "",
        "license": "CC-BY-4.0",
        "scientific_role": "PRESENCE_ONLY_NO_ABSENCE"
      }
    },
    {
      "type": "Feature",
      "geometry": {
        "type": "Point",
        "coordinates": [
          172.2223,
          -72.0013
        ]
      },
      "properties": {
        "source_id": "baso_hydrozoa_stylasteridae",
        "dataset": "Antarctic stylasteridae",
        "scientificName": "Errina fissurata",
        "occurrenceID": "1cc80239-fbed-4f30-bcc0-df2edc4bdd3c",
        "eventDate": "",
        "minimumDepthInMeters": 536.0,
        "maximumDepthInMeters": 536.0,
        "basisOfRecord": "HumanObservation",
        "recordedBy": "",
        "license": "CC-BY-4.0",
        "scientific_role": "PRESENCE_ONLY_NO_ABSENCE"
      }
    },
    {
      "type": "Feature",
      "geometry": {
        "type": "Point",
        "coordinates": [
          172.2223,
          -72.0013
        ]
      },
      "properties": {
        "source_id": "baso_hydrozoa_stylasteridae",
        "dataset": "Antarctic stylasteridae",
        "scientificName": "Errina fissurata",
        "occurrenceID": "c86f6c20-f22a-4f7a-9afd-b467f1dd4ab1",
        "eventDate": "",
        "minimumDepthInMeters": 536.0,
        "maximumDepthInMeters": 536.0,
        "basisOfRecord": "HumanObservation",
        "recordedBy": "",
        "license": "CC-BY-4.0",
        "scientific_role": "PRESENCE_ONLY_NO_ABSENCE"
      }
    },
    {
      "type": "Feature",
      "geometry": {
        "type": "Point",
        "coordinates": [
          172.207,
          -71.9927
        ]
      },
      "properties": {
        "source_id": "baso_hydrozoa_stylasteridae",
        "dataset": "Antarctic stylasteridae",
        "scientificName": "Errina fissurata",
        "occurrenceID": "bc22142b-15be-46c6-acc6-4a0c3e90f1da",
        "eventDate": "",
        "minimumDepthInMeters": 675.0,
        "maximumDepthInMeters": 675.0,
        "basisOfRecord": "HumanObservation",
        "recordedBy": "",
        "license": "CC-BY-4.0",
        "scientific_role": "PRESENCE_ONLY_NO_ABSENCE"
      }
    },
    {
      "type": "Feature",
      "geometry": {
        "type": "Point",
        "coordinates": [
          163.9428,
          -67.4202
        ]
      },
      "properties": {
        "source_id": "baso_hydrozoa_stylasteridae",
        "dataset": "Antarctic stylasteridae",
        "scientificName": "Errina fissurata",
        "occurrenceID": "4a2e26fb-816f-4bbe-b010-913b0ebb9a79",
        "eventDate": "",
        "minimumDepthInMeters": 117.0,
        "maximumDepthInMeters": 117.0,
        "basisOfRecord": "HumanObservation",
        "recordedBy": "",
        "license": "CC-BY-4.0",
        "scientific_role": "PRESENCE_ONLY_NO_ABSENCE"
      }
    },
    {
      "type": "Feature",
      "geometry": {
        "type": "Point",
        "coordinates": [
          163.9428,
          -67.4202
        ]
      },
      "properties": {
        "source_id": "baso_hydrozoa_stylasteridae",
        "dataset": "Antarctic stylasteridae",
        "scientificName": "Errina fissurata",
        "occurrenceID": "4cb6b1a5-3afe-42ab-aac8-c63f178ff5bb",
        "eventDate": "",
        "minimumDepthInMeters": 117.0,
        "maximumDepthInMeters": 117.0,
        "basisOfRecord": "HumanObservation",
        "recordedBy": "",
        "license": "CC-BY-4.0",
        "scientific_role": "PRESENCE_ONLY_NO_ABSENCE"
      }
    },
    {
      "type": "Feature",
      "geometry": {
        "type": "Point",
        "coordinates": [
          170.4277,
          -72.3248
        ]
      },
      "properties": {
        "source_id": "baso_hydrozoa_stylasteridae",
        "dataset": "Antarctic stylasteridae",
        "scientificName": "Errina fissurata",
        "occurrenceID": "63c0a796-e3d8-486b-99c9-b8522ab22a6b",
        "eventDate": "",
        "minimumDepthInMeters": 206.0,
        "maximumDepthInMeters": 206.0,
        "basisOfRecord": "HumanObservation",
        "recordedBy": "",
        "license": "CC-BY-4.0",
        "scientific_role": "PRESENCE_ONLY_NO_ABSENCE"
      }
    },
    {
      "type": "Feature",
      "geometry": {
        "type": "Point",
        "coordinates": [
          170.4277,
          -72.3248
        ]
      },
      "properties": {
        "source_id": "baso_hydrozoa_stylasteridae",
        "dataset": "Antarctic stylasteridae",
        "scientificName": "Errina fissurata",
        "occurrenceID": "03677ff2-6afd-432f-908a-b12b8990211f",
        "eventDate": "",
        "minimumDepthInMeters": 206.0,
        "maximumDepthInMeters": 206.0,
        "basisOfRecord": "HumanObservation",
        "recordedBy": "",
        "license": "CC-BY-4.0",
        "scientific_role": "PRESENCE_ONLY_NO_ABSENCE"
      }
    },
    {
      "type": "Feature",
      "geometry": {
        "type": "Point",
        "coordinates": [
          170.4772,
          -71.3098
        ]
      },
      "properties": {
        "source_id": "baso_hydrozoa_stylasteridae",
        "dataset": "Antarctic stylasteridae",
        "scientificName": "Errina fissurata",
        "occurrenceID": "b154cd58-acc7-4a91-bda4-c7c513604c41",
        "eventDate": "",
        "minimumDepthInMeters": 212.0,
        "maximumDepthInMeters": 212.0,
        "basisOfRecord": "HumanObservation",
        "recordedBy": "",
        "license": "CC-BY-4.0",
        "scientific_role": "PRESENCE_ONLY_NO_ABSENCE"
      }
    },
    {
      "type": "Feature",
      "geometry": {
        "type": "Point",
        "coordinates": [
          170.9638,
          -71.7782
        ]
      },
      "properties": {
        "source_id": "baso_hydrozoa_stylasteridae",
        "dataset": "Antarctic stylasteridae",
        "scientificName": "Errina fissurata",
        "occurrenceID": "6b5896f5-e37a-4389-bda0-0ac4eae2991a",
        "eventDate": "",
        "minimumDepthInMeters": 230.0,
        "maximumDepthInMeters": 230.0,
        "basisOfRecord": "HumanObservation",
        "recordedBy": "",
        "license": "CC-BY-4.0",
        "scientific_role": "PRESENCE_ONLY_NO_ABSENCE"
      }
    },
    {
      "type": "Feature",
      "geometry": {
        "type": "Point",
        "coordinates": [
          170.7745,
          -72.0135
        ]
      },
      "properties": {
        "source_id": "baso_hydrozoa_stylasteridae",
        "dataset": "Antarctic stylasteridae",
        "scientificName": "Errina fissurata",
        "occurrenceID": "58127fda-d5a6-4bba-9be9-d6e6409a2d44",
        "eventDate": "",
        "minimumDepthInMeters": 231.0,
        "maximumDepthInMeters": 231.0,
        "basisOfRecord": "HumanObservation",
        "recordedBy": "",
        "license": "CC-BY-4.0",
        "scientific_role": "PRESENCE_ONLY_NO_ABSENCE"
      }
    },
    {
      "type": "Feature",
      "geometry": {
        "type": "Point",
        "coordinates": [
          171.1012,
          -71.7685
        ]
      },
      "properties": {
        "source_id": "baso_hydrozoa_stylasteridae",
        "dataset": "Antarctic stylasteridae",
        "scientificName": "Errina fissurata",
        "occurrenceID": "bae77488-0dc5-45a5-a205-d2d94d25f3db",
        "eventDate": "",
        "minimumDepthInMeters": 235.0,
        "maximumDepthInMeters": 235.0,
        "basisOfRecord": "HumanObservation",
        "recordedBy": "",
        "license": "CC-BY-4.0",
        "scientific_role": "PRESENCE_ONLY_NO_ABSENCE"
      }
    },
    {
      "type": "Feature",
      "geometry": {
        "type": "Point",
        "coordinates": [
          170.7758,
          -72.014
        ]
      },
      "properties": {
        "source_id": "baso_hydrozoa_stylasteridae",
        "dataset": "Antarctic stylasteridae",
        "scientificName": "Errina fissurata",
        "occurrenceID": "ddd505b9-e3cf-4004-b7aa-075c3179530c",
        "eventDate": "",
        "minimumDepthInMeters": 236.0,
        "maximumDepthInMeters": 236.0,
        "basisOfRecord": "HumanObservation",
        "recordedBy": "",
        "license": "CC-BY-4.0",
        "scientific_role": "PRESENCE_ONLY_NO_ABSENCE"
      }
    },
    {
      "type": "Feature",
      "geometry": {
        "type": "Point",
        "coordinates": [
          170.458,
          -72.3263
        ]
      },
      "properties": {
        "source_id": "baso_hydrozoa_stylasteridae",
        "dataset": "Antarctic stylasteridae",
        "scientificName": "Errina fissurata",
        "occurrenceID": "b70a4867-8f26-491c-8aad-6e3bc8af7c01",
        "eventDate": "",
        "minimumDepthInMeters": 236.0,
        "maximumDepthInMeters": 236.0,
        "basisOfRecord": "HumanObservation",
        "recordedBy": "",
        "license": "CC-BY-4.0",
        "scientific_role": "PRESENCE_ONLY_NO_ABSENCE"
      }
    },
    {
      "type": "Feature",
      "geometry": {
        "type": "Point",
        "coordinates": [
          170.7758,
          -72.014
        ]
      },
      "properties": {
        "source_id": "baso_hydrozoa_stylasteridae",
        "dataset": "Antarctic stylasteridae",
        "scientificName": "Errina fissurata",
        "occurrenceID": "917dd9e6-0ddb-4a9e-8912-710b9d4526c9",
        "eventDate": "",
        "minimumDepthInMeters": 236.0,
        "maximumDepthInMeters": 236.0,
        "basisOfRecord": "HumanObservation",
        "recordedBy": "",
        "license": "CC-BY-4.0",
        "scientific_role": "PRESENCE_ONLY_NO_ABSENCE"
      }
    },
    {
      "type": "Feature",
      "geometry": {
        "type": "Point",
        "coordinates": [
          170.7758,
          -72.014
        ]
      },
      "properties": {
        "source_id": "baso_hydrozoa_stylasteridae",
        "dataset": "Antarctic stylasteridae",
        "scientificName": "Errina fissurata",
        "occurrenceID": "c20eeb94-0dfc-401d-988d-1749fd058330",
        "eventDate": "",
        "minimumDepthInMeters": 236.0,
        "maximumDepthInMeters": 236.0,
        "basisOfRecord": "HumanObservation",
        "recordedBy": "",
        "license": "CC-BY-4.0",
        "scientific_role": "PRESENCE_ONLY_NO_ABSENCE"
      }
    },
    {
      "type": "Feature",
      "geometry": {
        "type": "Point",
        "coordinates": [
          170.8082,
          -72.0183
        ]
      },
      "properties": {
        "source_id": "baso_hydrozoa_stylasteridae",
        "dataset": "Antarctic stylasteridae",
        "scientificName": "Errina fissurata",
        "occurrenceID": "143cb195-0e80-4866-a76b-0fe3fc89da9e",
        "eventDate": "",
        "minimumDepthInMeters": 302.0,
        "maximumDepthInMeters": 302.0,
        "basisOfRecord": "HumanObservation",
        "recordedBy": "",
        "license": "CC-BY-4.0",
        "scientific_role": "PRESENCE_ONLY_NO_ABSENCE"
      }
    },
    {
      "type": "Feature",
      "geometry": {
        "type": "Point",
        "coordinates": [
          170.4787,
          -72.3217
        ]
      },
      "properties": {
        "source_id": "baso_hydrozoa_stylasteridae",
        "dataset": "Antarctic stylasteridae",
        "scientificName": "Errina fissurata",
        "occurrenceID": "e7559947-69a5-4b40-8d6e-b184f1eb254f",
        "eventDate": "",
        "minimumDepthInMeters": 303.0,
        "maximumDepthInMeters": 303.0,
        "basisOfRecord": "HumanObservation",
        "recordedBy": "",
        "license": "CC-BY-4.0",
        "scientific_role": "PRESENCE_ONLY_NO_ABSENCE"
      }
    },
    {
      "type": "Feature",
      "geometry": {
        "type": "Point",
        "coordinates": [
          170.5365,
          -71.2992
        ]
      },
      "properties": {
        "source_id": "baso_hydrozoa_stylasteridae",
        "dataset": "Antarctic stylasteridae",
        "scientificName": "Errina fissurata",
        "occurrenceID": "bb1662f2-66bd-4d1c-ba11-40bb9ee0c18c",
        "eventDate": "",
        "minimumDepthInMeters": 312.0,
        "maximumDepthInMeters": 312.0,
        "basisOfRecord": "HumanObservation",
        "recordedBy": "",
        "license": "CC-BY-4.0",
        "scientific_role": "PRESENCE_ONLY_NO_ABSENCE"
      }
    },
    {
      "type": "Feature",
      "geometry": {
        "type": "Point",
        "coordinates": [
          170.5405,
          -71.2988
        ]
      },
      "properties": {
        "source_id": "baso_hydrozoa_stylasteridae",
        "dataset": "Antarctic stylasteridae",
        "scientificName": "Errina fissurata",
        "occurrenceID": "323a4f5b-545e-46c4-b348-c01529c7e365",
        "eventDate": "",
        "minimumDepthInMeters": 312.0,
        "maximumDepthInMeters": 312.0,
        "basisOfRecord": "HumanObservation",
        "recordedBy": "",
        "license": "CC-BY-4.0",
        "scientific_role": "PRESENCE_ONLY_NO_ABSENCE"
      }
    },
    {
      "type": "Feature",
      "geometry": {
        "type": "Point",
        "coordinates": [
          170.5405,
          -71.2988
        ]
      },
      "properties": {
        "source_id": "baso_hydrozoa_stylasteridae",
        "dataset": "Antarctic stylasteridae",
        "scientificName": "Errina fissurata",
        "occurrenceID": "b9318ee0-99ce-40c3-b719-5298ab053a37",
        "eventDate": "",
        "minimumDepthInMeters": 312.0,
        "maximumDepthInMeters": 312.0,
        "basisOfRecord": "HumanObservation",
        "recordedBy": "",
        "license": "CC-BY-4.0",
        "scientific_role": "PRESENCE_ONLY_NO_ABSENCE"
      }
    },
    {
      "type": "Feature",
      "geometry": {
        "type": "Point",
        "coordinates": [
          170.4913,
          -72.3303
        ]
      },
      "properties": {
        "source_id": "baso_hydrozoa_stylasteridae",
        "dataset": "Antarctic stylasteridae",
        "scientificName": "Errina fissurata",
        "occurrenceID": "9a25117d-5f41-4c4f-a196-dc64ef7f8ffa",
        "eventDate": "",
        "minimumDepthInMeters": 312.0,
        "maximumDepthInMeters": 312.0,
        "basisOfRecord": "HumanObservation",
        "recordedBy": "",
        "license": "CC-BY-4.0",
        "scientific_role": "PRESENCE_ONLY_NO_ABSENCE"
      }
    },
    {
      "type": "Feature",
      "geometry": {
        "type": "Point",
        "coordinates": [
          170.8025,
          -72.0225
        ]
      },
      "properties": {
        "source_id": "baso_hydrozoa_stylasteridae",
        "dataset": "Antarctic stylasteridae",
        "scientificName": "Errina fissurata",
        "occurrenceID": "6483e6e9-4afc-4bb9-a085-f4a41c922b01",
        "eventDate": "",
        "minimumDepthInMeters": 317.0,
        "maximumDepthInMeters": 317.0,
        "basisOfRecord": "HumanObservation",
        "recordedBy": "",
        "license": "CC-BY-4.0",
        "scientific_role": "PRESENCE_ONLY_NO_ABSENCE"
      }
    },
    {
      "type": "Feature",
      "geometry": {
        "type": "Point",
        "coordinates": [
          170.5767,
          -71.2935
        ]
      },
      "properties": {
        "source_id": "baso_hydrozoa_stylasteridae",
        "dataset": "Antarctic stylasteridae",
        "scientificName": "Errina fissurata",
        "occurrenceID": "118e1b55-98a3-4913-9639-d0023dc5a6e6",
        "eventDate": "",
        "minimumDepthInMeters": 346.0,
        "maximumDepthInMeters": 346.0,
        "basisOfRecord": "HumanObservation",
        "recordedBy": "",
        "license": "CC-BY-4.0",
        "scientific_role": "PRESENCE_ONLY_NO_ABSENCE"
      }
    },
    {
      "type": "Feature",
      "geometry": {
        "type": "Point",
        "coordinates": [
          170.618,
          -71.3045
        ]
      },
      "properties": {
        "source_id": "baso_hydrozoa_stylasteridae",
        "dataset": "Antarctic stylasteridae",
        "scientificName": "Errina fissurata",
        "occurrenceID": "f27d93b4-c31c-495d-a2bc-1a788f1e9db8",
        "eventDate": "",
        "minimumDepthInMeters": 357.0,
        "maximumDepthInMeters": 357.0,
        "basisOfRecord": "HumanObservation",
        "recordedBy": "",
        "license": "CC-BY-4.0",
        "scientific_role": "PRESENCE_ONLY_NO_ABSENCE"
      }
    },
    {
      "type": "Feature",
      "geometry": {
        "type": "Point",
        "coordinates": [
          171.4487,
          -72.134
        ]
      },
      "properties": {
        "source_id": "baso_hydrozoa_stylasteridae",
        "dataset": "Antarctic stylasteridae",
        "scientificName": "Errina fissurata",
        "occurrenceID": "25167407-003a-4778-a196-3291a15f4971",
        "eventDate": "",
        "minimumDepthInMeters": 397.0,
        "maximumDepthInMeters": 397.0,
        "basisOfRecord": "HumanObservation",
        "recordedBy": "",
        "license": "CC-BY-4.0",
        "scientific_role": "PRESENCE_ONLY_NO_ABSENCE"
      }
    },
    {
      "type": "Feature",
      "geometry": {
        "type": "Point",
        "coordinates": [
          171.4487,
          -72.134
        ]
      },
      "properties": {
        "source_id": "baso_hydrozoa_stylasteridae",
        "dataset": "Antarctic stylasteridae",
        "scientificName": "Errina fissurata",
        "occurrenceID": "e0d1d66c-5ee6-4be6-8019-1d8d369febdb",
        "eventDate": "",
        "minimumDepthInMeters": 397.0,
        "maximumDepthInMeters": 397.0,
        "basisOfRecord": "HumanObservation",
        "recordedBy": "",
        "license": "CC-BY-4.0",
        "scientific_role": "PRESENCE_ONLY_NO_ABSENCE"
      }
    },
    {
      "type": "Feature",
      "geometry": {
        "type": "Point",
        "coordinates": [
          170.5997,
          -71.2718
        ]
      },
      "properties": {
        "source_id": "baso_hydrozoa_stylasteridae",
        "dataset": "Antarctic stylasteridae",
        "scientificName": "Errina fissurata",
        "occurrenceID": "681c9676-5dd6-4e4b-acae-94ff5bfb163b",
        "eventDate": "",
        "minimumDepthInMeters": 400.0,
        "maximumDepthInMeters": 400.0,
        "basisOfRecord": "HumanObservation",
        "recordedBy": "",
        "license": "CC-BY-4.0",
        "scientific_role": "PRESENCE_ONLY_NO_ABSENCE"
      }
    },
    {
      "type": "Feature",
      "geometry": {
        "type": "Point",
        "coordinates": [
          171.644,
          -71.7407
        ]
      },
      "properties": {
        "source_id": "baso_hydrozoa_stylasteridae",
        "dataset": "Antarctic stylasteridae",
        "scientificName": "Errina fissurata",
        "occurrenceID": "b2ac7955-d85d-47bd-b697-11841781b786",
        "eventDate": "",
        "minimumDepthInMeters": 400.0,
        "maximumDepthInMeters": 400.0,
        "basisOfRecord": "HumanObservation",
        "recordedBy": "",
        "license": "CC-BY-4.0",
        "scientific_role": "PRESENCE_ONLY_NO_ABSENCE"
      }
    },
    {
      "type": "Feature",
      "geometry": {
        "type": "Point",
        "coordinates": [
          171.4137,
          -72.2788
        ]
      },
      "properties": {
        "source_id": "baso_hydrozoa_stylasteridae",
        "dataset": "Antarctic stylasteridae",
        "scientificName": "Errina fissurata",
        "occurrenceID": "17f3f418-2981-48ab-875d-e7c7bd30cf71",
        "eventDate": "",
        "minimumDepthInMeters": 415.0,
        "maximumDepthInMeters": 415.0,
        "basisOfRecord": "HumanObservation",
        "recordedBy": "",
        "license": "CC-BY-4.0",
        "scientific_role": "PRESENCE_ONLY_NO_ABSENCE"
      }
    },
    {
      "type": "Feature",
      "geometry": {
        "type": "Point",
        "coordinates": [
          171.4137,
          -72.2788
        ]
      },
      "properties": {
        "source_id": "baso_hydrozoa_stylasteridae",
        "dataset": "Antarctic stylasteridae",
        "scientificName": "Errina fissurata",
        "occurrenceID": "d8f0a36f-ddf0-4f05-87bd-8c414f95d95c",
        "eventDate": "",
        "minimumDepthInMeters": 415.0,
        "maximumDepthInMeters": 415.0,
        "basisOfRecord": "HumanObservation",
        "recordedBy": "",
        "license": "CC-BY-4.0",
        "scientific_role": "PRESENCE_ONLY_NO_ABSENCE"
      }
    },
    {
      "type": "Feature",
      "geometry": {
        "type": "Point",
        "coordinates": [
          171.7333,
          -71.7352
        ]
      },
      "properties": {
        "source_id": "baso_hydrozoa_stylasteridae",
        "dataset": "Antarctic stylasteridae",
        "scientificName": "Errina fissurata",
        "occurrenceID": "40b3ccf2-64e8-4f7c-962f-2b608684eef3",
        "eventDate": "",
        "minimumDepthInMeters": 429.0,
        "maximumDepthInMeters": 429.0,
        "basisOfRecord": "HumanObservation",
        "recordedBy": "",
        "license": "CC-BY-4.0",
        "scientific_role": "PRESENCE_ONLY_NO_ABSENCE"
      }
    },
    {
      "type": "Feature",
      "geometry": {
        "type": "Point",
        "coordinates": [
          171.75,
          -71.7313
        ]
      },
      "properties": {
        "source_id": "baso_hydrozoa_stylasteridae",
        "dataset": "Antarctic stylasteridae",
        "scientificName": "Errina fissurata",
        "occurrenceID": "ead4ac82-e332-4a60-8b93-1461fba8e2c3",
        "eventDate": "",
        "minimumDepthInMeters": 451.0,
        "maximumDepthInMeters": 451.0,
        "basisOfRecord": "HumanObservation",
        "recordedBy": "",
        "license": "CC-BY-4.0",
        "scientific_role": "PRESENCE_ONLY_NO_ABSENCE"
      }
    },
    {
      "type": "Feature",
      "geometry": {
        "type": "Point",
        "coordinates": [
          171.9665,
          -71.9812
        ]
      },
      "properties": {
        "source_id": "baso_hydrozoa_stylasteridae",
        "dataset": "Antarctic stylasteridae",
        "scientificName": "Errina fissurata",
        "occurrenceID": "d2bd22a8-1fdf-4bac-9714-74e001b700ad",
        "eventDate": "",
        "minimumDepthInMeters": 456.0,
        "maximumDepthInMeters": 456.0,
        "basisOfRecord": "HumanObservation",
        "recordedBy": "",
        "license": "CC-BY-4.0",
        "scientific_role": "PRESENCE_ONLY_NO_ABSENCE"
      }
    },
    {
      "type": "Feature",
      "geometry": {
        "type": "Point",
        "coordinates": [
          171.7353,
          -71.7278
        ]
      },
      "properties": {
        "source_id": "baso_hydrozoa_stylasteridae",
        "dataset": "Antarctic stylasteridae",
        "scientificName": "Errina fissurata",
        "occurrenceID": "9c4bee39-92d0-41e2-9191-c3d8a767cc80",
        "eventDate": "",
        "minimumDepthInMeters": 466.0,
        "maximumDepthInMeters": 466.0,
        "basisOfRecord": "HumanObservation",
        "recordedBy": "",
        "license": "CC-BY-4.0",
        "scientific_role": "PRESENCE_ONLY_NO_ABSENCE"
      }
    },
    {
      "type": "Feature",
      "geometry": {
        "type": "Point",
        "coordinates": [
          170.6347,
          -71.2575
        ]
      },
      "properties": {
        "source_id": "baso_hydrozoa_stylasteridae",
        "dataset": "Antarctic stylasteridae",
        "scientificName": "Errina fissurata",
        "occurrenceID": "82e55470-63b9-4a9d-b876-9ff5963a2208",
        "eventDate": "",
        "minimumDepthInMeters": 470.0,
        "maximumDepthInMeters": 470.0,
        "basisOfRecord": "HumanObservation",
        "recordedBy": "",
        "license": "CC-BY-4.0",
        "scientific_role": "PRESENCE_ONLY_NO_ABSENCE"
      }
    },
    {
      "type": "Feature",
      "geometry": {
        "type": "Point",
        "coordinates": [
          171.9682,
          -71.9795
        ]
      },
      "properties": {
        "source_id": "baso_hydrozoa_stylasteridae",
        "dataset": "Antarctic stylasteridae",
        "scientificName": "Errina fissurata",
        "occurrenceID": "facec771-0aeb-457c-b97a-6b56e16f7800",
        "eventDate": "",
        "minimumDepthInMeters": 480.0,
        "maximumDepthInMeters": 480.0,
        "basisOfRecord": "HumanObservation",
        "recordedBy": "",
        "license": "CC-BY-4.0",
        "scientific_role": "PRESENCE_ONLY_NO_ABSENCE"
      }
    },
    {
      "type": "Feature",
      "geometry": {
        "type": "Point",
        "coordinates": [
          172.6985,
          -72.117
        ]
      },
      "properties": {
        "source_id": "baso_hydrozoa_stylasteridae",
        "dataset": "Antarctic stylasteridae",
        "scientificName": "Errina fissurata",
        "occurrenceID": "54b99dcf-4ede-4b45-81be-5ba42730ae1b",
        "eventDate": "",
        "minimumDepthInMeters": 495.0,
        "maximumDepthInMeters": 495.0,
        "basisOfRecord": "HumanObservation",
        "recordedBy": "",
        "license": "CC-BY-4.0",
        "scientific_role": "PRESENCE_ONLY_NO_ABSENCE"
      }
    },
    {
      "type": "Feature",
      "geometry": {
        "type": "Point",
        "coordinates": [
          172.6985,
          -72.117
        ]
      },
      "properties": {
        "source_id": "baso_hydrozoa_stylasteridae",
        "dataset": "Antarctic stylasteridae",
        "scientificName": "Errina fissurata",
        "occurrenceID": "c90235e6-cc93-427c-9468-cd170c24d5c1",
        "eventDate": "",
        "minimumDepthInMeters": 495.0,
        "maximumDepthInMeters": 495.0,
        "basisOfRecord": "HumanObservation",
        "recordedBy": "",
        "license": "CC-BY-4.0",
        "scientific_role": "PRESENCE_ONLY_NO_ABSENCE"
      }
    },
    {
      "type": "Feature",
      "geometry": {
        "type": "Point",
        "coordinates": [
          172.7132,
          -72.1167
        ]
      },
      "properties": {
        "source_id": "baso_hydrozoa_stylasteridae",
        "dataset": "Antarctic stylasteridae",
        "scientificName": "Errina fissurata",
        "occurrenceID": "effa2398-0e20-4f67-ac46-6de5bd1e3819",
        "eventDate": "",
        "minimumDepthInMeters": 499.0,
        "maximumDepthInMeters": 499.0,
        "basisOfRecord": "HumanObservation",
        "recordedBy": "",
        "license": "CC-BY-4.0",
        "scientific_role": "PRESENCE_ONLY_NO_ABSENCE"
      }
    },
    {
      "type": "Feature",
      "geometry": {
        "type": "Point",
        "coordinates": [
          172.7132,
          -72.1167
        ]
      },
      "properties": {
        "source_id": "baso_hydrozoa_stylasteridae",
        "dataset": "Antarctic stylasteridae",
        "scientificName": "Errina fissurata",
        "occurrenceID": "462e54d4-9e06-468b-8385-e391c68767bd",
        "eventDate": "",
        "minimumDepthInMeters": 499.0,
        "maximumDepthInMeters": 499.0,
        "basisOfRecord": "HumanObservation",
        "recordedBy": "",
        "license": "CC-BY-4.0",
        "scientific_role": "PRESENCE_ONLY_NO_ABSENCE"
      }
    },
    {
      "type": "Feature",
      "geometry": {
        "type": "Point",
        "coordinates": [
          172.7132,
          -72.1167
        ]
      },
      "properties": {
        "source_id": "baso_hydrozoa_stylasteridae",
        "dataset": "Antarctic stylasteridae",
        "scientificName": "Errina fissurata",
        "occurrenceID": "3fe828e3-6771-4c63-a344-c6bdc193dac0",
        "eventDate": "",
        "minimumDepthInMeters": 499.0,
        "maximumDepthInMeters": 499.0,
        "basisOfRecord": "HumanObservation",
        "recordedBy": "",
        "license": "CC-BY-4.0",
        "scientific_role": "PRESENCE_ONLY_NO_ABSENCE"
      }
    },
    {
      "type": "Feature",
      "geometry": {
        "type": "Point",
        "coordinates": [
          172.124,
          -71.9972
        ]
      },
      "properties": {
        "source_id": "baso_hydrozoa_stylasteridae",
        "dataset": "Antarctic stylasteridae",
        "scientificName": "Errina fissurata",
        "occurrenceID": "658a9755-6ca5-4b5e-89dd-93ff18cff588",
        "eventDate": "",
        "minimumDepthInMeters": 512.0,
        "maximumDepthInMeters": 512.0,
        "basisOfRecord": "HumanObservation",
        "recordedBy": "",
        "license": "CC-BY-4.0",
        "scientific_role": "PRESENCE_ONLY_NO_ABSENCE"
      }
    },
    {
      "type": "Feature",
      "geometry": {
        "type": "Point",
        "coordinates": [
          172.124,
          -71.9972
        ]
      },
      "properties": {
        "source_id": "baso_hydrozoa_stylasteridae",
        "dataset": "Antarctic stylasteridae",
        "scientificName": "Errina fissurata",
        "occurrenceID": "07d8372f-4fae-4ef4-8c24-3a8fba522522",
        "eventDate": "",
        "minimumDepthInMeters": 512.0,
        "maximumDepthInMeters": 512.0,
        "basisOfRecord": "HumanObservation",
        "recordedBy": "",
        "license": "CC-BY-4.0",
        "scientific_role": "PRESENCE_ONLY_NO_ABSENCE"
      }
    },
    {
      "type": "Feature",
      "geometry": {
        "type": "Point",
        "coordinates": [
          172.9302,
          -72.0977
        ]
      },
      "properties": {
        "source_id": "baso_hydrozoa_stylasteridae",
        "dataset": "Antarctic stylasteridae",
        "scientificName": "Errina fissurata",
        "occurrenceID": "38215480-0897-40fa-b01a-1393f20d0e20",
        "eventDate": "",
        "minimumDepthInMeters": 515.0,
        "maximumDepthInMeters": 515.0,
        "basisOfRecord": "HumanObservation",
        "recordedBy": "",
        "license": "CC-BY-4.0",
        "scientific_role": "PRESENCE_ONLY_NO_ABSENCE"
      }
    },
    {
      "type": "Feature",
      "geometry": {
        "type": "Point",
        "coordinates": [
          172.9038,
          -72.0605
        ]
      },
      "properties": {
        "source_id": "baso_hydrozoa_stylasteridae",
        "dataset": "Antarctic stylasteridae",
        "scientificName": "Errina fissurata",
        "occurrenceID": "bce60528-5487-4486-8ad9-738f2a0ce003",
        "eventDate": "",
        "minimumDepthInMeters": 526.0,
        "maximumDepthInMeters": 526.0,
        "basisOfRecord": "HumanObservation",
        "recordedBy": "",
        "license": "CC-BY-4.0",
        "scientific_role": "PRESENCE_ONLY_NO_ABSENCE"
      }
    },
    {
      "type": "Feature",
      "geometry": {
        "type": "Point",
        "coordinates": [
          172.9108,
          -72.0637
        ]
      },
      "properties": {
        "source_id": "baso_hydrozoa_stylasteridae",
        "dataset": "Antarctic stylasteridae",
        "scientificName": "Errina fissurata",
        "occurrenceID": "97b2d43e-0b2e-4dbe-8c64-9a948d963758",
        "eventDate": "",
        "minimumDepthInMeters": 528.0,
        "maximumDepthInMeters": 528.0,
        "basisOfRecord": "HumanObservation",
        "recordedBy": "",
        "license": "CC-BY-4.0",
        "scientific_role": "PRESENCE_ONLY_NO_ABSENCE"
      }
    },
    {
      "type": "Feature",
      "geometry": {
        "type": "Point",
        "coordinates": [
          171.8107,
          -71.712
        ]
      },
      "properties": {
        "source_id": "baso_hydrozoa_stylasteridae",
        "dataset": "Antarctic stylasteridae",
        "scientificName": "Errina fissurata",
        "occurrenceID": "60e8e789-76a8-4176-849b-1c7d0950e7d5",
        "eventDate": "",
        "minimumDepthInMeters": 530.0,
        "maximumDepthInMeters": 530.0,
        "basisOfRecord": "HumanObservation",
        "recordedBy": "",
        "license": "CC-BY-4.0",
        "scientific_role": "PRESENCE_ONLY_NO_ABSENCE"
      }
    },
    {
      "type": "Feature",
      "geometry": {
        "type": "Point",
        "coordinates": [
          173.1418,
          -72.0833
        ]
      },
      "properties": {
        "source_id": "baso_hydrozoa_stylasteridae",
        "dataset": "Antarctic stylasteridae",
        "scientificName": "Errina fissurata",
        "occurrenceID": "34d278ad-1896-4dc4-8259-9a36e4525f5c",
        "eventDate": "",
        "minimumDepthInMeters": 536.0,
        "maximumDepthInMeters": 536.0,
        "basisOfRecord": "HumanObservation",
        "recordedBy": "",
        "license": "CC-BY-4.0",
        "scientific_role": "PRESENCE_ONLY_NO_ABSENCE"
      }
    },
    {
      "type": "Feature",
      "geometry": {
        "type": "Point",
        "coordinates": [
          173.1325,
          -72.0728
        ]
      },
      "properties": {
        "source_id": "baso_hydrozoa_stylasteridae",
        "dataset": "Antarctic stylasteridae",
        "scientificName": "Errina fissurata",
        "occurrenceID": "4b0fe3f2-f0a3-411b-bb47-1e66d607e130",
        "eventDate": "",
        "minimumDepthInMeters": 540.0,
        "maximumDepthInMeters": 540.0,
        "basisOfRecord": "HumanObservation",
        "recordedBy": "",
        "license": "CC-BY-4.0",
        "scientific_role": "PRESENCE_ONLY_NO_ABSENCE"
      }
    },
    {
      "type": "Feature",
      "geometry": {
        "type": "Point",
        "coordinates": [
          172.2227,
          -72.0085
        ]
      },
      "properties": {
        "source_id": "baso_hydrozoa_stylasteridae",
        "dataset": "Antarctic stylasteridae",
        "scientificName": "Errina fissurata",
        "occurrenceID": "dc407e47-3c86-4875-b1f3-070a1d71182c",
        "eventDate": "",
        "minimumDepthInMeters": 540.0,
        "maximumDepthInMeters": 540.0,
        "basisOfRecord": "HumanObservation",
        "recordedBy": "",
        "license": "CC-BY-4.0",
        "scientific_role": "PRESENCE_ONLY_NO_ABSENCE"
      }
    },
    {
      "type": "Feature",
      "geometry": {
        "type": "Point",
        "coordinates": [
          173.1325,
          -72.0728
        ]
      },
      "properties": {
        "source_id": "baso_hydrozoa_stylasteridae",
        "dataset": "Antarctic stylasteridae",
        "scientificName": "Errina fissurata",
        "occurrenceID": "71c2e348-4e90-4fbc-9627-26c427e783e4",
        "eventDate": "",
        "minimumDepthInMeters": 540.0,
        "maximumDepthInMeters": 540.0,
        "basisOfRecord": "HumanObservation",
        "recordedBy": "",
        "license": "CC-BY-4.0",
        "scientific_role": "PRESENCE_ONLY_NO_ABSENCE"
      }
    },
    {
      "type": "Feature",
      "geometry": {
        "type": "Point",
        "coordinates": [
          170.9415,
          -71.1908
        ]
      },
      "properties": {
        "source_id": "baso_hydrozoa_stylasteridae",
        "dataset": "Antarctic stylasteridae",
        "scientificName": "Errina fissurata",
        "occurrenceID": "e5a0cea1-50f2-4b31-9938-1c651c779892",
        "eventDate": "",
        "minimumDepthInMeters": 614.0,
        "maximumDepthInMeters": 614.0,
        "basisOfRecord": "HumanObservation",
        "recordedBy": "",
        "license": "CC-BY-4.0",
        "scientific_role": "PRESENCE_ONLY_NO_ABSENCE"
      }
    },
    {
      "type": "Feature",
      "geometry": {
        "type": "Point",
        "coordinates": [
          170.9415,
          -71.1908
        ]
      },
      "properties": {
        "source_id": "baso_hydrozoa_stylasteridae",
        "dataset": "Antarctic stylasteridae",
        "scientificName": "Errina fissurata",
        "occurrenceID": "73eb02b8-d6b6-437b-961c-ed748bfff678",
        "eventDate": "",
        "minimumDepthInMeters": 614.0,
        "maximumDepthInMeters": 614.0,
        "basisOfRecord": "HumanObservation",
        "recordedBy": "",
        "license": "CC-BY-4.0",
        "scientific_role": "PRESENCE_ONLY_NO_ABSENCE"
      }
    },
    {
      "type": "Feature",
      "geometry": {
        "type": "Point",
        "coordinates": [
          170.9488,
          -71.1898
        ]
      },
      "properties": {
        "source_id": "baso_hydrozoa_stylasteridae",
        "dataset": "Antarctic stylasteridae",
        "scientificName": "Errina fissurata",
        "occurrenceID": "f191ee5c-880e-47c8-a04a-45a895d3c064",
        "eventDate": "",
        "minimumDepthInMeters": 621.0,
        "maximumDepthInMeters": 621.0,
        "basisOfRecord": "HumanObservation",
        "recordedBy": "",
        "license": "CC-BY-4.0",
        "scientific_role": "PRESENCE_ONLY_NO_ABSENCE"
      }
    },
    {
      "type": "Feature",
      "geometry": {
        "type": "Point",
        "coordinates": [
          173.2633,
          -72.0638
        ]
      },
      "properties": {
        "source_id": "baso_hydrozoa_stylasteridae",
        "dataset": "Antarctic stylasteridae",
        "scientificName": "Errina fissurata",
        "occurrenceID": "84a01a7b-ce02-410a-8f83-13d5cfa708a0",
        "eventDate": "",
        "minimumDepthInMeters": 630.0,
        "maximumDepthInMeters": 630.0,
        "basisOfRecord": "HumanObservation",
        "recordedBy": "",
        "license": "CC-BY-4.0",
        "scientific_role": "PRESENCE_ONLY_NO_ABSENCE"
      }
    },
    {
      "type": "Feature",
      "geometry": {
        "type": "Point",
        "coordinates": [
          172.207,
          -71.9927
        ]
      },
      "properties": {
        "source_id": "baso_hydrozoa_stylasteridae",
        "dataset": "Antarctic stylasteridae",
        "scientificName": "Errina fissurata",
        "occurrenceID": "ee5d3fe9-8f0c-4050-9b36-66b1cea89424",
        "eventDate": "",
        "minimumDepthInMeters": 675.0,
        "maximumDepthInMeters": 675.0,
        "basisOfRecord": "HumanObservation",
        "recordedBy": "",
        "license": "CC-BY-4.0",
        "scientific_role": "PRESENCE_ONLY_NO_ABSENCE"
      }
    },
    {
      "type": "Feature",
      "geometry": {
        "type": "Point",
        "coordinates": [
          172.207,
          -71.9927
        ]
      },
      "properties": {
        "source_id": "baso_hydrozoa_stylasteridae",
        "dataset": "Antarctic stylasteridae",
        "scientificName": "Errina fissurata",
        "occurrenceID": "46b1a83b-e514-4cc1-823d-16e1c69d4c57",
        "eventDate": "",
        "minimumDepthInMeters": 675.0,
        "maximumDepthInMeters": 675.0,
        "basisOfRecord": "HumanObservation",
        "recordedBy": "",
        "license": "CC-BY-4.0",
        "scientific_role": "PRESENCE_ONLY_NO_ABSENCE"
      }
    },
    {
      "type": "Feature",
      "geometry": {
        "type": "Point",
        "coordinates": [
          172.207,
          -71.9927
        ]
      },
      "properties": {
        "source_id": "baso_hydrozoa_stylasteridae",
        "dataset": "Antarctic stylasteridae",
        "scientificName": "Errina fissurata",
        "occurrenceID": "6c3335f4-85cb-4ff9-9f62-01c240d7bd4d",
        "eventDate": "",
        "minimumDepthInMeters": 675.0,
        "maximumDepthInMeters": 675.0,
        "basisOfRecord": "HumanObservation",
        "recordedBy": "",
        "license": "CC-BY-4.0",
        "scientific_role": "PRESENCE_ONLY_NO_ABSENCE"
      }
    },
    {
      "type": "Feature",
      "geometry": {
        "type": "Point",
        "coordinates": [
          172.207,
          -71.9927
        ]
      },
      "properties": {
        "source_id": "baso_hydrozoa_stylasteridae",
        "dataset": "Antarctic stylasteridae",
        "scientificName": "Errina fissurata",
        "occurrenceID": "607f4314-ee66-4bd2-8e22-3ba2aa4d692c",
        "eventDate": "",
        "minimumDepthInMeters": 675.0,
        "maximumDepthInMeters": 675.0,
        "basisOfRecord": "HumanObservation",
        "recordedBy": "",
        "license": "CC-BY-4.0",
        "scientific_role": "PRESENCE_ONLY_NO_ABSENCE"
      }
    },
    {
      "type": "Feature",
      "geometry": {
        "type": "Point",
        "coordinates": [
          171.9968,
          -71.4635
        ]
      },
      "properties": {
        "source_id": "baso_hydrozoa_stylasteridae",
        "dataset": "Antarctic stylasteridae",
        "scientificName": "Errina fissurata",
        "occurrenceID": "1b0346c8-7e4c-4f01-87e9-056da3335f6e",
        "eventDate": "",
        "minimumDepthInMeters": 693.0,
        "maximumDepthInMeters": 693.0,
        "basisOfRecord": "HumanObservation",
        "recordedBy": "",
        "license": "CC-BY-4.0",
        "scientific_role": "PRESENCE_ONLY_NO_ABSENCE"
      }
    },
    {
      "type": "Feature",
      "geometry": {
        "type": "Point",
        "coordinates": [
          171.9968,
          -71.4635
        ]
      },
      "properties": {
        "source_id": "baso_hydrozoa_stylasteridae",
        "dataset": "Antarctic stylasteridae",
        "scientificName": "Errina fissurata",
        "occurrenceID": "d24d5f47-27fb-4e83-b0d0-dc7c8782c328",
        "eventDate": "",
        "minimumDepthInMeters": 693.0,
        "maximumDepthInMeters": 693.0,
        "basisOfRecord": "HumanObservation",
        "recordedBy": "",
        "license": "CC-BY-4.0",
        "scientific_role": "PRESENCE_ONLY_NO_ABSENCE"
      }
    },
    {
      "type": "Feature",
      "geometry": {
        "type": "Point",
        "coordinates": [
          170.9795,
          -71.1882
        ]
      },
      "properties": {
        "source_id": "baso_hydrozoa_stylasteridae",
        "dataset": "Antarctic stylasteridae",
        "scientificName": "Errina fissurata",
        "occurrenceID": "c397f51d-5ea2-4c3f-8437-7f41b24b03eb",
        "eventDate": "",
        "minimumDepthInMeters": 713.0,
        "maximumDepthInMeters": 713.0,
        "basisOfRecord": "HumanObservation",
        "recordedBy": "",
        "license": "CC-BY-4.0",
        "scientific_role": "PRESENCE_ONLY_NO_ABSENCE"
      }
    },
    {
      "type": "Feature",
      "geometry": {
        "type": "Point",
        "coordinates": [
          170.9795,
          -71.1882
        ]
      },
      "properties": {
        "source_id": "baso_hydrozoa_stylasteridae",
        "dataset": "Antarctic stylasteridae",
        "scientificName": "Errina fissurata",
        "occurrenceID": "e029c8ce-2f34-4738-8349-fde094a1106e",
        "eventDate": "",
        "minimumDepthInMeters": 713.0,
        "maximumDepthInMeters": 713.0,
        "basisOfRecord": "HumanObservation",
        "recordedBy": "",
        "license": "CC-BY-4.0",
        "scientific_role": "PRESENCE_ONLY_NO_ABSENCE"
      }
    },
    {
      "type": "Feature",
      "geometry": {
        "type": "Point",
        "coordinates": [
          170.9772,
          -71.1887
        ]
      },
      "properties": {
        "source_id": "baso_hydrozoa_stylasteridae",
        "dataset": "Antarctic stylasteridae",
        "scientificName": "Errina fissurata",
        "occurrenceID": "c26bbb02-d773-491d-916e-81abc9ea3840",
        "eventDate": "",
        "minimumDepthInMeters": 719.0,
        "maximumDepthInMeters": 719.0,
        "basisOfRecord": "HumanObservation",
        "recordedBy": "",
        "license": "CC-BY-4.0",
        "scientific_role": "PRESENCE_ONLY_NO_ABSENCE"
      }
    },
    {
      "type": "Feature",
      "geometry": {
        "type": "Point",
        "coordinates": [
          171.9972,
          -71.4753
        ]
      },
      "properties": {
        "source_id": "baso_hydrozoa_stylasteridae",
        "dataset": "Antarctic stylasteridae",
        "scientificName": "Errina fissurata",
        "occurrenceID": "0e7f8370-f716-4c3a-a70b-e385e856b315",
        "eventDate": "",
        "minimumDepthInMeters": 738.0,
        "maximumDepthInMeters": 738.0,
        "basisOfRecord": "HumanObservation",
        "recordedBy": "",
        "license": "CC-BY-4.0",
        "scientific_role": "PRESENCE_ONLY_NO_ABSENCE"
      }
    },
    {
      "type": "Feature",
      "geometry": {
        "type": "Point",
        "coordinates": [
          173.353,
          -72.0597
        ]
      },
      "properties": {
        "source_id": "baso_hydrozoa_stylasteridae",
        "dataset": "Antarctic stylasteridae",
        "scientificName": "Errina fissurata",
        "occurrenceID": "4d97628d-e694-4442-aa43-8ce4e05ee9cd",
        "eventDate": "",
        "minimumDepthInMeters": 750.0,
        "maximumDepthInMeters": 750.0,
        "basisOfRecord": "HumanObservation",
        "recordedBy": "",
        "license": "CC-BY-4.0",
        "scientific_role": "PRESENCE_ONLY_NO_ABSENCE"
      }
    },
    {
      "type": "Feature",
      "geometry": {
        "type": "Point",
        "coordinates": [
          173.353,
          -72.0597
        ]
      },
      "properties": {
        "source_id": "baso_hydrozoa_stylasteridae",
        "dataset": "Antarctic stylasteridae",
        "scientificName": "Errina fissurata",
        "occurrenceID": "24bf9458-7095-4b2c-ab1c-0a675679b45a",
        "eventDate": "",
        "minimumDepthInMeters": 750.0,
        "maximumDepthInMeters": 750.0,
        "basisOfRecord": "HumanObservation",
        "recordedBy": "",
        "license": "CC-BY-4.0",
        "scientific_role": "PRESENCE_ONLY_NO_ABSENCE"
      }
    },
    {
      "type": "Feature",
      "geometry": {
        "type": "Point",
        "coordinates": [
          173.2488,
          -72.0367
        ]
      },
      "properties": {
        "source_id": "baso_hydrozoa_stylasteridae",
        "dataset": "Antarctic stylasteridae",
        "scientificName": "Errina fissurata",
        "occurrenceID": "bd8d76a3-f5f4-4b92-ac8b-98a52e09f744",
        "eventDate": "",
        "minimumDepthInMeters": 770.0,
        "maximumDepthInMeters": 770.0,
        "basisOfRecord": "HumanObservation",
        "recordedBy": "",
        "license": "CC-BY-4.0",
        "scientific_role": "PRESENCE_ONLY_NO_ABSENCE"
      }
    },
    {
      "type": "Feature",
      "geometry": {
        "type": "Point",
        "coordinates": [
          171.0923,
          -71.1553
        ]
      },
      "properties": {
        "source_id": "baso_hydrozoa_stylasteridae",
        "dataset": "Antarctic stylasteridae",
        "scientificName": "Errina fissurata",
        "occurrenceID": "91531ce6-6805-4433-937b-8fb03cd4fe5a",
        "eventDate": "",
        "minimumDepthInMeters": 930.0,
        "maximumDepthInMeters": 930.0,
        "basisOfRecord": "HumanObservation",
        "recordedBy": "",
        "license": "CC-BY-4.0",
        "scientific_role": "PRESENCE_ONLY_NO_ABSENCE"
      }
    },
    {
      "type": "Feature",
      "geometry": {
        "type": "Point",
        "coordinates": [
          171.0485,
          -71.1642
        ]
      },
      "properties": {
        "source_id": "baso_hydrozoa_stylasteridae",
        "dataset": "Antarctic stylasteridae",
        "scientificName": "Errina fissurata",
        "occurrenceID": "da0234d0-d2db-47b7-989f-a885c720e696",
        "eventDate": "",
        "minimumDepthInMeters": 975.0,
        "maximumDepthInMeters": 975.0,
        "basisOfRecord": "HumanObservation",
        "recordedBy": "",
        "license": "CC-BY-4.0",
        "scientific_role": "PRESENCE_ONLY_NO_ABSENCE"
      }
    },
    {
      "type": "Feature",
      "geometry": {
        "type": "Point",
        "coordinates": [
          171.0477,
          -71.1632
        ]
      },
      "properties": {
        "source_id": "baso_hydrozoa_stylasteridae",
        "dataset": "Antarctic stylasteridae",
        "scientificName": "Errina fissurata",
        "occurrenceID": "dbc0af27-9d5f-4a93-8b44-43a55f53d154",
        "eventDate": "",
        "minimumDepthInMeters": 1014.0,
        "maximumDepthInMeters": 1014.0,
        "basisOfRecord": "HumanObservation",
        "recordedBy": "",
        "license": "CC-BY-4.0",
        "scientific_role": "PRESENCE_ONLY_NO_ABSENCE"
      }
    },
    {
      "type": "Feature",
      "geometry": {
        "type": "Point",
        "coordinates": [
          171.1865,
          -71.1543
        ]
      },
      "properties": {
        "source_id": "baso_hydrozoa_stylasteridae",
        "dataset": "Antarctic stylasteridae",
        "scientificName": "Errina fissurata",
        "occurrenceID": "fac7345c-a6aa-4dde-b916-dc756fe61631",
        "eventDate": "",
        "minimumDepthInMeters": 1138.0,
        "maximumDepthInMeters": 1138.0,
        "basisOfRecord": "HumanObservation",
        "recordedBy": "",
        "license": "CC-BY-4.0",
        "scientific_role": "PRESENCE_ONLY_NO_ABSENCE"
      }
    },
    {
      "type": "Feature",
      "geometry": {
        "type": "Point",
        "coordinates": [
          174.3205,
          -73.1245
        ]
      },
      "properties": {
        "source_id": "baso_hydrozoa_stylasteridae",
        "dataset": "Antarctic stylasteridae",
        "scientificName": "Errina fissurata",
        "occurrenceID": "ab105ba5-5b57-4ee0-9b8f-2b54ff4dbf53",
        "eventDate": "",
        "minimumDepthInMeters": 321.0,
        "maximumDepthInMeters": 321.0,
        "basisOfRecord": "HumanObservation",
        "recordedBy": "",
        "license": "CC-BY-4.0",
        "scientific_role": "PRESENCE_ONLY_NO_ABSENCE"
      }
    },
    {
      "type": "Feature",
      "geometry": {
        "type": "Point",
        "coordinates": [
          174.3205,
          -73.1245
        ]
      },
      "properties": {
        "source_id": "baso_hydrozoa_stylasteridae",
        "dataset": "Antarctic stylasteridae",
        "scientificName": "Errina fissurata",
        "occurrenceID": "e60ed36d-973c-458c-b30a-83c086645828",
        "eventDate": "",
        "minimumDepthInMeters": 321.0,
        "maximumDepthInMeters": 321.0,
        "basisOfRecord": "HumanObservation",
        "recordedBy": "",
        "license": "CC-BY-4.0",
        "scientific_role": "PRESENCE_ONLY_NO_ABSENCE"
      }
    },
    {
      "type": "Feature",
      "geometry": {
        "type": "Point",
        "coordinates": [
          174.3205,
          -73.1245
        ]
      },
      "properties": {
        "source_id": "baso_hydrozoa_stylasteridae",
        "dataset": "Antarctic stylasteridae",
        "scientificName": "Errina fissurata",
        "occurrenceID": "8bc93578-ba1e-403e-9b74-7099311201ad",
        "eventDate": "",
        "minimumDepthInMeters": 321.0,
        "maximumDepthInMeters": 321.0,
        "basisOfRecord": "HumanObservation",
        "recordedBy": "",
        "license": "CC-BY-4.0",
        "scientific_role": "PRESENCE_ONLY_NO_ABSENCE"
      }
    },
    {
      "type": "Feature",
      "geometry": {
        "type": "Point",
        "coordinates": [
          174.3205,
          -73.1245
        ]
      },
      "properties": {
        "source_id": "baso_hydrozoa_stylasteridae",
        "dataset": "Antarctic stylasteridae",
        "scientificName": "Errina fissurata",
        "occurrenceID": "05abf364-bbe4-48e2-bb16-0c587d884354",
        "eventDate": "",
        "minimumDepthInMeters": 321.0,
        "maximumDepthInMeters": 321.0,
        "basisOfRecord": "HumanObservation",
        "recordedBy": "",
        "license": "CC-BY-4.0",
        "scientific_role": "PRESENCE_ONLY_NO_ABSENCE"
      }
    },
    {
      "type": "Feature",
      "geometry": {
        "type": "Point",
        "coordinates": [
          173.2238,
          -72.0093
        ]
      },
      "properties": {
        "source_id": "baso_hydrozoa_stylasteridae",
        "dataset": "Antarctic stylasteridae",
        "scientificName": "Errina fissurata",
        "occurrenceID": "d7338052-f0e2-4970-98fe-57b43265ef80",
        "eventDate": "",
        "minimumDepthInMeters": 850.0,
        "maximumDepthInMeters": 850.0,
        "basisOfRecord": "HumanObservation",
        "recordedBy": "",
        "license": "CC-BY-4.0",
        "scientific_role": "PRESENCE_ONLY_NO_ABSENCE"
      }
    },
    {
      "type": "Feature",
      "geometry": {
        "type": "Point",
        "coordinates": [
          173.2238,
          -72.0093
        ]
      },
      "properties": {
        "source_id": "baso_hydrozoa_stylasteridae",
        "dataset": "Antarctic stylasteridae",
        "scientificName": "Errina fissurata",
        "occurrenceID": "6d2c285d-f392-4afd-8b24-43004a4ca88a",
        "eventDate": "",
        "minimumDepthInMeters": 850.0,
        "maximumDepthInMeters": 850.0,
        "basisOfRecord": "HumanObservation",
        "recordedBy": "",
        "license": "CC-BY-4.0",
        "scientific_role": "PRESENCE_ONLY_NO_ABSENCE"
      }
    },
    {
      "type": "Feature",
      "geometry": {
        "type": "Point",
        "coordinates": [
          172.2,
          -71.6
        ]
      },
      "properties": {
        "source_id": "baso_hydrozoa_stylasteridae",
        "dataset": "Antarctic stylasteridae",
        "scientificName": "Errina fissurata",
        "occurrenceID": "23a9814d-4e6a-436b-b07b-47e13ca22daa",
        "eventDate": "",
        "minimumDepthInMeters": 1185.0,
        "maximumDepthInMeters": 1185.0,
        "basisOfRecord": "HumanObservation",
        "recordedBy": "",
        "license": "CC-BY-4.0",
        "scientific_role": "PRESENCE_ONLY_NO_ABSENCE"
      }
    },
    {
      "type": "Feature",
      "geometry": {
        "type": "Point",
        "coordinates": [
          172.2,
          -71.6
        ]
      },
      "properties": {
        "source_id": "baso_hydrozoa_stylasteridae",
        "dataset": "Antarctic stylasteridae",
        "scientificName": "Errina fissurata",
        "occurrenceID": "74269be6-c0aa-4681-a2bb-12ad8f984bee",
        "eventDate": "",
        "minimumDepthInMeters": 1185.0,
        "maximumDepthInMeters": 1185.0,
        "basisOfRecord": "HumanObservation",
        "recordedBy": "",
        "license": "CC-BY-4.0",
        "scientific_role": "PRESENCE_ONLY_NO_ABSENCE"
      }
    },
    {
      "type": "Feature",
      "geometry": {
        "type": "Point",
        "coordinates": [
          176.18,
          -75.09
        ]
      },
      "properties": {
        "source_id": "baso_hydrozoa_stylasteridae",
        "dataset": "Antarctic stylasteridae",
        "scientificName": "Errina fissurata",
        "occurrenceID": "22587acb-bfdc-4413-b456-31e264f38fdf",
        "eventDate": "",
        "minimumDepthInMeters": 760.0,
        "maximumDepthInMeters": 760.0,
        "basisOfRecord": "HumanObservation",
        "recordedBy": "",
        "license": "CC-BY-4.0",
        "scientific_role": "PRESENCE_ONLY_NO_ABSENCE"
      }
    },
    {
      "type": "Feature",
      "geometry": {
        "type": "Point",
        "coordinates": [
          176.18,
          -75.09
        ]
      },
      "properties": {
        "source_id": "baso_hydrozoa_stylasteridae",
        "dataset": "Antarctic stylasteridae",
        "scientificName": "Errina fissurata",
        "occurrenceID": "c9557b4c-edc7-4175-93e1-c627fdbf14e8",
        "eventDate": "",
        "minimumDepthInMeters": 760.0,
        "maximumDepthInMeters": 760.0,
        "basisOfRecord": "HumanObservation",
        "recordedBy": "",
        "license": "CC-BY-4.0",
        "scientific_role": "PRESENCE_ONLY_NO_ABSENCE"
      }
    },
    {
      "type": "Feature",
      "geometry": {
        "type": "Point",
        "coordinates": [
          176.45,
          -75.01
        ]
      },
      "properties": {
        "source_id": "baso_hydrozoa_stylasteridae",
        "dataset": "Antarctic stylasteridae",
        "scientificName": "Errina fissurata",
        "occurrenceID": "c4b991ca-45e7-42a9-b4a0-cbb117467160",
        "eventDate": "",
        "minimumDepthInMeters": 917.0,
        "maximumDepthInMeters": 917.0,
        "basisOfRecord": "HumanObservation",
        "recordedBy": "",
        "license": "CC-BY-4.0",
        "scientific_role": "PRESENCE_ONLY_NO_ABSENCE"
      }
    },
    {
      "type": "Feature",
      "geometry": {
        "type": "Point",
        "coordinates": [
          176.45,
          -75.01
        ]
      },
      "properties": {
        "source_id": "baso_hydrozoa_stylasteridae",
        "dataset": "Antarctic stylasteridae",
        "scientificName": "Errina fissurata",
        "occurrenceID": "0f1608b2-a0c3-4d0b-ba68-6025dd3af018",
        "eventDate": "",
        "minimumDepthInMeters": 917.0,
        "maximumDepthInMeters": 917.0,
        "basisOfRecord": "HumanObservation",
        "recordedBy": "",
        "license": "CC-BY-4.0",
        "scientific_role": "PRESENCE_ONLY_NO_ABSENCE"
      }
    },
    {
      "type": "Feature",
      "geometry": {
        "type": "Point",
        "coordinates": [
          142.9956,
          -65.8278
        ]
      },
      "properties": {
        "source_id": "baso_hydrozoa_stylasteridae",
        "dataset": "Antarctic stylasteridae",
        "scientificName": "Errina gracilis",
        "occurrenceID": "711d569b-aa96-4c05-a258-313f70267b61",
        "eventDate": "",
        "minimumDepthInMeters": 609.0,
        "maximumDepthInMeters": 609.0,
        "basisOfRecord": "HumanObservation",
        "recordedBy": "",
        "license": "CC-BY-4.0",
        "scientific_role": "PRESENCE_ONLY_NO_ABSENCE"
      }
    },
    {
      "type": "Feature",
      "geometry": {
        "type": "Point",
        "coordinates": [
          -59.9008,
          -63.2638
        ]
      },
      "properties": {
        "source_id": "baso_hydrozoa_stylasteridae",
        "dataset": "Antarctic stylasteridae",
        "scientificName": "Errina gracilis",
        "occurrenceID": "1413c8ee-7912-40fe-92e8-2f36268c558d",
        "eventDate": "",
        "minimumDepthInMeters": 296.0,
        "maximumDepthInMeters": 296.0,
        "basisOfRecord": "HumanObservation",
        "recordedBy": "",
        "license": "CC-BY-4.0",
        "scientific_role": "PRESENCE_ONLY_NO_ABSENCE"
      }
    },
    {
      "type": "Feature",
      "geometry": {
        "type": "Point",
        "coordinates": [
          -59.9008,
          -63.2638
        ]
      },
      "properties": {
        "source_id": "baso_hydrozoa_stylasteridae",
        "dataset": "Antarctic stylasteridae",
        "scientificName": "Errina gracilis",
        "occurrenceID": "08dbb4a0-d26d-4758-9c64-73827b82a024",
        "eventDate": "",
        "minimumDepthInMeters": 296.0,
        "maximumDepthInMeters": 296.0,
        "basisOfRecord": "HumanObservation",
        "recordedBy": "",
        "license": "CC-BY-4.0",
        "scientific_role": "PRESENCE_ONLY_NO_ABSENCE"
      }
    },
    {
      "type": "Feature",
      "geometry": {
        "type": "Point",
        "coordinates": [
          -59.9008,
          -63.2638
        ]
      },
      "properties": {
        "source_id": "baso_hydrozoa_stylasteridae",
        "dataset": "Antarctic stylasteridae",
        "scientificName": "Errina gracilis",
        "occurrenceID": "9a467d5d-8760-4170-8a63-7146c63e23de",
        "eventDate": "",
        "minimumDepthInMeters": 296.0,
        "maximumDepthInMeters": 296.0,
        "basisOfRecord": "HumanObservation",
        "recordedBy": "",
        "license": "CC-BY-4.0",
        "scientific_role": "PRESENCE_ONLY_NO_ABSENCE"
      }
    },
    {
      "type": "Feature",
      "geometry": {
        "type": "Point",
        "coordinates": [
          171.4487,
          -72.134
        ]
      },
      "properties": {
        "source_id": "baso_hydrozoa_stylasteridae",
        "dataset": "Antarctic stylasteridae",
        "scientificName": "Errina gracilis",
        "occurrenceID": "c9b80c19-aac3-4fae-be17-321f6874cc0c",
        "eventDate": "",
        "minimumDepthInMeters": 397.0,
        "maximumDepthInMeters": 397.0,
        "basisOfRecord": "HumanObservation",
        "recordedBy": "",
        "license": "CC-BY-4.0",
        "scientific_role": "PRESENCE_ONLY_NO_ABSENCE"
      }
    },
    {
      "type": "Feature",
      "geometry": {
        "type": "Point",
        "coordinates": [
          171.4487,
          -72.134
        ]
      },
      "properties": {
        "source_id": "baso_hydrozoa_stylasteridae",
        "dataset": "Antarctic stylasteridae",
        "scientificName": "Errina gracilis",
        "occurrenceID": "d462ddc9-8a7e-4047-93ee-0cac21e3f29a",
        "eventDate": "",
        "minimumDepthInMeters": 397.0,
        "maximumDepthInMeters": 397.0,
        "basisOfRecord": "HumanObservation",
        "recordedBy": "",
        "license": "CC-BY-4.0",
        "scientific_role": "PRESENCE_ONLY_NO_ABSENCE"
      }
    },
    {
      "type": "Feature",
      "geometry": {
        "type": "Point",
        "coordinates": [
          159.0,
          -54.5
        ]
      },
      "properties": {
        "source_id": "baso_hydrozoa_stylasteridae",
        "dataset": "Antarctic stylasteridae",
        "scientificName": "Errina gracilis",
        "occurrenceID": "2bbc1a15-dbc6-4b6c-9f10-5d92943ac4e5",
        "eventDate": "",
        "minimumDepthInMeters": 443.0,
        "maximumDepthInMeters": 443.0,
        "basisOfRecord": "HumanObservation",
        "recordedBy": "",
        "license": "CC-BY-4.0",
        "scientific_role": "PRESENCE_ONLY_NO_ABSENCE"
      }
    },
    {
      "type": "Feature",
      "geometry": {
        "type": "Point",
        "coordinates": [
          158.8333,
          -54.8667
        ]
      },
      "properties": {
        "source_id": "baso_hydrozoa_stylasteridae",
        "dataset": "Antarctic stylasteridae",
        "scientificName": "Errina laevigata",
        "occurrenceID": "7eb26ce9-422c-4c4b-8629-cbe095b4d6ad",
        "eventDate": "",
        "minimumDepthInMeters": 113.0,
        "maximumDepthInMeters": 113.0,
        "basisOfRecord": "HumanObservation",
        "recordedBy": "",
        "license": "CC-BY-4.0",
        "scientific_role": "PRESENCE_ONLY_NO_ABSENCE"
      }
    },
    {
      "type": "Feature",
      "geometry": {
        "type": "Point",
        "coordinates": [
          167.45,
          -48.7
        ]
      },
      "properties": {
        "source_id": "baso_hydrozoa_stylasteridae",
        "dataset": "Antarctic stylasteridae",
        "scientificName": "Errina laevigata",
        "occurrenceID": "a41f45d5-f9d9-4397-a2a2-4438efa33726",
        "eventDate": "",
        "minimumDepthInMeters": 366.0,
        "maximumDepthInMeters": 366.0,
        "basisOfRecord": "HumanObservation",
        "recordedBy": "",
        "license": "CC-BY-4.0",
        "scientific_role": "PRESENCE_ONLY_NO_ABSENCE"
      }
    },
    {
      "type": "Feature",
      "geometry": {
        "type": "Point",
        "coordinates": [
          169.5563,
          -51.614
        ]
      },
      "properties": {
        "source_id": "baso_hydrozoa_stylasteridae",
        "dataset": "Antarctic stylasteridae",
        "scientificName": "Errina laevigata",
        "occurrenceID": "2f6c33fd-d56e-4906-aa11-45525666e78a",
        "eventDate": "",
        "minimumDepthInMeters": 361.0,
        "maximumDepthInMeters": 361.0,
        "basisOfRecord": "HumanObservation",
        "recordedBy": "",
        "license": "CC-BY-4.0",
        "scientific_role": "PRESENCE_ONLY_NO_ABSENCE"
      }
    },
    {
      "type": "Feature",
      "geometry": {
        "type": "Point",
        "coordinates": [
          169.5563,
          -51.614
        ]
      },
      "properties": {
        "source_id": "baso_hydrozoa_stylasteridae",
        "dataset": "Antarctic stylasteridae",
        "scientificName": "Errina laevigata",
        "occurrenceID": "a1bbcf14-e7cd-49b7-81fc-93e0745562e1",
        "eventDate": "",
        "minimumDepthInMeters": 361.0,
        "maximumDepthInMeters": 361.0,
        "basisOfRecord": "HumanObservation",
        "recordedBy": "",
        "license": "CC-BY-4.0",
        "scientific_role": "PRESENCE_ONLY_NO_ABSENCE"
      }
    },
    {
      "type": "Feature",
      "geometry": {
        "type": "Point",
        "coordinates": [
          166.6093,
          -46.4672
        ]
      },
      "properties": {
        "source_id": "baso_hydrozoa_stylasteridae",
        "dataset": "Antarctic stylasteridae",
        "scientificName": "Errina laevigata",
        "occurrenceID": "10cf9451-6314-4657-a1c9-950e37df7f12",
        "eventDate": "",
        "minimumDepthInMeters": 184.0,
        "maximumDepthInMeters": 184.0,
        "basisOfRecord": "HumanObservation",
        "recordedBy": "",
        "license": "CC-BY-4.0",
        "scientific_role": "PRESENCE_ONLY_NO_ABSENCE"
      }
    },
    {
      "type": "Feature",
      "geometry": {
        "type": "Point",
        "coordinates": [
          166.6093,
          -46.4672
        ]
      },
      "properties": {
        "source_id": "baso_hydrozoa_stylasteridae",
        "dataset": "Antarctic stylasteridae",
        "scientificName": "Errina laevigata",
        "occurrenceID": "d538c687-bc3a-44fb-b004-55b8bd4b634d",
        "eventDate": "",
        "minimumDepthInMeters": 184.0,
        "maximumDepthInMeters": 184.0,
        "basisOfRecord": "HumanObservation",
        "recordedBy": "",
        "license": "CC-BY-4.0",
        "scientific_role": "PRESENCE_ONLY_NO_ABSENCE"
      }
    },
    {
      "type": "Feature",
      "geometry": {
        "type": "Point",
        "coordinates": [
          162.02,
          -51.0
        ]
      },
      "properties": {
        "source_id": "baso_hydrozoa_stylasteridae",
        "dataset": "Antarctic stylasteridae",
        "scientificName": "Errina laevigata",
        "occurrenceID": "9ac9dab5-01d0-424d-acb2-ff6039becdc8",
        "eventDate": "",
        "minimumDepthInMeters": 333.0,
        "maximumDepthInMeters": 333.0,
        "basisOfRecord": "HumanObservation",
        "recordedBy": "",
        "license": "CC-BY-4.0",
        "scientific_role": "PRESENCE_ONLY_NO_ABSENCE"
      }
    },
    {
      "type": "Feature",
      "geometry": {
        "type": "Point",
        "coordinates": [
          159.02,
          -54.4
        ]
      },
      "properties": {
        "source_id": "baso_hydrozoa_stylasteridae",
        "dataset": "Antarctic stylasteridae",
        "scientificName": "Errina laevigata",
        "occurrenceID": "fac7a1dc-36f3-499d-97ad-b573a21f57b6",
        "eventDate": "",
        "minimumDepthInMeters": 79.0,
        "maximumDepthInMeters": 79.0,
        "basisOfRecord": "HumanObservation",
        "recordedBy": "",
        "license": "CC-BY-4.0",
        "scientific_role": "PRESENCE_ONLY_NO_ABSENCE"
      }
    },
    {
      "type": "Feature",
      "geometry": {
        "type": "Point",
        "coordinates": [
          160.52,
          -52.52
        ]
      },
      "properties": {
        "source_id": "baso_hydrozoa_stylasteridae",
        "dataset": "Antarctic stylasteridae",
        "scientificName": "Errina laevigata",
        "occurrenceID": "ae6a3174-c04e-49f0-96ff-1d992ac03d99",
        "eventDate": "",
        "minimumDepthInMeters": 128.0,
        "maximumDepthInMeters": 128.0,
        "basisOfRecord": "HumanObservation",
        "recordedBy": "",
        "license": "CC-BY-4.0",
        "scientific_role": "PRESENCE_ONLY_NO_ABSENCE"
      }
    },
    {
      "type": "Feature",
      "geometry": {
        "type": "Point",
        "coordinates": [
          160.52,
          -52.52
        ]
      },
      "properties": {
        "source_id": "baso_hydrozoa_stylasteridae",
        "dataset": "Antarctic stylasteridae",
        "scientificName": "Errina laevigata",
        "occurrenceID": "154eb2e3-96ac-40c2-8702-baebf5ceb870",
        "eventDate": "",
        "minimumDepthInMeters": 124.0,
        "maximumDepthInMeters": 124.0,
        "basisOfRecord": "HumanObservation",
        "recordedBy": "",
        "license": "CC-BY-4.0",
        "scientific_role": "PRESENCE_ONLY_NO_ABSENCE"
      }
    },
    {
      "type": "Feature",
      "geometry": {
        "type": "Point",
        "coordinates": [
          142.9956,
          -65.8278
        ]
      },
      "properties": {
        "source_id": "baso_hydrozoa_stylasteridae",
        "dataset": "Antarctic stylasteridae",
        "scientificName": "Errina laterorifa",
        "occurrenceID": "03010cef-a756-4ee9-a6f9-8dd2faefe339",
        "eventDate": "",
        "minimumDepthInMeters": 609.0,
        "maximumDepthInMeters": 609.0,
        "basisOfRecord": "HumanObservation",
        "recordedBy": "",
        "license": "CC-BY-4.0",
        "scientific_role": "PRESENCE_ONLY_NO_ABSENCE"
      }
    },
    {
      "type": "Feature",
      "geometry": {
        "type": "Point",
        "coordinates": [
          -60.8517,
          -54.6866
        ]
      },
      "properties": {
        "source_id": "baso_hydrozoa_stylasteridae",
        "dataset": "Antarctic stylasteridae",
        "scientificName": "Errina laterorifa",
        "occurrenceID": "38c1328a-8e54-487e-ab94-2e25a1d04a88",
        "eventDate": "",
        "minimumDepthInMeters": 151.0,
        "maximumDepthInMeters": 151.0,
        "basisOfRecord": "HumanObservation",
        "recordedBy": "",
        "license": "CC-BY-4.0",
        "scientific_role": "PRESENCE_ONLY_NO_ABSENCE"
      }
    },
    {
      "type": "Feature",
      "geometry": {
        "type": "Point",
        "coordinates": [
          -60.9517,
          -54.6748
        ]
      },
      "properties": {
        "source_id": "baso_hydrozoa_stylasteridae",
        "dataset": "Antarctic stylasteridae",
        "scientificName": "Errina laterorifa",
        "occurrenceID": "00063954-927d-463b-88e5-c1b9c958f696",
        "eventDate": "",
        "minimumDepthInMeters": 172.0,
        "maximumDepthInMeters": 172.0,
        "basisOfRecord": "HumanObservation",
        "recordedBy": "",
        "license": "CC-BY-4.0",
        "scientific_role": "PRESENCE_ONLY_NO_ABSENCE"
      }
    },
    {
      "type": "Feature",
      "geometry": {
        "type": "Point",
        "coordinates": [
          -60.9624,
          -54.6716
        ]
      },
      "properties": {
        "source_id": "baso_hydrozoa_stylasteridae",
        "dataset": "Antarctic stylasteridae",
        "scientificName": "Errina laterorifa",
        "occurrenceID": "c3531879-ab10-4da0-8684-a4f92c931585",
        "eventDate": "",
        "minimumDepthInMeters": 176.0,
        "maximumDepthInMeters": 176.0,
        "basisOfRecord": "HumanObservation",
        "recordedBy": "",
        "license": "CC-BY-4.0",
        "scientific_role": "PRESENCE_ONLY_NO_ABSENCE"
      }
    },
    {
      "type": "Feature",
      "geometry": {
        "type": "Point",
        "coordinates": [
          -60.9793,
          -54.667
        ]
      },
      "properties": {
        "source_id": "baso_hydrozoa_stylasteridae",
        "dataset": "Antarctic stylasteridae",
        "scientificName": "Errina laterorifa",
        "occurrenceID": "83eddb21-5b59-4e74-bcb2-71711b828565",
        "eventDate": "",
        "minimumDepthInMeters": 183.0,
        "maximumDepthInMeters": 183.0,
        "basisOfRecord": "HumanObservation",
        "recordedBy": "",
        "license": "CC-BY-4.0",
        "scientific_role": "PRESENCE_ONLY_NO_ABSENCE"
      }
    },
    {
      "type": "Feature",
      "geometry": {
        "type": "Point",
        "coordinates": [
          -59.9008,
          -63.2638
        ]
      },
      "properties": {
        "source_id": "baso_hydrozoa_stylasteridae",
        "dataset": "Antarctic stylasteridae",
        "scientificName": "Errina laterorifa",
        "occurrenceID": "a505aaa6-0af0-4a76-b7ea-40fd4e1d62bb",
        "eventDate": "",
        "minimumDepthInMeters": 296.0,
        "maximumDepthInMeters": 296.0,
        "basisOfRecord": "HumanObservation",
        "recordedBy": "",
        "license": "CC-BY-4.0",
        "scientific_role": "PRESENCE_ONLY_NO_ABSENCE"
      }
    },
    {
      "type": "Feature",
      "geometry": {
        "type": "Point",
        "coordinates": [
          -59.9008,
          -63.2638
        ]
      },
      "properties": {
        "source_id": "baso_hydrozoa_stylasteridae",
        "dataset": "Antarctic stylasteridae",
        "scientificName": "Errina laterorifa",
        "occurrenceID": "b22a03ed-126b-4ab4-b994-79de1b0b941c",
        "eventDate": "",
        "minimumDepthInMeters": 296.0,
        "maximumDepthInMeters": 296.0,
        "basisOfRecord": "HumanObservation",
        "recordedBy": "",
        "license": "CC-BY-4.0",
        "scientific_role": "PRESENCE_ONLY_NO_ABSENCE"
      }
    },
    {
      "type": "Feature",
      "geometry": {
        "type": "Point",
        "coordinates": [
          -59.9008,
          -63.2638
        ]
      },
      "properties": {
        "source_id": "baso_hydrozoa_stylasteridae",
        "dataset": "Antarctic stylasteridae",
        "scientificName": "Errina laterorifa",
        "occurrenceID": "fbe690a6-9d04-4fc2-b8a3-aab208feac42",
        "eventDate": "",
        "minimumDepthInMeters": 296.0,
        "maximumDepthInMeters": 296.0,
        "basisOfRecord": "HumanObservation",
        "recordedBy": "",
        "license": "CC-BY-4.0",
        "scientific_role": "PRESENCE_ONLY_NO_ABSENCE"
      }
    },
    {
      "type": "Feature",
      "geometry": {
        "type": "Point",
        "coordinates": [
          -59.9008,
          -63.2638
        ]
      },
      "properties": {
        "source_id": "baso_hydrozoa_stylasteridae",
        "dataset": "Antarctic stylasteridae",
        "scientificName": "Errina laterorifa",
        "occurrenceID": "44943e9a-612e-4cea-9b4f-a69434580cac",
        "eventDate": "",
        "minimumDepthInMeters": 296.0,
        "maximumDepthInMeters": 296.0,
        "basisOfRecord": "HumanObservation",
        "recordedBy": "",
        "license": "CC-BY-4.0",
        "scientific_role": "PRESENCE_ONLY_NO_ABSENCE"
      }
    },
    {
      "type": "Feature",
      "geometry": {
        "type": "Point",
        "coordinates": [
          178.2833,
          -74.1667
        ]
      },
      "properties": {
        "source_id": "baso_hydrozoa_stylasteridae",
        "dataset": "Antarctic stylasteridae",
        "scientificName": "Errina laterorifa",
        "occurrenceID": "9076d2ff-928d-4a45-bd92-8fefa8377a4e",
        "eventDate": "",
        "minimumDepthInMeters": 352.0,
        "maximumDepthInMeters": 352.0,
        "basisOfRecord": "HumanObservation",
        "recordedBy": "",
        "license": "CC-BY-4.0",
        "scientific_role": "PRESENCE_ONLY_NO_ABSENCE"
      }
    },
    {
      "type": "Feature",
      "geometry": {
        "type": "Point",
        "coordinates": [
          160.8883,
          -65.4083
        ]
      },
      "properties": {
        "source_id": "baso_hydrozoa_stylasteridae",
        "dataset": "Antarctic stylasteridae",
        "scientificName": "Errina laterorifa",
        "occurrenceID": "bea583bb-6822-4d6f-ac44-810335b0cec5",
        "eventDate": "",
        "minimumDepthInMeters": 103.0,
        "maximumDepthInMeters": 103.0,
        "basisOfRecord": "HumanObservation",
        "recordedBy": "",
        "license": "CC-BY-4.0",
        "scientific_role": "PRESENCE_ONLY_NO_ABSENCE"
      }
    },
    {
      "type": "Feature",
      "geometry": {
        "type": "Point",
        "coordinates": [
          170.5405,
          -71.2988
        ]
      },
      "properties": {
        "source_id": "baso_hydrozoa_stylasteridae",
        "dataset": "Antarctic stylasteridae",
        "scientificName": "Errina laterorifa",
        "occurrenceID": "2615551e-5a34-446e-8cd5-748d4b851ee3",
        "eventDate": "",
        "minimumDepthInMeters": 312.0,
        "maximumDepthInMeters": 312.0,
        "basisOfRecord": "HumanObservation",
        "recordedBy": "",
        "license": "CC-BY-4.0",
        "scientific_role": "PRESENCE_ONLY_NO_ABSENCE"
      }
    },
    {
      "type": "Feature",
      "geometry": {
        "type": "Point",
        "coordinates": [
          172.2223,
          -72.0013
        ]
      },
      "properties": {
        "source_id": "baso_hydrozoa_stylasteridae",
        "dataset": "Antarctic stylasteridae",
        "scientificName": "Errina laterorifa",
        "occurrenceID": "2caefcfb-f16a-4bab-9d43-153611c9b362",
        "eventDate": "",
        "minimumDepthInMeters": 536.0,
        "maximumDepthInMeters": 536.0,
        "basisOfRecord": "HumanObservation",
        "recordedBy": "",
        "license": "CC-BY-4.0",
        "scientific_role": "PRESENCE_ONLY_NO_ABSENCE"
      }
    },
    {
      "type": "Feature",
      "geometry": {
        "type": "Point",
        "coordinates": [
          172.2223,
          -72.0013
        ]
      },
      "properties": {
        "source_id": "baso_hydrozoa_stylasteridae",
        "dataset": "Antarctic stylasteridae",
        "scientificName": "Errina laterorifa",
        "occurrenceID": "a54dafc7-91f8-47ec-bbaf-426e4f12647d",
        "eventDate": "",
        "minimumDepthInMeters": 536.0,
        "maximumDepthInMeters": 536.0,
        "basisOfRecord": "HumanObservation",
        "recordedBy": "",
        "license": "CC-BY-4.0",
        "scientific_role": "PRESENCE_ONLY_NO_ABSENCE"
      }
    },
    {
      "type": "Feature",
      "geometry": {
        "type": "Point",
        "coordinates": [
          172.1785,
          -71.9853
        ]
      },
      "properties": {
        "source_id": "baso_hydrozoa_stylasteridae",
        "dataset": "Antarctic stylasteridae",
        "scientificName": "Errina laterorifa",
        "occurrenceID": "9565a8d6-f429-44a2-bb61-3497e9c3c1ee",
        "eventDate": "",
        "minimumDepthInMeters": 737.0,
        "maximumDepthInMeters": 737.0,
        "basisOfRecord": "HumanObservation",
        "recordedBy": "",
        "license": "CC-BY-4.0",
        "scientific_role": "PRESENCE_ONLY_NO_ABSENCE"
      }
    },
    {
      "type": "Feature",
      "geometry": {
        "type": "Point",
        "coordinates": [
          172.1785,
          -71.9853
        ]
      },
      "properties": {
        "source_id": "baso_hydrozoa_stylasteridae",
        "dataset": "Antarctic stylasteridae",
        "scientificName": "Errina laterorifa",
        "occurrenceID": "fa51a3fb-e937-451c-82c3-9c23d6c4c2cb",
        "eventDate": "",
        "minimumDepthInMeters": 737.0,
        "maximumDepthInMeters": 737.0,
        "basisOfRecord": "HumanObservation",
        "recordedBy": "",
        "license": "CC-BY-4.0",
        "scientific_role": "PRESENCE_ONLY_NO_ABSENCE"
      }
    },
    {
      "type": "Feature",
      "geometry": {
        "type": "Point",
        "coordinates": [
          172.1785,
          -71.9853
        ]
      },
      "properties": {
        "source_id": "baso_hydrozoa_stylasteridae",
        "dataset": "Antarctic stylasteridae",
        "scientificName": "Errina laterorifa",
        "occurrenceID": "24c286cd-81a0-4c5b-9c15-adbe3ec874a8",
        "eventDate": "",
        "minimumDepthInMeters": 737.0,
        "maximumDepthInMeters": 737.0,
        "basisOfRecord": "HumanObservation",
        "recordedBy": "",
        "license": "CC-BY-4.0",
        "scientific_role": "PRESENCE_ONLY_NO_ABSENCE"
      }
    },
    {
      "type": "Feature",
      "geometry": {
        "type": "Point",
        "coordinates": [
          172.1785,
          -71.9853
        ]
      },
      "properties": {
        "source_id": "baso_hydrozoa_stylasteridae",
        "dataset": "Antarctic stylasteridae",
        "scientificName": "Errina laterorifa",
        "occurrenceID": "e8eea56c-67c8-4fc0-beef-eb8432768d9d",
        "eventDate": "",
        "minimumDepthInMeters": 737.0,
        "maximumDepthInMeters": 737.0,
        "basisOfRecord": "HumanObservation",
        "recordedBy": "",
        "license": "CC-BY-4.0",
        "scientific_role": "PRESENCE_ONLY_NO_ABSENCE"
      }
    },
    {
      "type": "Feature",
      "geometry": {
        "type": "Point",
        "coordinates": [
          172.1785,
          -71.9853
        ]
      },
      "properties": {
        "source_id": "baso_hydrozoa_stylasteridae",
        "dataset": "Antarctic stylasteridae",
        "scientificName": "Errina laterorifa",
        "occurrenceID": "e0471ff0-1a0f-408a-b045-31f75f3a2987",
        "eventDate": "",
        "minimumDepthInMeters": 737.0,
        "maximumDepthInMeters": 737.0,
        "basisOfRecord": "HumanObservation",
        "recordedBy": "",
        "license": "CC-BY-4.0",
        "scientific_role": "PRESENCE_ONLY_NO_ABSENCE"
      }
    },
    {
      "type": "Feature",
      "geometry": {
        "type": "Point",
        "coordinates": [
          163.2402,
          -66.9247
        ]
      },
      "properties": {
        "source_id": "baso_hydrozoa_stylasteridae",
        "dataset": "Antarctic stylasteridae",
        "scientificName": "Errina laterorifa",
        "occurrenceID": "6db8fbe7-df96-4839-afd2-6a2fb0d9240c",
        "eventDate": "",
        "minimumDepthInMeters": 75.0,
        "maximumDepthInMeters": 75.0,
        "basisOfRecord": "HumanObservation",
        "recordedBy": "",
        "license": "CC-BY-4.0",
        "scientific_role": "PRESENCE_ONLY_NO_ABSENCE"
      }
    },
    {
      "type": "Feature",
      "geometry": {
        "type": "Point",
        "coordinates": [
          160.8883,
          -65.4083
        ]
      },
      "properties": {
        "source_id": "baso_hydrozoa_stylasteridae",
        "dataset": "Antarctic stylasteridae",
        "scientificName": "Errina laterorifa",
        "occurrenceID": "a2d94ee2-85b4-4dc7-bcd2-3885de78e246",
        "eventDate": "",
        "minimumDepthInMeters": 103.0,
        "maximumDepthInMeters": 103.0,
        "basisOfRecord": "HumanObservation",
        "recordedBy": "",
        "license": "CC-BY-4.0",
        "scientific_role": "PRESENCE_ONLY_NO_ABSENCE"
      }
    },
    {
      "type": "Feature",
      "geometry": {
        "type": "Point",
        "coordinates": [
          160.8883,
          -65.4083
        ]
      },
      "properties": {
        "source_id": "baso_hydrozoa_stylasteridae",
        "dataset": "Antarctic stylasteridae",
        "scientificName": "Errina laterorifa",
        "occurrenceID": "21c5268c-3b58-4fe4-97aa-a0155eb2eadc",
        "eventDate": "",
        "minimumDepthInMeters": 103.0,
        "maximumDepthInMeters": 103.0,
        "basisOfRecord": "HumanObservation",
        "recordedBy": "",
        "license": "CC-BY-4.0",
        "scientific_role": "PRESENCE_ONLY_NO_ABSENCE"
      }
    },
    {
      "type": "Feature",
      "geometry": {
        "type": "Point",
        "coordinates": [
          170.5732,
          -71.3092
        ]
      },
      "properties": {
        "source_id": "baso_hydrozoa_stylasteridae",
        "dataset": "Antarctic stylasteridae",
        "scientificName": "Errina laterorifa",
        "occurrenceID": "19811134-e7cd-47e0-8bdc-245f3ba6499f",
        "eventDate": "",
        "minimumDepthInMeters": 322.0,
        "maximumDepthInMeters": 322.0,
        "basisOfRecord": "HumanObservation",
        "recordedBy": "",
        "license": "CC-BY-4.0",
        "scientific_role": "PRESENCE_ONLY_NO_ABSENCE"
      }
    },
    {
      "type": "Feature",
      "geometry": {
        "type": "Point",
        "coordinates": [
          170.5767,
          -71.2935
        ]
      },
      "properties": {
        "source_id": "baso_hydrozoa_stylasteridae",
        "dataset": "Antarctic stylasteridae",
        "scientificName": "Errina laterorifa",
        "occurrenceID": "1c145f7e-4d77-4687-810e-fc5212bd2c9f",
        "eventDate": "",
        "minimumDepthInMeters": 346.0,
        "maximumDepthInMeters": 346.0,
        "basisOfRecord": "HumanObservation",
        "recordedBy": "",
        "license": "CC-BY-4.0",
        "scientific_role": "PRESENCE_ONLY_NO_ABSENCE"
      }
    },
    {
      "type": "Feature",
      "geometry": {
        "type": "Point",
        "coordinates": [
          170.5767,
          -71.2935
        ]
      },
      "properties": {
        "source_id": "baso_hydrozoa_stylasteridae",
        "dataset": "Antarctic stylasteridae",
        "scientificName": "Errina laterorifa",
        "occurrenceID": "54fa9d6e-0b08-472d-88e4-cd3650c1c8a1",
        "eventDate": "",
        "minimumDepthInMeters": 346.0,
        "maximumDepthInMeters": 346.0,
        "basisOfRecord": "HumanObservation",
        "recordedBy": "",
        "license": "CC-BY-4.0",
        "scientific_role": "PRESENCE_ONLY_NO_ABSENCE"
      }
    },
    {
      "type": "Feature",
      "geometry": {
        "type": "Point",
        "coordinates": [
          170.5767,
          -71.2935
        ]
      },
      "properties": {
        "source_id": "baso_hydrozoa_stylasteridae",
        "dataset": "Antarctic stylasteridae",
        "scientificName": "Errina laterorifa",
        "occurrenceID": "214615bd-8f8d-4249-b67b-202f2127ab70",
        "eventDate": "",
        "minimumDepthInMeters": 346.0,
        "maximumDepthInMeters": 346.0,
        "basisOfRecord": "HumanObservation",
        "recordedBy": "",
        "license": "CC-BY-4.0",
        "scientific_role": "PRESENCE_ONLY_NO_ABSENCE"
      }
    },
    {
      "type": "Feature",
      "geometry": {
        "type": "Point",
        "coordinates": [
          160.9442,
          -65.4965
        ]
      },
      "properties": {
        "source_id": "baso_hydrozoa_stylasteridae",
        "dataset": "Antarctic stylasteridae",
        "scientificName": "Errina laterorifa",
        "occurrenceID": "a8bb82a5-a93b-49f3-bbd7-8d572132b2c9",
        "eventDate": "",
        "minimumDepthInMeters": 371.0,
        "maximumDepthInMeters": 371.0,
        "basisOfRecord": "HumanObservation",
        "recordedBy": "",
        "license": "CC-BY-4.0",
        "scientific_role": "PRESENCE_ONLY_NO_ABSENCE"
      }
    },
    {
      "type": "Feature",
      "geometry": {
        "type": "Point",
        "coordinates": [
          170.594,
          -71.2722
        ]
      },
      "properties": {
        "source_id": "baso_hydrozoa_stylasteridae",
        "dataset": "Antarctic stylasteridae",
        "scientificName": "Errina laterorifa",
        "occurrenceID": "92fd7f59-3c4f-4d2c-96cb-7f2f0cd900b9",
        "eventDate": "",
        "minimumDepthInMeters": 395.0,
        "maximumDepthInMeters": 395.0,
        "basisOfRecord": "HumanObservation",
        "recordedBy": "",
        "license": "CC-BY-4.0",
        "scientific_role": "PRESENCE_ONLY_NO_ABSENCE"
      }
    },
    {
      "type": "Feature",
      "geometry": {
        "type": "Point",
        "coordinates": [
          170.594,
          -71.2722
        ]
      },
      "properties": {
        "source_id": "baso_hydrozoa_stylasteridae",
        "dataset": "Antarctic stylasteridae",
        "scientificName": "Errina laterorifa",
        "occurrenceID": "31ddc6c7-4e84-4ad3-888b-a3ff743a07c8",
        "eventDate": "",
        "minimumDepthInMeters": 395.0,
        "maximumDepthInMeters": 395.0,
        "basisOfRecord": "HumanObservation",
        "recordedBy": "",
        "license": "CC-BY-4.0",
        "scientific_role": "PRESENCE_ONLY_NO_ABSENCE"
      }
    },
    {
      "type": "Feature",
      "geometry": {
        "type": "Point",
        "coordinates": [
          171.4487,
          -72.134
        ]
      },
      "properties": {
        "source_id": "baso_hydrozoa_stylasteridae",
        "dataset": "Antarctic stylasteridae",
        "scientificName": "Errina laterorifa",
        "occurrenceID": "25831635-0e67-4793-af43-61fd101b5eb0",
        "eventDate": "",
        "minimumDepthInMeters": 397.0,
        "maximumDepthInMeters": 397.0,
        "basisOfRecord": "HumanObservation",
        "recordedBy": "",
        "license": "CC-BY-4.0",
        "scientific_role": "PRESENCE_ONLY_NO_ABSENCE"
      }
    },
    {
      "type": "Feature",
      "geometry": {
        "type": "Point",
        "coordinates": [
          171.75,
          -71.7313
        ]
      },
      "properties": {
        "source_id": "baso_hydrozoa_stylasteridae",
        "dataset": "Antarctic stylasteridae",
        "scientificName": "Errina laterorifa",
        "occurrenceID": "a2c42f33-e9ea-4424-849f-29631fc443e1",
        "eventDate": "",
        "minimumDepthInMeters": 451.0,
        "maximumDepthInMeters": 451.0,
        "basisOfRecord": "HumanObservation",
        "recordedBy": "",
        "license": "CC-BY-4.0",
        "scientific_role": "PRESENCE_ONLY_NO_ABSENCE"
      }
    },
    {
      "type": "Feature",
      "geometry": {
        "type": "Point",
        "coordinates": [
          163.8098,
          -67.4463
        ]
      },
      "properties": {
        "source_id": "baso_hydrozoa_stylasteridae",
        "dataset": "Antarctic stylasteridae",
        "scientificName": "Errina laterorifa",
        "occurrenceID": "218a5656-017e-4532-9f09-be5f833d52a4",
        "eventDate": "",
        "minimumDepthInMeters": 477.0,
        "maximumDepthInMeters": 477.0,
        "basisOfRecord": "HumanObservation",
        "recordedBy": "",
        "license": "CC-BY-4.0",
        "scientific_role": "PRESENCE_ONLY_NO_ABSENCE"
      }
    },
    {
      "type": "Feature",
      "geometry": {
        "type": "Point",
        "coordinates": [
          163.8098,
          -67.4463
        ]
      },
      "properties": {
        "source_id": "baso_hydrozoa_stylasteridae",
        "dataset": "Antarctic stylasteridae",
        "scientificName": "Errina laterorifa",
        "occurrenceID": "e7a39721-c2b2-4e3f-922f-87e4be8e57c2",
        "eventDate": "",
        "minimumDepthInMeters": 477.0,
        "maximumDepthInMeters": 477.0,
        "basisOfRecord": "HumanObservation",
        "recordedBy": "",
        "license": "CC-BY-4.0",
        "scientific_role": "PRESENCE_ONLY_NO_ABSENCE"
      }
    },
    {
      "type": "Feature",
      "geometry": {
        "type": "Point",
        "coordinates": [
          172.9302,
          -72.0977
        ]
      },
      "properties": {
        "source_id": "baso_hydrozoa_stylasteridae",
        "dataset": "Antarctic stylasteridae",
        "scientificName": "Errina laterorifa",
        "occurrenceID": "68647551-5f3f-43d5-bf3c-ac252fec1f34",
        "eventDate": "",
        "minimumDepthInMeters": 515.0,
        "maximumDepthInMeters": 515.0,
        "basisOfRecord": "HumanObservation",
        "recordedBy": "",
        "license": "CC-BY-4.0",
        "scientific_role": "PRESENCE_ONLY_NO_ABSENCE"
      }
    },
    {
      "type": "Feature",
      "geometry": {
        "type": "Point",
        "coordinates": [
          172.2223,
          -72.0013
        ]
      },
      "properties": {
        "source_id": "baso_hydrozoa_stylasteridae",
        "dataset": "Antarctic stylasteridae",
        "scientificName": "Errina laterorifa",
        "occurrenceID": "b25e38d8-a2f2-42f3-bb16-bc7f677a7700",
        "eventDate": "",
        "minimumDepthInMeters": 536.0,
        "maximumDepthInMeters": 536.0,
        "basisOfRecord": "HumanObservation",
        "recordedBy": "",
        "license": "CC-BY-4.0",
        "scientific_role": "PRESENCE_ONLY_NO_ABSENCE"
      }
    },
    {
      "type": "Feature",
      "geometry": {
        "type": "Point",
        "coordinates": [
          172.2223,
          -72.0013
        ]
      },
      "properties": {
        "source_id": "baso_hydrozoa_stylasteridae",
        "dataset": "Antarctic stylasteridae",
        "scientificName": "Errina laterorifa",
        "occurrenceID": "d077c973-82be-4e14-b2dc-d834c23aa6e0",
        "eventDate": "",
        "minimumDepthInMeters": 536.0,
        "maximumDepthInMeters": 536.0,
        "basisOfRecord": "HumanObservation",
        "recordedBy": "",
        "license": "CC-BY-4.0",
        "scientific_role": "PRESENCE_ONLY_NO_ABSENCE"
      }
    },
    {
      "type": "Feature",
      "geometry": {
        "type": "Point",
        "coordinates": [
          172.2223,
          -72.0013
        ]
      },
      "properties": {
        "source_id": "baso_hydrozoa_stylasteridae",
        "dataset": "Antarctic stylasteridae",
        "scientificName": "Errina laterorifa",
        "occurrenceID": "53ac8ac0-d85e-4252-893c-964784b52b97",
        "eventDate": "",
        "minimumDepthInMeters": 536.0,
        "maximumDepthInMeters": 536.0,
        "basisOfRecord": "HumanObservation",
        "recordedBy": "",
        "license": "CC-BY-4.0",
        "scientific_role": "PRESENCE_ONLY_NO_ABSENCE"
      }
    },
    {
      "type": "Feature",
      "geometry": {
        "type": "Point",
        "coordinates": [
          172.2223,
          -72.0013
        ]
      },
      "properties": {
        "source_id": "baso_hydrozoa_stylasteridae",
        "dataset": "Antarctic stylasteridae",
        "scientificName": "Errina laterorifa",
        "occurrenceID": "6a5a5fbd-a8da-4e84-96bd-dc30ed812bd9",
        "eventDate": "",
        "minimumDepthInMeters": 536.0,
        "maximumDepthInMeters": 536.0,
        "basisOfRecord": "HumanObservation",
        "recordedBy": "",
        "license": "CC-BY-4.0",
        "scientific_role": "PRESENCE_ONLY_NO_ABSENCE"
      }
    },
    {
      "type": "Feature",
      "geometry": {
        "type": "Point",
        "coordinates": [
          175.3083,
          -72.585
        ]
      },
      "properties": {
        "source_id": "baso_hydrozoa_stylasteridae",
        "dataset": "Antarctic stylasteridae",
        "scientificName": "Errina laterorifa",
        "occurrenceID": "8ed8ffe2-f56b-4dab-9947-bb84ea4e127e",
        "eventDate": "",
        "minimumDepthInMeters": 467.0,
        "maximumDepthInMeters": 467.0,
        "basisOfRecord": "HumanObservation",
        "recordedBy": "",
        "license": "CC-BY-4.0",
        "scientific_role": "PRESENCE_ONLY_NO_ABSENCE"
      }
    },
    {
      "type": "Feature",
      "geometry": {
        "type": "Point",
        "coordinates": [
          175.3083,
          -72.585
        ]
      },
      "properties": {
        "source_id": "baso_hydrozoa_stylasteridae",
        "dataset": "Antarctic stylasteridae",
        "scientificName": "Errina laterorifa",
        "occurrenceID": "3b9ae657-3edc-47ff-8bad-7f2f7f9b131f",
        "eventDate": "",
        "minimumDepthInMeters": 467.0,
        "maximumDepthInMeters": 467.0,
        "basisOfRecord": "HumanObservation",
        "recordedBy": "",
        "license": "CC-BY-4.0",
        "scientific_role": "PRESENCE_ONLY_NO_ABSENCE"
      }
    },
    {
      "type": "Feature",
      "geometry": {
        "type": "Point",
        "coordinates": [
          179.2,
          -47.7
        ]
      },
      "properties": {
        "source_id": "baso_hydrozoa_stylasteridae",
        "dataset": "Antarctic stylasteridae",
        "scientificName": "Errina laterorifa",
        "occurrenceID": "028c3e5f-8f00-41a9-ad92-d58b7284a2bc",
        "eventDate": "",
        "minimumDepthInMeters": 140.0,
        "maximumDepthInMeters": 140.0,
        "basisOfRecord": "HumanObservation",
        "recordedBy": "",
        "license": "CC-BY-4.0",
        "scientific_role": "PRESENCE_ONLY_NO_ABSENCE"
      }
    },
    {
      "type": "Feature",
      "geometry": {
        "type": "Point",
        "coordinates": [
          179.2,
          -47.7
        ]
      },
      "properties": {
        "source_id": "baso_hydrozoa_stylasteridae",
        "dataset": "Antarctic stylasteridae",
        "scientificName": "Errina laterorifa",
        "occurrenceID": "4318859f-8b6d-4397-8257-efaa2ef17100",
        "eventDate": "",
        "minimumDepthInMeters": 140.0,
        "maximumDepthInMeters": 140.0,
        "basisOfRecord": "HumanObservation",
        "recordedBy": "",
        "license": "CC-BY-4.0",
        "scientific_role": "PRESENCE_ONLY_NO_ABSENCE"
      }
    },
    {
      "type": "Feature",
      "geometry": {
        "type": "Point",
        "coordinates": [
          160.5167,
          -52.5167
        ]
      },
      "properties": {
        "source_id": "baso_hydrozoa_stylasteridae",
        "dataset": "Antarctic stylasteridae",
        "scientificName": "Errina reticulata",
        "occurrenceID": "f2a1d6ea-3141-478e-aac4-ee1f0496c133",
        "eventDate": "",
        "minimumDepthInMeters": 124.0,
        "maximumDepthInMeters": 124.0,
        "basisOfRecord": "HumanObservation",
        "recordedBy": "",
        "license": "CC-BY-4.0",
        "scientific_role": "PRESENCE_ONLY_NO_ABSENCE"
      }
    },
    {
      "type": "Feature",
      "geometry": {
        "type": "Point",
        "coordinates": [
          164.0367,
          -49.6633
        ]
      },
      "properties": {
        "source_id": "baso_hydrozoa_stylasteridae",
        "dataset": "Antarctic stylasteridae",
        "scientificName": "Errina reticulata",
        "occurrenceID": "bfbcdf30-ecde-44c1-bd66-22343f39bad6",
        "eventDate": "",
        "minimumDepthInMeters": 126.0,
        "maximumDepthInMeters": 126.0,
        "basisOfRecord": "HumanObservation",
        "recordedBy": "",
        "license": "CC-BY-4.0",
        "scientific_role": "PRESENCE_ONLY_NO_ABSENCE"
      }
    },
    {
      "type": "Feature",
      "geometry": {
        "type": "Point",
        "coordinates": [
          160.5167,
          -52.5167
        ]
      },
      "properties": {
        "source_id": "baso_hydrozoa_stylasteridae",
        "dataset": "Antarctic stylasteridae",
        "scientificName": "Errina reticulata",
        "occurrenceID": "9f8ff775-2b01-49e8-b406-cf55db52612f",
        "eventDate": "",
        "minimumDepthInMeters": 128.0,
        "maximumDepthInMeters": 128.0,
        "basisOfRecord": "HumanObservation",
        "recordedBy": "",
        "license": "CC-BY-4.0",
        "scientific_role": "PRESENCE_ONLY_NO_ABSENCE"
      }
    },
    {
      "type": "Feature",
      "geometry": {
        "type": "Point",
        "coordinates": [
          160.5167,
          -52.5167
        ]
      },
      "properties": {
        "source_id": "baso_hydrozoa_stylasteridae",
        "dataset": "Antarctic stylasteridae",
        "scientificName": "Errina reticulata",
        "occurrenceID": "11de4471-8273-49f5-863c-921508859933",
        "eventDate": "",
        "minimumDepthInMeters": 128.0,
        "maximumDepthInMeters": 128.0,
        "basisOfRecord": "HumanObservation",
        "recordedBy": "",
        "license": "CC-BY-4.0",
        "scientific_role": "PRESENCE_ONLY_NO_ABSENCE"
      }
    },
    {
      "type": "Feature",
      "geometry": {
        "type": "Point",
        "coordinates": [
          167.0417,
          -49.8
        ]
      },
      "properties": {
        "source_id": "baso_hydrozoa_stylasteridae",
        "dataset": "Antarctic stylasteridae",
        "scientificName": "Errina reticulata",
        "occurrenceID": "2bd1ab04-7cad-4ada-89cf-d1338f484792",
        "eventDate": "",
        "minimumDepthInMeters": 146.0,
        "maximumDepthInMeters": 146.0,
        "basisOfRecord": "HumanObservation",
        "recordedBy": "",
        "license": "CC-BY-4.0",
        "scientific_role": "PRESENCE_ONLY_NO_ABSENCE"
      }
    },
    {
      "type": "Feature",
      "geometry": {
        "type": "Point",
        "coordinates": [
          160.4892,
          -52.497
        ]
      },
      "properties": {
        "source_id": "baso_hydrozoa_stylasteridae",
        "dataset": "Antarctic stylasteridae",
        "scientificName": "Errina reticulata",
        "occurrenceID": "406d285b-8cd8-4ce5-bbb9-b5e9124344ef",
        "eventDate": "",
        "minimumDepthInMeters": 119.0,
        "maximumDepthInMeters": 119.0,
        "basisOfRecord": "HumanObservation",
        "recordedBy": "",
        "license": "CC-BY-4.0",
        "scientific_role": "PRESENCE_ONLY_NO_ABSENCE"
      }
    },
    {
      "type": "Feature",
      "geometry": {
        "type": "Point",
        "coordinates": [
          160.415,
          -52.4873
        ]
      },
      "properties": {
        "source_id": "baso_hydrozoa_stylasteridae",
        "dataset": "Antarctic stylasteridae",
        "scientificName": "Errina reticulata",
        "occurrenceID": "fbd8cf16-dc66-4e70-a49a-3b6d69d4b8b1",
        "eventDate": "",
        "minimumDepthInMeters": 350.0,
        "maximumDepthInMeters": 350.0,
        "basisOfRecord": "HumanObservation",
        "recordedBy": "",
        "license": "CC-BY-4.0",
        "scientific_role": "PRESENCE_ONLY_NO_ABSENCE"
      }
    },
    {
      "type": "Feature",
      "geometry": {
        "type": "Point",
        "coordinates": [
          -68.6172,
          -59.2861
        ]
      },
      "properties": {
        "source_id": "baso_hydrozoa_stylasteridae",
        "dataset": "Antarctic stylasteridae",
        "scientificName": "Errinopora cestoporina",
        "occurrenceID": "84c93e00-6e1b-45b2-bcd8-38d64a980fcd",
        "eventDate": "",
        "minimumDepthInMeters": 904.0,
        "maximumDepthInMeters": 904.0,
        "basisOfRecord": "HumanObservation",
        "recordedBy": "",
        "license": "CC-BY-4.0",
        "scientific_role": "PRESENCE_ONLY_NO_ABSENCE"
      }
    },
    {
      "type": "Feature",
      "geometry": {
        "type": "Point",
        "coordinates": [
          -34.936,
          -60.1139
        ]
      },
      "properties": {
        "source_id": "baso_hydrozoa_stylasteridae",
        "dataset": "Antarctic stylasteridae",
        "scientificName": "Errinopsis fenestrata",
        "occurrenceID": "0d6d34a6-6155-4323-b997-090b5c501805",
        "eventDate": "",
        "minimumDepthInMeters": 438.0,
        "maximumDepthInMeters": 438.0,
        "basisOfRecord": "HumanObservation",
        "recordedBy": "",
        "license": "CC-BY-4.0",
        "scientific_role": "PRESENCE_ONLY_NO_ABSENCE"
      }
    },
    {
      "type": "Feature",
      "geometry": {
        "type": "Point",
        "coordinates": [
          -34.9735,
          -60.1216
        ]
      },
      "properties": {
        "source_id": "baso_hydrozoa_stylasteridae",
        "dataset": "Antarctic stylasteridae",
        "scientificName": "Errinopsis fenestrata",
        "occurrenceID": "44bceffc-f247-45fb-9e7b-c93283a9dbd7",
        "eventDate": "",
        "minimumDepthInMeters": 452.0,
        "maximumDepthInMeters": 452.0,
        "basisOfRecord": "HumanObservation",
        "recordedBy": "",
        "license": "CC-BY-4.0",
        "scientific_role": "PRESENCE_ONLY_NO_ABSENCE"
      }
    },
    {
      "type": "Feature",
      "geometry": {
        "type": "Point",
        "coordinates": [
          -32.4104,
          -59.9055
        ]
      },
      "properties": {
        "source_id": "baso_hydrozoa_stylasteridae",
        "dataset": "Antarctic stylasteridae",
        "scientificName": "Errinopsis fenestrata",
        "occurrenceID": "98656b84-0ab0-4bac-8979-ecff0625d2f3",
        "eventDate": "",
        "minimumDepthInMeters": 553.0,
        "maximumDepthInMeters": 553.0,
        "basisOfRecord": "HumanObservation",
        "recordedBy": "",
        "license": "CC-BY-4.0",
        "scientific_role": "PRESENCE_ONLY_NO_ABSENCE"
      }
    },
    {
      "type": "Feature",
      "geometry": {
        "type": "Point",
        "coordinates": [
          -32.44,
          -59.89
        ]
      },
      "properties": {
        "source_id": "baso_hydrozoa_stylasteridae",
        "dataset": "Antarctic stylasteridae",
        "scientificName": "Errinopsis fenestrata",
        "occurrenceID": "c75ac1bf-56fa-44f2-b423-86d8ca128515",
        "eventDate": "",
        "minimumDepthInMeters": 640.0,
        "maximumDepthInMeters": 640.0,
        "basisOfRecord": "HumanObservation",
        "recordedBy": "",
        "license": "CC-BY-4.0",
        "scientific_role": "PRESENCE_ONLY_NO_ABSENCE"
      }
    },
    {
      "type": "Feature",
      "geometry": {
        "type": "Point",
        "coordinates": [
          -65.9697,
          -60.5683
        ]
      },
      "properties": {
        "source_id": "baso_hydrozoa_stylasteridae",
        "dataset": "Antarctic stylasteridae",
        "scientificName": "Errinopsis fenestrata",
        "occurrenceID": "01e0fde5-680c-40e2-9ec1-ed5a3a890c50",
        "eventDate": "",
        "minimumDepthInMeters": 758.0,
        "maximumDepthInMeters": 758.0,
        "basisOfRecord": "HumanObservation",
        "recordedBy": "",
        "license": "CC-BY-4.0",
        "scientific_role": "PRESENCE_ONLY_NO_ABSENCE"
      }
    },
    {
      "type": "Feature",
      "geometry": {
        "type": "Point",
        "coordinates": [
          -66.0353,
          -60.6608
        ]
      },
      "properties": {
        "source_id": "baso_hydrozoa_stylasteridae",
        "dataset": "Antarctic stylasteridae",
        "scientificName": "Errinopsis fenestrata",
        "occurrenceID": "39c81e16-4f00-45df-8174-83b49ddfbf5a",
        "eventDate": "",
        "minimumDepthInMeters": 884.0,
        "maximumDepthInMeters": 884.0,
        "basisOfRecord": "HumanObservation",
        "recordedBy": "",
        "license": "CC-BY-4.0",
        "scientific_role": "PRESENCE_ONLY_NO_ABSENCE"
      }
    },
    {
      "type": "Feature",
      "geometry": {
        "type": "Point",
        "coordinates": [
          -65.9714,
          -60.5625
        ]
      },
      "properties": {
        "source_id": "baso_hydrozoa_stylasteridae",
        "dataset": "Antarctic stylasteridae",
        "scientificName": "Errinopsis fenestrata",
        "occurrenceID": "c52e6789-999a-4130-a297-5a56c4e699b1",
        "eventDate": "",
        "minimumDepthInMeters": 896.0,
        "maximumDepthInMeters": 896.0,
        "basisOfRecord": "HumanObservation",
        "recordedBy": "",
        "license": "CC-BY-4.0",
        "scientific_role": "PRESENCE_ONLY_NO_ABSENCE"
      }
    },
    {
      "type": "Feature",
      "geometry": {
        "type": "Point",
        "coordinates": [
          -68.7308,
          -59.7253
        ]
      },
      "properties": {
        "source_id": "baso_hydrozoa_stylasteridae",
        "dataset": "Antarctic stylasteridae",
        "scientificName": "Errinopsis fenestrata",
        "occurrenceID": "03236f68-e04c-4e25-b449-b7498e447db4",
        "eventDate": "",
        "minimumDepthInMeters": 914.0,
        "maximumDepthInMeters": 914.0,
        "basisOfRecord": "HumanObservation",
        "recordedBy": "",
        "license": "CC-BY-4.0",
        "scientific_role": "PRESENCE_ONLY_NO_ABSENCE"
      }
    },
    {
      "type": "Feature",
      "geometry": {
        "type": "Point",
        "coordinates": [
          -69.8067,
          -60.9203
        ]
      },
      "properties": {
        "source_id": "baso_hydrozoa_stylasteridae",
        "dataset": "Antarctic stylasteridae",
        "scientificName": "Errinopsis fenestrata",
        "occurrenceID": "8308e61f-bdf2-44d6-9aa3-4507f1abae04",
        "eventDate": "",
        "minimumDepthInMeters": 817.0,
        "maximumDepthInMeters": 817.0,
        "basisOfRecord": "HumanObservation",
        "recordedBy": "",
        "license": "CC-BY-4.0",
        "scientific_role": "PRESENCE_ONLY_NO_ABSENCE"
      }
    },
    {
      "type": "Feature",
      "geometry": {
        "type": "Point",
        "coordinates": [
          -61.2037,
          -54.6592
        ]
      },
      "properties": {
        "source_id": "baso_hydrozoa_stylasteridae",
        "dataset": "Antarctic stylasteridae",
        "scientificName": "Errinopsis reticulum",
        "occurrenceID": "064feef6-5719-41b5-8f69-7a15339d0410",
        "eventDate": "",
        "minimumDepthInMeters": 293.0,
        "maximumDepthInMeters": 293.0,
        "basisOfRecord": "HumanObservation",
        "recordedBy": "",
        "license": "CC-BY-4.0",
        "scientific_role": "PRESENCE_ONLY_NO_ABSENCE"
      }
    },
    {
      "type": "Feature",
      "geometry": {
        "type": "Point",
        "coordinates": [
          -61.2037,
          -54.6592
        ]
      },
      "properties": {
        "source_id": "baso_hydrozoa_stylasteridae",
        "dataset": "Antarctic stylasteridae",
        "scientificName": "Errinopsis reticulum",
        "occurrenceID": "aeafed1a-cc10-43b6-a609-4d94186fdaf1",
        "eventDate": "",
        "minimumDepthInMeters": 293.0,
        "maximumDepthInMeters": 293.0,
        "basisOfRecord": "HumanObservation",
        "recordedBy": "",
        "license": "CC-BY-4.0",
        "scientific_role": "PRESENCE_ONLY_NO_ABSENCE"
      }
    },
    {
      "type": "Feature",
      "geometry": {
        "type": "Point",
        "coordinates": [
          -61.2037,
          -54.6592
        ]
      },
      "properties": {
        "source_id": "baso_hydrozoa_stylasteridae",
        "dataset": "Antarctic stylasteridae",
        "scientificName": "Errinopsis reticulum",
        "occurrenceID": "ccd80ec8-a0ae-4244-86b4-b613e976a7fa",
        "eventDate": "",
        "minimumDepthInMeters": 293.0,
        "maximumDepthInMeters": 293.0,
        "basisOfRecord": "HumanObservation",
        "recordedBy": "",
        "license": "CC-BY-4.0",
        "scientific_role": "PRESENCE_ONLY_NO_ABSENCE"
      }
    },
    {
      "type": "Feature",
      "geometry": {
        "type": "Point",
        "coordinates": [
          -62.1878,
          -54.4853
        ]
      },
      "properties": {
        "source_id": "baso_hydrozoa_stylasteridae",
        "dataset": "Antarctic stylasteridae",
        "scientificName": "Errinopsis reticulum",
        "occurrenceID": "ac89c727-018c-4fe4-94b3-f83a3a2da6a1",
        "eventDate": "",
        "minimumDepthInMeters": 306.0,
        "maximumDepthInMeters": 306.0,
        "basisOfRecord": "HumanObservation",
        "recordedBy": "",
        "license": "CC-BY-4.0",
        "scientific_role": "PRESENCE_ONLY_NO_ABSENCE"
      }
    },
    {
      "type": "Feature",
      "geometry": {
        "type": "Point",
        "coordinates": [
          -62.2056,
          -54.4561
        ]
      },
      "properties": {
        "source_id": "baso_hydrozoa_stylasteridae",
        "dataset": "Antarctic stylasteridae",
        "scientificName": "Errinopsis reticulum",
        "occurrenceID": "f5b26ed6-d5fb-4322-9cca-ca61a5179d7a",
        "eventDate": "",
        "minimumDepthInMeters": 309.0,
        "maximumDepthInMeters": 309.0,
        "basisOfRecord": "HumanObservation",
        "recordedBy": "",
        "license": "CC-BY-4.0",
        "scientific_role": "PRESENCE_ONLY_NO_ABSENCE"
      }
    },
    {
      "type": "Feature",
      "geometry": {
        "type": "Point",
        "coordinates": [
          -62.2056,
          -54.4561
        ]
      },
      "properties": {
        "source_id": "baso_hydrozoa_stylasteridae",
        "dataset": "Antarctic stylasteridae",
        "scientificName": "Errinopsis reticulum",
        "occurrenceID": "0ac21ef5-18e0-480e-addf-9bf77606a17e",
        "eventDate": "",
        "minimumDepthInMeters": 309.0,
        "maximumDepthInMeters": 309.0,
        "basisOfRecord": "HumanObservation",
        "recordedBy": "",
        "license": "CC-BY-4.0",
        "scientific_role": "PRESENCE_ONLY_NO_ABSENCE"
      }
    },
    {
      "type": "Feature",
      "geometry": {
        "type": "Point",
        "coordinates": [
          -62.2183,
          -54.4617
        ]
      },
      "properties": {
        "source_id": "baso_hydrozoa_stylasteridae",
        "dataset": "Antarctic stylasteridae",
        "scientificName": "Errinopsis reticulum",
        "occurrenceID": "0ab3a7f1-e3ea-464e-b481-b6e9e650c467",
        "eventDate": "",
        "minimumDepthInMeters": 319.0,
        "maximumDepthInMeters": 319.0,
        "basisOfRecord": "HumanObservation",
        "recordedBy": "",
        "license": "CC-BY-4.0",
        "scientific_role": "PRESENCE_ONLY_NO_ABSENCE"
      }
    },
    {
      "type": "Feature",
      "geometry": {
        "type": "Point",
        "coordinates": [
          -62.2183,
          -54.4617
        ]
      },
      "properties": {
        "source_id": "baso_hydrozoa_stylasteridae",
        "dataset": "Antarctic stylasteridae",
        "scientificName": "Errinopsis reticulum",
        "occurrenceID": "3d5e321d-9ba0-441f-9223-ab9483cce18a",
        "eventDate": "",
        "minimumDepthInMeters": 319.0,
        "maximumDepthInMeters": 319.0,
        "basisOfRecord": "HumanObservation",
        "recordedBy": "",
        "license": "CC-BY-4.0",
        "scientific_role": "PRESENCE_ONLY_NO_ABSENCE"
      }
    },
    {
      "type": "Feature",
      "geometry": {
        "type": "Point",
        "coordinates": [
          -62.2311,
          -54.5167
        ]
      },
      "properties": {
        "source_id": "baso_hydrozoa_stylasteridae",
        "dataset": "Antarctic stylasteridae",
        "scientificName": "Errinopsis reticulum",
        "occurrenceID": "14bf35a6-e39e-43eb-b7be-88030a5895f3",
        "eventDate": "",
        "minimumDepthInMeters": 331.0,
        "maximumDepthInMeters": 331.0,
        "basisOfRecord": "HumanObservation",
        "recordedBy": "",
        "license": "CC-BY-4.0",
        "scientific_role": "PRESENCE_ONLY_NO_ABSENCE"
      }
    },
    {
      "type": "Feature",
      "geometry": {
        "type": "Point",
        "coordinates": [
          -62.2311,
          -54.5167
        ]
      },
      "properties": {
        "source_id": "baso_hydrozoa_stylasteridae",
        "dataset": "Antarctic stylasteridae",
        "scientificName": "Errinopsis reticulum",
        "occurrenceID": "4f3d8db8-ea1c-4707-b8c8-fd9a9f3e271b",
        "eventDate": "",
        "minimumDepthInMeters": 331.0,
        "maximumDepthInMeters": 331.0,
        "basisOfRecord": "HumanObservation",
        "recordedBy": "",
        "license": "CC-BY-4.0",
        "scientific_role": "PRESENCE_ONLY_NO_ABSENCE"
      }
    },
    {
      "type": "Feature",
      "geometry": {
        "type": "Point",
        "coordinates": [
          -66.7881,
          -62.9181
        ]
      },
      "properties": {
        "source_id": "baso_hydrozoa_stylasteridae",
        "dataset": "Antarctic stylasteridae",
        "scientificName": "Errinopsis reticulum",
        "occurrenceID": "9c9dd080-15e0-46e8-b52b-1d23f4dbe8eb",
        "eventDate": "",
        "minimumDepthInMeters": 793.0,
        "maximumDepthInMeters": 793.0,
        "basisOfRecord": "HumanObservation",
        "recordedBy": "",
        "license": "CC-BY-4.0",
        "scientific_role": "PRESENCE_ONLY_NO_ABSENCE"
      }
    },
    {
      "type": "Feature",
      "geometry": {
        "type": "Point",
        "coordinates": [
          -69.8067,
          -60.9203
        ]
      },
      "properties": {
        "source_id": "baso_hydrozoa_stylasteridae",
        "dataset": "Antarctic stylasteridae",
        "scientificName": "Errinopsis reticulum",
        "occurrenceID": "52dd74bc-59da-47d5-9c14-1f5eba302fcd",
        "eventDate": "",
        "minimumDepthInMeters": 817.0,
        "maximumDepthInMeters": 817.0,
        "basisOfRecord": "HumanObservation",
        "recordedBy": "",
        "license": "CC-BY-4.0",
        "scientific_role": "PRESENCE_ONLY_NO_ABSENCE"
      }
    },
    {
      "type": "Feature",
      "geometry": {
        "type": "Point",
        "coordinates": [
          -69.8067,
          -60.9203
        ]
      },
      "properties": {
        "source_id": "baso_hydrozoa_stylasteridae",
        "dataset": "Antarctic stylasteridae",
        "scientificName": "Errinopsis reticulum",
        "occurrenceID": "6d5ccf4c-c341-4b05-b6ed-953892c63890",
        "eventDate": "",
        "minimumDepthInMeters": 817.0,
        "maximumDepthInMeters": 817.0,
        "basisOfRecord": "HumanObservation",
        "recordedBy": "",
        "license": "CC-BY-4.0",
        "scientific_role": "PRESENCE_ONLY_NO_ABSENCE"
      }
    },
    {
      "type": "Feature",
      "geometry": {
        "type": "Point",
        "coordinates": [
          -62.2339,
          -54.7778
        ]
      },
      "properties": {
        "source_id": "baso_hydrozoa_stylasteridae",
        "dataset": "Antarctic stylasteridae",
        "scientificName": "Errinopsis reticulum",
        "occurrenceID": "897e0fa7-6d50-472e-b02b-2887e0cc94fb",
        "eventDate": "",
        "minimumDepthInMeters": 940.0,
        "maximumDepthInMeters": 940.0,
        "basisOfRecord": "HumanObservation",
        "recordedBy": "",
        "license": "CC-BY-4.0",
        "scientific_role": "PRESENCE_ONLY_NO_ABSENCE"
      }
    },
    {
      "type": "Feature",
      "geometry": {
        "type": "Point",
        "coordinates": [
          -65.9833,
          -60.5686
        ]
      },
      "properties": {
        "source_id": "baso_hydrozoa_stylasteridae",
        "dataset": "Antarctic stylasteridae",
        "scientificName": "Errinopsis reticulum",
        "occurrenceID": "1b4f4173-0ce1-4a10-833d-adb367fcf853",
        "eventDate": "",
        "minimumDepthInMeters": 950.0,
        "maximumDepthInMeters": 950.0,
        "basisOfRecord": "HumanObservation",
        "recordedBy": "",
        "license": "CC-BY-4.0",
        "scientific_role": "PRESENCE_ONLY_NO_ABSENCE"
      }
    },
    {
      "type": "Feature",
      "geometry": {
        "type": "Point",
        "coordinates": [
          -62.1672,
          -54.8158
        ]
      },
      "properties": {
        "source_id": "baso_hydrozoa_stylasteridae",
        "dataset": "Antarctic stylasteridae",
        "scientificName": "Errinopsis reticulum",
        "occurrenceID": "12e2c177-8ebd-4f8d-ac42-91b1a3dd0d1a",
        "eventDate": "",
        "minimumDepthInMeters": 1538.0,
        "maximumDepthInMeters": 1538.0,
        "basisOfRecord": "HumanObservation",
        "recordedBy": "",
        "license": "CC-BY-4.0",
        "scientific_role": "PRESENCE_ONLY_NO_ABSENCE"
      }
    },
    {
      "type": "Feature",
      "geometry": {
        "type": "Point",
        "coordinates": [
          -62.1092,
          -54.8439
        ]
      },
      "properties": {
        "source_id": "baso_hydrozoa_stylasteridae",
        "dataset": "Antarctic stylasteridae",
        "scientificName": "Errinopsis reticulum",
        "occurrenceID": "075e2780-5619-4494-a63a-b5c23179c7a3",
        "eventDate": "",
        "minimumDepthInMeters": 2149.0,
        "maximumDepthInMeters": 2149.0,
        "basisOfRecord": "HumanObservation",
        "recordedBy": "",
        "license": "CC-BY-4.0",
        "scientific_role": "PRESENCE_ONLY_NO_ABSENCE"
      }
    },
    {
      "type": "Feature",
      "geometry": {
        "type": "Point",
        "coordinates": [
          -62.2056,
          -54.4561
        ]
      },
      "properties": {
        "source_id": "baso_hydrozoa_stylasteridae",
        "dataset": "Antarctic stylasteridae",
        "scientificName": "Errinopsis reticulum",
        "occurrenceID": "80099416-1e15-4fce-b97e-3acdba607003",
        "eventDate": "",
        "minimumDepthInMeters": 309.0,
        "maximumDepthInMeters": 309.0,
        "basisOfRecord": "HumanObservation",
        "recordedBy": "",
        "license": "CC-BY-4.0",
        "scientific_role": "PRESENCE_ONLY_NO_ABSENCE"
      }
    },
    {
      "type": "Feature",
      "geometry": {
        "type": "Point",
        "coordinates": [
          -62.2311,
          -54.5167
        ]
      },
      "properties": {
        "source_id": "baso_hydrozoa_stylasteridae",
        "dataset": "Antarctic stylasteridae",
        "scientificName": "Errinopsis reticulum",
        "occurrenceID": "04d3e2da-4218-49c3-94be-509648d56778",
        "eventDate": "",
        "minimumDepthInMeters": 331.0,
        "maximumDepthInMeters": 331.0,
        "basisOfRecord": "HumanObservation",
        "recordedBy": "",
        "license": "CC-BY-4.0",
        "scientific_role": "PRESENCE_ONLY_NO_ABSENCE"
      }
    },
    {
      "type": "Feature",
      "geometry": {
        "type": "Point",
        "coordinates": [
          173.1388,
          -72.0825
        ]
      },
      "properties": {
        "source_id": "baso_hydrozoa_stylasteridae",
        "dataset": "Antarctic stylasteridae",
        "scientificName": "Inferiolabiata",
        "occurrenceID": "b217c566-8f80-4ab1-8e06-70d9fee4ba74",
        "eventDate": "",
        "minimumDepthInMeters": 539.0,
        "maximumDepthInMeters": 539.0,
        "basisOfRecord": "HumanObservation",
        "recordedBy": "",
        "license": "CC-BY-4.0",
        "scientific_role": "PRESENCE_ONLY_NO_ABSENCE"
      }
    },
    {
      "type": "Feature",
      "geometry": {
        "type": "Point",
        "coordinates": [
          135.5667,
          -55.6167
        ]
      },
      "properties": {
        "source_id": "baso_hydrozoa_stylasteridae",
        "dataset": "Antarctic stylasteridae",
        "scientificName": "Inferiolabiata",
        "occurrenceID": "1c9b9d1d-9144-4e05-8533-30b6b4b595b3",
        "eventDate": "",
        "minimumDepthInMeters": 1241.0,
        "maximumDepthInMeters": 1241.0,
        "basisOfRecord": "HumanObservation",
        "recordedBy": "",
        "license": "CC-BY-4.0",
        "scientific_role": "PRESENCE_ONLY_NO_ABSENCE"
      }
    },
    {
      "type": "Feature",
      "geometry": {
        "type": "Point",
        "coordinates": [
          142.9956,
          -65.8278
        ]
      },
      "properties": {
        "source_id": "baso_hydrozoa_stylasteridae",
        "dataset": "Antarctic stylasteridae",
        "scientificName": "Inferiolabiata labiata",
        "occurrenceID": "32071d84-9b80-4532-97dd-99154ecb0242",
        "eventDate": "",
        "minimumDepthInMeters": 609.0,
        "maximumDepthInMeters": 609.0,
        "basisOfRecord": "HumanObservation",
        "recordedBy": "",
        "license": "CC-BY-4.0",
        "scientific_role": "PRESENCE_ONLY_NO_ABSENCE"
      }
    },
    {
      "type": "Feature",
      "geometry": {
        "type": "Point",
        "coordinates": [
          -61.2011,
          -54.6614
        ]
      },
      "properties": {
        "source_id": "baso_hydrozoa_stylasteridae",
        "dataset": "Antarctic stylasteridae",
        "scientificName": "Inferiolabiata labiata",
        "occurrenceID": "293ba789-f66e-48d3-807b-3b745b060f1e",
        "eventDate": "",
        "minimumDepthInMeters": 292.0,
        "maximumDepthInMeters": 292.0,
        "basisOfRecord": "HumanObservation",
        "recordedBy": "",
        "license": "CC-BY-4.0",
        "scientific_role": "PRESENCE_ONLY_NO_ABSENCE"
      }
    },
    {
      "type": "Feature",
      "geometry": {
        "type": "Point",
        "coordinates": [
          -61.2037,
          -54.6592
        ]
      },
      "properties": {
        "source_id": "baso_hydrozoa_stylasteridae",
        "dataset": "Antarctic stylasteridae",
        "scientificName": "Inferiolabiata labiata",
        "occurrenceID": "9cde0ee8-cbdf-4939-b0eb-4b67cb1596ab",
        "eventDate": "",
        "minimumDepthInMeters": 293.0,
        "maximumDepthInMeters": 293.0,
        "basisOfRecord": "HumanObservation",
        "recordedBy": "",
        "license": "CC-BY-4.0",
        "scientific_role": "PRESENCE_ONLY_NO_ABSENCE"
      }
    },
    {
      "type": "Feature",
      "geometry": {
        "type": "Point",
        "coordinates": [
          -34.8882,
          -60.1474
        ]
      },
      "properties": {
        "source_id": "baso_hydrozoa_stylasteridae",
        "dataset": "Antarctic stylasteridae",
        "scientificName": "Inferiolabiata labiata",
        "occurrenceID": "1b5145b4-12cf-4a59-a474-f22ba8d2ceb2",
        "eventDate": "",
        "minimumDepthInMeters": 390.0,
        "maximumDepthInMeters": 390.0,
        "basisOfRecord": "HumanObservation",
        "recordedBy": "",
        "license": "CC-BY-4.0",
        "scientific_role": "PRESENCE_ONLY_NO_ABSENCE"
      }
    },
    {
      "type": "Feature",
      "geometry": {
        "type": "Point",
        "coordinates": [
          -34.8882,
          -60.1474
        ]
      },
      "properties": {
        "source_id": "baso_hydrozoa_stylasteridae",
        "dataset": "Antarctic stylasteridae",
        "scientificName": "Inferiolabiata labiata",
        "occurrenceID": "57924ee3-140b-4236-be5d-55946b570087",
        "eventDate": "",
        "minimumDepthInMeters": 390.0,
        "maximumDepthInMeters": 390.0,
        "basisOfRecord": "HumanObservation",
        "recordedBy": "",
        "license": "CC-BY-4.0",
        "scientific_role": "PRESENCE_ONLY_NO_ABSENCE"
      }
    },
    {
      "type": "Feature",
      "geometry": {
        "type": "Point",
        "coordinates": [
          -34.8882,
          -60.1474
        ]
      },
      "properties": {
        "source_id": "baso_hydrozoa_stylasteridae",
        "dataset": "Antarctic stylasteridae",
        "scientificName": "Inferiolabiata labiata",
        "occurrenceID": "b1ccec4e-1142-4aaf-9348-d5bdc44fcadd",
        "eventDate": "",
        "minimumDepthInMeters": 390.0,
        "maximumDepthInMeters": 390.0,
        "basisOfRecord": "HumanObservation",
        "recordedBy": "",
        "license": "CC-BY-4.0",
        "scientific_role": "PRESENCE_ONLY_NO_ABSENCE"
      }
    },
    {
      "type": "Feature",
      "geometry": {
        "type": "Point",
        "coordinates": [
          -34.8882,
          -60.1474
        ]
      },
      "properties": {
        "source_id": "baso_hydrozoa_stylasteridae",
        "dataset": "Antarctic stylasteridae",
        "scientificName": "Inferiolabiata labiata",
        "occurrenceID": "83a63624-c174-4f6f-a014-f74bb45348bb",
        "eventDate": "",
        "minimumDepthInMeters": 390.0,
        "maximumDepthInMeters": 390.0,
        "basisOfRecord": "HumanObservation",
        "recordedBy": "",
        "license": "CC-BY-4.0",
        "scientific_role": "PRESENCE_ONLY_NO_ABSENCE"
      }
    },
    {
      "type": "Feature",
      "geometry": {
        "type": "Point",
        "coordinates": [
          -34.8408,
          -60.1215
        ]
      },
      "properties": {
        "source_id": "baso_hydrozoa_stylasteridae",
        "dataset": "Antarctic stylasteridae",
        "scientificName": "Inferiolabiata labiata",
        "occurrenceID": "9fda7a02-a729-4408-9d24-d90406edc232",
        "eventDate": "",
        "minimumDepthInMeters": 415.0,
        "maximumDepthInMeters": 415.0,
        "basisOfRecord": "HumanObservation",
        "recordedBy": "",
        "license": "CC-BY-4.0",
        "scientific_role": "PRESENCE_ONLY_NO_ABSENCE"
      }
    },
    {
      "type": "Feature",
      "geometry": {
        "type": "Point",
        "coordinates": [
          -34.8408,
          -60.1215
        ]
      },
      "properties": {
        "source_id": "baso_hydrozoa_stylasteridae",
        "dataset": "Antarctic stylasteridae",
        "scientificName": "Inferiolabiata labiata",
        "occurrenceID": "c2c3fa07-bddc-4220-864c-e751dfe7e9bc",
        "eventDate": "",
        "minimumDepthInMeters": 415.0,
        "maximumDepthInMeters": 415.0,
        "basisOfRecord": "HumanObservation",
        "recordedBy": "",
        "license": "CC-BY-4.0",
        "scientific_role": "PRESENCE_ONLY_NO_ABSENCE"
      }
    },
    {
      "type": "Feature",
      "geometry": {
        "type": "Point",
        "coordinates": [
          -34.9647,
          -60.1231
        ]
      },
      "properties": {
        "source_id": "baso_hydrozoa_stylasteridae",
        "dataset": "Antarctic stylasteridae",
        "scientificName": "Inferiolabiata labiata",
        "occurrenceID": "a1f4cf0f-f553-4d2c-9751-b72f5f193baa",
        "eventDate": "",
        "minimumDepthInMeters": 421.0,
        "maximumDepthInMeters": 421.0,
        "basisOfRecord": "HumanObservation",
        "recordedBy": "",
        "license": "CC-BY-4.0",
        "scientific_role": "PRESENCE_ONLY_NO_ABSENCE"
      }
    },
    {
      "type": "Feature",
      "geometry": {
        "type": "Point",
        "coordinates": [
          -34.9647,
          -60.1231
        ]
      },
      "properties": {
        "source_id": "baso_hydrozoa_stylasteridae",
        "dataset": "Antarctic stylasteridae",
        "scientificName": "Inferiolabiata labiata",
        "occurrenceID": "bbb4e39c-1049-4725-8cb2-26b2fb122663",
        "eventDate": "",
        "minimumDepthInMeters": 421.0,
        "maximumDepthInMeters": 421.0,
        "basisOfRecord": "HumanObservation",
        "recordedBy": "",
        "license": "CC-BY-4.0",
        "scientific_role": "PRESENCE_ONLY_NO_ABSENCE"
      }
    },
    {
      "type": "Feature",
      "geometry": {
        "type": "Point",
        "coordinates": [
          -34.9647,
          -60.1231
        ]
      },
      "properties": {
        "source_id": "baso_hydrozoa_stylasteridae",
        "dataset": "Antarctic stylasteridae",
        "scientificName": "Inferiolabiata labiata",
        "occurrenceID": "fb0c3903-59ea-4403-8e3d-5e9388115fd1",
        "eventDate": "",
        "minimumDepthInMeters": 421.0,
        "maximumDepthInMeters": 421.0,
        "basisOfRecord": "HumanObservation",
        "recordedBy": "",
        "license": "CC-BY-4.0",
        "scientific_role": "PRESENCE_ONLY_NO_ABSENCE"
      }
    },
    {
      "type": "Feature",
      "geometry": {
        "type": "Point",
        "coordinates": [
          -34.9647,
          -60.1231
        ]
      },
      "properties": {
        "source_id": "baso_hydrozoa_stylasteridae",
        "dataset": "Antarctic stylasteridae",
        "scientificName": "Inferiolabiata labiata",
        "occurrenceID": "467f00fb-6fd5-446a-a835-b8b37d5410b1",
        "eventDate": "",
        "minimumDepthInMeters": 421.0,
        "maximumDepthInMeters": 421.0,
        "basisOfRecord": "HumanObservation",
        "recordedBy": "",
        "license": "CC-BY-4.0",
        "scientific_role": "PRESENCE_ONLY_NO_ABSENCE"
      }
    },
    {
      "type": "Feature",
      "geometry": {
        "type": "Point",
        "coordinates": [
          -34.9647,
          -60.1231
        ]
      },
      "properties": {
        "source_id": "baso_hydrozoa_stylasteridae",
        "dataset": "Antarctic stylasteridae",
        "scientificName": "Inferiolabiata labiata",
        "occurrenceID": "74c50c2e-aec0-4930-82b2-e9f77f4d0ef8",
        "eventDate": "",
        "minimumDepthInMeters": 421.0,
        "maximumDepthInMeters": 421.0,
        "basisOfRecord": "HumanObservation",
        "recordedBy": "",
        "license": "CC-BY-4.0",
        "scientific_role": "PRESENCE_ONLY_NO_ABSENCE"
      }
    },
    {
      "type": "Feature",
      "geometry": {
        "type": "Point",
        "coordinates": [
          -34.9647,
          -60.1231
        ]
      },
      "properties": {
        "source_id": "baso_hydrozoa_stylasteridae",
        "dataset": "Antarctic stylasteridae",
        "scientificName": "Inferiolabiata labiata",
        "occurrenceID": "a662d93a-5532-4ba5-a014-06392cd1e08a",
        "eventDate": "",
        "minimumDepthInMeters": 421.0,
        "maximumDepthInMeters": 421.0,
        "basisOfRecord": "HumanObservation",
        "recordedBy": "",
        "license": "CC-BY-4.0",
        "scientific_role": "PRESENCE_ONLY_NO_ABSENCE"
      }
    },
    {
      "type": "Feature",
      "geometry": {
        "type": "Point",
        "coordinates": [
          -34.8838,
          -60.1567
        ]
      },
      "properties": {
        "source_id": "baso_hydrozoa_stylasteridae",
        "dataset": "Antarctic stylasteridae",
        "scientificName": "Inferiolabiata labiata",
        "occurrenceID": "0e1dfb77-1408-417c-9159-2946ddf193b7",
        "eventDate": "",
        "minimumDepthInMeters": 425.0,
        "maximumDepthInMeters": 425.0,
        "basisOfRecord": "HumanObservation",
        "recordedBy": "",
        "license": "CC-BY-4.0",
        "scientific_role": "PRESENCE_ONLY_NO_ABSENCE"
      }
    },
    {
      "type": "Feature",
      "geometry": {
        "type": "Point",
        "coordinates": [
          -34.7999,
          -60.1302
        ]
      },
      "properties": {
        "source_id": "baso_hydrozoa_stylasteridae",
        "dataset": "Antarctic stylasteridae",
        "scientificName": "Inferiolabiata labiata",
        "occurrenceID": "76022ec8-c755-4b89-9acc-bb6b9b88ef2e",
        "eventDate": "",
        "minimumDepthInMeters": 442.0,
        "maximumDepthInMeters": 442.0,
        "basisOfRecord": "HumanObservation",
        "recordedBy": "",
        "license": "CC-BY-4.0",
        "scientific_role": "PRESENCE_ONLY_NO_ABSENCE"
      }
    },
    {
      "type": "Feature",
      "geometry": {
        "type": "Point",
        "coordinates": [
          -34.9735,
          -60.1216
        ]
      },
      "properties": {
        "source_id": "baso_hydrozoa_stylasteridae",
        "dataset": "Antarctic stylasteridae",
        "scientificName": "Inferiolabiata labiata",
        "occurrenceID": "e9b464da-a751-4d67-a4ef-78dcba906879",
        "eventDate": "",
        "minimumDepthInMeters": 452.0,
        "maximumDepthInMeters": 452.0,
        "basisOfRecord": "HumanObservation",
        "recordedBy": "",
        "license": "CC-BY-4.0",
        "scientific_role": "PRESENCE_ONLY_NO_ABSENCE"
      }
    },
    {
      "type": "Feature",
      "geometry": {
        "type": "Point",
        "coordinates": [
          -32.4429,
          -59.9025
        ]
      },
      "properties": {
        "source_id": "baso_hydrozoa_stylasteridae",
        "dataset": "Antarctic stylasteridae",
        "scientificName": "Inferiolabiata labiata",
        "occurrenceID": "4667990b-344c-4d34-a79c-d49d0646ad2f",
        "eventDate": "",
        "minimumDepthInMeters": 521.0,
        "maximumDepthInMeters": 521.0,
        "basisOfRecord": "HumanObservation",
        "recordedBy": "",
        "license": "CC-BY-4.0",
        "scientific_role": "PRESENCE_ONLY_NO_ABSENCE"
      }
    },
    {
      "type": "Feature",
      "geometry": {
        "type": "Point",
        "coordinates": [
          -32.4429,
          -59.9025
        ]
      },
      "properties": {
        "source_id": "baso_hydrozoa_stylasteridae",
        "dataset": "Antarctic stylasteridae",
        "scientificName": "Inferiolabiata labiata",
        "occurrenceID": "5e1ad4e1-8ccd-4352-8cb1-c1d4f1c9d637",
        "eventDate": "",
        "minimumDepthInMeters": 521.0,
        "maximumDepthInMeters": 521.0,
        "basisOfRecord": "HumanObservation",
        "recordedBy": "",
        "license": "CC-BY-4.0",
        "scientific_role": "PRESENCE_ONLY_NO_ABSENCE"
      }
    },
    {
      "type": "Feature",
      "geometry": {
        "type": "Point",
        "coordinates": [
          -32.4429,
          -59.9025
        ]
      },
      "properties": {
        "source_id": "baso_hydrozoa_stylasteridae",
        "dataset": "Antarctic stylasteridae",
        "scientificName": "Inferiolabiata labiata",
        "occurrenceID": "7fda9ddf-4ef4-440b-9c18-25f4de373962",
        "eventDate": "",
        "minimumDepthInMeters": 521.0,
        "maximumDepthInMeters": 521.0,
        "basisOfRecord": "HumanObservation",
        "recordedBy": "",
        "license": "CC-BY-4.0",
        "scientific_role": "PRESENCE_ONLY_NO_ABSENCE"
      }
    },
    {
      "type": "Feature",
      "geometry": {
        "type": "Point",
        "coordinates": [
          -62.2056,
          -54.4561
        ]
      },
      "properties": {
        "source_id": "baso_hydrozoa_stylasteridae",
        "dataset": "Antarctic stylasteridae",
        "scientificName": "Inferiolabiata labiata",
        "occurrenceID": "87401e66-f8fe-4965-b0ae-e3a78ade5743",
        "eventDate": "",
        "minimumDepthInMeters": 309.0,
        "maximumDepthInMeters": 309.0,
        "basisOfRecord": "HumanObservation",
        "recordedBy": "",
        "license": "CC-BY-4.0",
        "scientific_role": "PRESENCE_ONLY_NO_ABSENCE"
      }
    },
    {
      "type": "Feature",
      "geometry": {
        "type": "Point",
        "coordinates": [
          -68.8775,
          -59.725
        ]
      },
      "properties": {
        "source_id": "baso_hydrozoa_stylasteridae",
        "dataset": "Antarctic stylasteridae",
        "scientificName": "Inferiolabiata labiata",
        "occurrenceID": "2c36d463-5437-4bf4-93c6-8f93b5f8e23c",
        "eventDate": "",
        "minimumDepthInMeters": 698.0,
        "maximumDepthInMeters": 698.0,
        "basisOfRecord": "HumanObservation",
        "recordedBy": "",
        "license": "CC-BY-4.0",
        "scientific_role": "PRESENCE_ONLY_NO_ABSENCE"
      }
    },
    {
      "type": "Feature",
      "geometry": {
        "type": "Point",
        "coordinates": [
          -66.8586,
          -57.3111
        ]
      },
      "properties": {
        "source_id": "baso_hydrozoa_stylasteridae",
        "dataset": "Antarctic stylasteridae",
        "scientificName": "Inferiolabiata labiata",
        "occurrenceID": "4c51af20-fb1f-4ec4-8955-90b166a70251",
        "eventDate": "",
        "minimumDepthInMeters": 740.0,
        "maximumDepthInMeters": 740.0,
        "basisOfRecord": "HumanObservation",
        "recordedBy": "",
        "license": "CC-BY-4.0",
        "scientific_role": "PRESENCE_ONLY_NO_ABSENCE"
      }
    },
    {
      "type": "Feature",
      "geometry": {
        "type": "Point",
        "coordinates": [
          -69.8067,
          -60.9203
        ]
      },
      "properties": {
        "source_id": "baso_hydrozoa_stylasteridae",
        "dataset": "Antarctic stylasteridae",
        "scientificName": "Inferiolabiata labiata",
        "occurrenceID": "e839b79f-e82e-4223-aba6-fa4d55cacd2f",
        "eventDate": "",
        "minimumDepthInMeters": 817.0,
        "maximumDepthInMeters": 817.0,
        "basisOfRecord": "HumanObservation",
        "recordedBy": "",
        "license": "CC-BY-4.0",
        "scientific_role": "PRESENCE_ONLY_NO_ABSENCE"
      }
    },
    {
      "type": "Feature",
      "geometry": {
        "type": "Point",
        "coordinates": [
          -70.9847,
          -60.5739
        ]
      },
      "properties": {
        "source_id": "baso_hydrozoa_stylasteridae",
        "dataset": "Antarctic stylasteridae",
        "scientificName": "Inferiolabiata labiata",
        "occurrenceID": "4f36df7c-29ed-4ab4-ac61-028ba28bf0e3",
        "eventDate": "",
        "minimumDepthInMeters": 821.0,
        "maximumDepthInMeters": 821.0,
        "basisOfRecord": "HumanObservation",
        "recordedBy": "",
        "license": "CC-BY-4.0",
        "scientific_role": "PRESENCE_ONLY_NO_ABSENCE"
      }
    },
    {
      "type": "Feature",
      "geometry": {
        "type": "Point",
        "coordinates": [
          -70.9847,
          -60.5739
        ]
      },
      "properties": {
        "source_id": "baso_hydrozoa_stylasteridae",
        "dataset": "Antarctic stylasteridae",
        "scientificName": "Inferiolabiata labiata",
        "occurrenceID": "b969c0be-8eb5-4f1d-b7c9-76d07ac8a167",
        "eventDate": "",
        "minimumDepthInMeters": 821.0,
        "maximumDepthInMeters": 821.0,
        "basisOfRecord": "HumanObservation",
        "recordedBy": "",
        "license": "CC-BY-4.0",
        "scientific_role": "PRESENCE_ONLY_NO_ABSENCE"
      }
    },
    {
      "type": "Feature",
      "geometry": {
        "type": "Point",
        "coordinates": [
          163.2333,
          -66.95
        ]
      },
      "properties": {
        "source_id": "baso_hydrozoa_stylasteridae",
        "dataset": "Antarctic stylasteridae",
        "scientificName": "Inferiolabiata labiata",
        "occurrenceID": "a2ec096e-a36b-4f67-89ea-ffbc698054b6",
        "eventDate": "",
        "minimumDepthInMeters": 91.0,
        "maximumDepthInMeters": 91.0,
        "basisOfRecord": "HumanObservation",
        "recordedBy": "",
        "license": "CC-BY-4.0",
        "scientific_role": "PRESENCE_ONLY_NO_ABSENCE"
      }
    },
    {
      "type": "Feature",
      "geometry": {
        "type": "Point",
        "coordinates": [
          178.5833,
          -74.3667
        ]
      },
      "properties": {
        "source_id": "baso_hydrozoa_stylasteridae",
        "dataset": "Antarctic stylasteridae",
        "scientificName": "Inferiolabiata labiata",
        "occurrenceID": "f4cb4c8e-8400-4cf2-94c2-bc40c57c7d00",
        "eventDate": "",
        "minimumDepthInMeters": null,
        "maximumDepthInMeters": null,
        "basisOfRecord": "HumanObservation",
        "recordedBy": "",
        "license": "CC-BY-4.0",
        "scientific_role": "PRESENCE_ONLY_NO_ABSENCE"
      }
    },
    {
      "type": "Feature",
      "geometry": {
        "type": "Point",
        "coordinates": [
          171.9665,
          -71.9812
        ]
      },
      "properties": {
        "source_id": "baso_hydrozoa_stylasteridae",
        "dataset": "Antarctic stylasteridae",
        "scientificName": "Inferiolabiata labiata",
        "occurrenceID": "87530d1f-127e-43ff-97ef-8d835bd20940",
        "eventDate": "",
        "minimumDepthInMeters": 456.0,
        "maximumDepthInMeters": 456.0,
        "basisOfRecord": "HumanObservation",
        "recordedBy": "",
        "license": "CC-BY-4.0",
        "scientific_role": "PRESENCE_ONLY_NO_ABSENCE"
      }
    },
    {
      "type": "Feature",
      "geometry": {
        "type": "Point",
        "coordinates": [
          172.6985,
          -72.117
        ]
      },
      "properties": {
        "source_id": "baso_hydrozoa_stylasteridae",
        "dataset": "Antarctic stylasteridae",
        "scientificName": "Inferiolabiata labiata",
        "occurrenceID": "55e085d3-5937-4f33-85f6-2c8b44af659b",
        "eventDate": "",
        "minimumDepthInMeters": 495.0,
        "maximumDepthInMeters": 495.0,
        "basisOfRecord": "HumanObservation",
        "recordedBy": "",
        "license": "CC-BY-4.0",
        "scientific_role": "PRESENCE_ONLY_NO_ABSENCE"
      }
    },
    {
      "type": "Feature",
      "geometry": {
        "type": "Point",
        "coordinates": [
          172.1342,
          -71.9947
        ]
      },
      "properties": {
        "source_id": "baso_hydrozoa_stylasteridae",
        "dataset": "Antarctic stylasteridae",
        "scientificName": "Inferiolabiata labiata",
        "occurrenceID": "efd58abf-db06-4ff8-8d3a-90b69a7b792e",
        "eventDate": "",
        "minimumDepthInMeters": 515.0,
        "maximumDepthInMeters": 515.0,
        "basisOfRecord": "HumanObservation",
        "recordedBy": "",
        "license": "CC-BY-4.0",
        "scientific_role": "PRESENCE_ONLY_NO_ABSENCE"
      }
    },
    {
      "type": "Feature",
      "geometry": {
        "type": "Point",
        "coordinates": [
          171.0923,
          -71.1553
        ]
      },
      "properties": {
        "source_id": "baso_hydrozoa_stylasteridae",
        "dataset": "Antarctic stylasteridae",
        "scientificName": "Inferiolabiata labiata",
        "occurrenceID": "919ea658-1578-441f-b7db-1d4c4bf2eb5d",
        "eventDate": "",
        "minimumDepthInMeters": 930.0,
        "maximumDepthInMeters": 930.0,
        "basisOfRecord": "HumanObservation",
        "recordedBy": "",
        "license": "CC-BY-4.0",
        "scientific_role": "PRESENCE_ONLY_NO_ABSENCE"
      }
    },
    {
      "type": "Feature",
      "geometry": {
        "type": "Point",
        "coordinates": [
          171.0477,
          -71.1632
        ]
      },
      "properties": {
        "source_id": "baso_hydrozoa_stylasteridae",
        "dataset": "Antarctic stylasteridae",
        "scientificName": "Inferiolabiata labiata",
        "occurrenceID": "77fb9be8-be14-4d32-b9c3-49fc5fbfdc6b",
        "eventDate": "",
        "minimumDepthInMeters": 1014.0,
        "maximumDepthInMeters": 1014.0,
        "basisOfRecord": "HumanObservation",
        "recordedBy": "",
        "license": "CC-BY-4.0",
        "scientific_role": "PRESENCE_ONLY_NO_ABSENCE"
      }
    },
    {
      "type": "Feature",
      "geometry": {
        "type": "Point",
        "coordinates": [
          171.0477,
          -71.1632
        ]
      },
      "properties": {
        "source_id": "baso_hydrozoa_stylasteridae",
        "dataset": "Antarctic stylasteridae",
        "scientificName": "Inferiolabiata labiata",
        "occurrenceID": "b3f01351-3533-4a64-afc3-6f109b392dd3",
        "eventDate": "",
        "minimumDepthInMeters": 1014.0,
        "maximumDepthInMeters": 1014.0,
        "basisOfRecord": "HumanObservation",
        "recordedBy": "",
        "license": "CC-BY-4.0",
        "scientific_role": "PRESENCE_ONLY_NO_ABSENCE"
      }
    },
    {
      "type": "Feature",
      "geometry": {
        "type": "Point",
        "coordinates": [
          179.587,
          -67.8288
        ]
      },
      "properties": {
        "source_id": "baso_hydrozoa_stylasteridae",
        "dataset": "Antarctic stylasteridae",
        "scientificName": "Inferiolabiata labiata",
        "occurrenceID": "9f0fe8fc-d124-4efa-a9b0-5643e6258e75",
        "eventDate": "",
        "minimumDepthInMeters": 405.0,
        "maximumDepthInMeters": 405.0,
        "basisOfRecord": "HumanObservation",
        "recordedBy": "",
        "license": "CC-BY-4.0",
        "scientific_role": "PRESENCE_ONLY_NO_ABSENCE"
      }
    },
    {
      "type": "Feature",
      "geometry": {
        "type": "Point",
        "coordinates": [
          179.587,
          -67.8288
        ]
      },
      "properties": {
        "source_id": "baso_hydrozoa_stylasteridae",
        "dataset": "Antarctic stylasteridae",
        "scientificName": "Inferiolabiata labiata",
        "occurrenceID": "cdad73e0-122c-4511-908e-c99c2db2930b",
        "eventDate": "",
        "minimumDepthInMeters": 405.0,
        "maximumDepthInMeters": 405.0,
        "basisOfRecord": "HumanObservation",
        "recordedBy": "",
        "license": "CC-BY-4.0",
        "scientific_role": "PRESENCE_ONLY_NO_ABSENCE"
      }
    },
    {
      "type": "Feature",
      "geometry": {
        "type": "Point",
        "coordinates": [
          178.8195,
          -69.4318
        ]
      },
      "properties": {
        "source_id": "baso_hydrozoa_stylasteridae",
        "dataset": "Antarctic stylasteridae",
        "scientificName": "Inferiolabiata labiata",
        "occurrenceID": "e68b9ad8-21d8-4c22-88df-8f5323cbf9ce",
        "eventDate": "",
        "minimumDepthInMeters": 455.0,
        "maximumDepthInMeters": 455.0,
        "basisOfRecord": "HumanObservation",
        "recordedBy": "",
        "license": "CC-BY-4.0",
        "scientific_role": "PRESENCE_ONLY_NO_ABSENCE"
      }
    },
    {
      "type": "Feature",
      "geometry": {
        "type": "Point",
        "coordinates": [
          178.8195,
          -69.4318
        ]
      },
      "properties": {
        "source_id": "baso_hydrozoa_stylasteridae",
        "dataset": "Antarctic stylasteridae",
        "scientificName": "Inferiolabiata labiata",
        "occurrenceID": "8bb6f663-8085-4b69-ae90-2ecfb014270b",
        "eventDate": "",
        "minimumDepthInMeters": 455.0,
        "maximumDepthInMeters": 455.0,
        "basisOfRecord": "HumanObservation",
        "recordedBy": "",
        "license": "CC-BY-4.0",
        "scientific_role": "PRESENCE_ONLY_NO_ABSENCE"
      }
    },
    {
      "type": "Feature",
      "geometry": {
        "type": "Point",
        "coordinates": [
          175.3083,
          -72.585
        ]
      },
      "properties": {
        "source_id": "baso_hydrozoa_stylasteridae",
        "dataset": "Antarctic stylasteridae",
        "scientificName": "Inferiolabiata labiata",
        "occurrenceID": "dfba2a42-0c37-4d66-9031-4ae2bd7743dd",
        "eventDate": "",
        "minimumDepthInMeters": 467.0,
        "maximumDepthInMeters": 467.0,
        "basisOfRecord": "HumanObservation",
        "recordedBy": "",
        "license": "CC-BY-4.0",
        "scientific_role": "PRESENCE_ONLY_NO_ABSENCE"
      }
    },
    {
      "type": "Feature",
      "geometry": {
        "type": "Point",
        "coordinates": [
          175.3083,
          -72.585
        ]
      },
      "properties": {
        "source_id": "baso_hydrozoa_stylasteridae",
        "dataset": "Antarctic stylasteridae",
        "scientificName": "Inferiolabiata labiata",
        "occurrenceID": "86ca762d-c6c1-49cb-8521-f99d45ab77fb",
        "eventDate": "",
        "minimumDepthInMeters": 467.0,
        "maximumDepthInMeters": 467.0,
        "basisOfRecord": "HumanObservation",
        "recordedBy": "",
        "license": "CC-BY-4.0",
        "scientific_role": "PRESENCE_ONLY_NO_ABSENCE"
      }
    },
    {
      "type": "Feature",
      "geometry": {
        "type": "Point",
        "coordinates": [
          179.6378,
          -67.7365
        ]
      },
      "properties": {
        "source_id": "baso_hydrozoa_stylasteridae",
        "dataset": "Antarctic stylasteridae",
        "scientificName": "Inferiolabiata labiata",
        "occurrenceID": "243953c8-48fe-426b-9ae4-0e4471d09f2d",
        "eventDate": "",
        "minimumDepthInMeters": 732.0,
        "maximumDepthInMeters": 732.0,
        "basisOfRecord": "HumanObservation",
        "recordedBy": "",
        "license": "CC-BY-4.0",
        "scientific_role": "PRESENCE_ONLY_NO_ABSENCE"
      }
    },
    {
      "type": "Feature",
      "geometry": {
        "type": "Point",
        "coordinates": [
          179.6378,
          -67.7365
        ]
      },
      "properties": {
        "source_id": "baso_hydrozoa_stylasteridae",
        "dataset": "Antarctic stylasteridae",
        "scientificName": "Inferiolabiata labiata",
        "occurrenceID": "36d84662-c4e9-47b2-9a42-3013c9c3a866",
        "eventDate": "",
        "minimumDepthInMeters": 732.0,
        "maximumDepthInMeters": 732.0,
        "basisOfRecord": "HumanObservation",
        "recordedBy": "",
        "license": "CC-BY-4.0",
        "scientific_role": "PRESENCE_ONLY_NO_ABSENCE"
      }
    },
    {
      "type": "Feature",
      "geometry": {
        "type": "Point",
        "coordinates": [
          179.9318,
          -67.3403
        ]
      },
      "properties": {
        "source_id": "baso_hydrozoa_stylasteridae",
        "dataset": "Antarctic stylasteridae",
        "scientificName": "Inferiolabiata labiata",
        "occurrenceID": "890c3814-844c-413e-bc08-899a6db3bf33",
        "eventDate": "",
        "minimumDepthInMeters": 1130.0,
        "maximumDepthInMeters": 1130.0,
        "basisOfRecord": "HumanObservation",
        "recordedBy": "",
        "license": "CC-BY-4.0",
        "scientific_role": "PRESENCE_ONLY_NO_ABSENCE"
      }
    },
    {
      "type": "Feature",
      "geometry": {
        "type": "Point",
        "coordinates": [
          179.9318,
          -67.3403
        ]
      },
      "properties": {
        "source_id": "baso_hydrozoa_stylasteridae",
        "dataset": "Antarctic stylasteridae",
        "scientificName": "Inferiolabiata labiata",
        "occurrenceID": "430a995c-e644-4ce4-aee1-f9ce4b511b85",
        "eventDate": "",
        "minimumDepthInMeters": 1130.0,
        "maximumDepthInMeters": 1130.0,
        "basisOfRecord": "HumanObservation",
        "recordedBy": "",
        "license": "CC-BY-4.0",
        "scientific_role": "PRESENCE_ONLY_NO_ABSENCE"
      }
    },
    {
      "type": "Feature",
      "geometry": {
        "type": "Point",
        "coordinates": [
          -45.3717,
          -60.542
        ]
      },
      "properties": {
        "source_id": "baso_hydrozoa_stylasteridae",
        "dataset": "Antarctic stylasteridae",
        "scientificName": "Inferiolabiata labiata",
        "occurrenceID": "66e0fbb5-e58f-44da-b01a-f337e6502b4a",
        "eventDate": "",
        "minimumDepthInMeters": 143.0,
        "maximumDepthInMeters": 143.0,
        "basisOfRecord": "HumanObservation",
        "recordedBy": "",
        "license": "CC-BY-4.0",
        "scientific_role": "PRESENCE_ONLY_NO_ABSENCE"
      }
    },
    {
      "type": "Feature",
      "geometry": {
        "type": "Point",
        "coordinates": [
          -34.9142,
          -60.1123
        ]
      },
      "properties": {
        "source_id": "baso_hydrozoa_stylasteridae",
        "dataset": "Antarctic stylasteridae",
        "scientificName": "Inferiolabiata labiata",
        "occurrenceID": "81d81c5b-0460-4950-84cd-532359a3afe5",
        "eventDate": "",
        "minimumDepthInMeters": 431.0,
        "maximumDepthInMeters": 431.0,
        "basisOfRecord": "HumanObservation",
        "recordedBy": "",
        "license": "CC-BY-4.0",
        "scientific_role": "PRESENCE_ONLY_NO_ABSENCE"
      }
    },
    {
      "type": "Feature",
      "geometry": {
        "type": "Point",
        "coordinates": [
          -32.44,
          -59.89
        ]
      },
      "properties": {
        "source_id": "baso_hydrozoa_stylasteridae",
        "dataset": "Antarctic stylasteridae",
        "scientificName": "Inferiolabiata labiata",
        "occurrenceID": "60e10a18-743a-453c-8383-e41c79df84be",
        "eventDate": "",
        "minimumDepthInMeters": 640.0,
        "maximumDepthInMeters": 640.0,
        "basisOfRecord": "HumanObservation",
        "recordedBy": "",
        "license": "CC-BY-4.0",
        "scientific_role": "PRESENCE_ONLY_NO_ABSENCE"
      }
    },
    {
      "type": "Feature",
      "geometry": {
        "type": "Point",
        "coordinates": [
          -32.44,
          -59.89
        ]
      },
      "properties": {
        "source_id": "baso_hydrozoa_stylasteridae",
        "dataset": "Antarctic stylasteridae",
        "scientificName": "Inferiolabiata labiata",
        "occurrenceID": "0f33da9d-3f46-4d3b-923a-29c7bdbf5d85",
        "eventDate": "",
        "minimumDepthInMeters": 640.0,
        "maximumDepthInMeters": 640.0,
        "basisOfRecord": "HumanObservation",
        "recordedBy": "",
        "license": "CC-BY-4.0",
        "scientific_role": "PRESENCE_ONLY_NO_ABSENCE"
      }
    },
    {
      "type": "Feature",
      "geometry": {
        "type": "Point",
        "coordinates": [
          -32.44,
          -59.89
        ]
      },
      "properties": {
        "source_id": "baso_hydrozoa_stylasteridae",
        "dataset": "Antarctic stylasteridae",
        "scientificName": "Inferiolabiata labiata",
        "occurrenceID": "bafc2a61-b728-4cad-95e4-7451bcec2abe",
        "eventDate": "",
        "minimumDepthInMeters": 640.0,
        "maximumDepthInMeters": 640.0,
        "basisOfRecord": "HumanObservation",
        "recordedBy": "",
        "license": "CC-BY-4.0",
        "scientific_role": "PRESENCE_ONLY_NO_ABSENCE"
      }
    },
    {
      "type": "Feature",
      "geometry": {
        "type": "Point",
        "coordinates": [
          -42.1283,
          -53.3925
        ]
      },
      "properties": {
        "source_id": "baso_hydrozoa_stylasteridae",
        "dataset": "Antarctic stylasteridae",
        "scientificName": "Lepidopora acrolophos",
        "occurrenceID": "f784a644-7920-4cd8-9bcb-50539d148985",
        "eventDate": "",
        "minimumDepthInMeters": 199.0,
        "maximumDepthInMeters": 199.0,
        "basisOfRecord": "HumanObservation",
        "recordedBy": "",
        "license": "CC-BY-4.0",
        "scientific_role": "PRESENCE_ONLY_NO_ABSENCE"
      }
    },
    {
      "type": "Feature",
      "geometry": {
        "type": "Point",
        "coordinates": [
          -66.8586,
          -57.3111
        ]
      },
      "properties": {
        "source_id": "baso_hydrozoa_stylasteridae",
        "dataset": "Antarctic stylasteridae",
        "scientificName": "Lepidopora granulosa",
        "occurrenceID": "6c22e52c-c812-43fb-b8b7-540c45d80a87",
        "eventDate": "",
        "minimumDepthInMeters": 740.0,
        "maximumDepthInMeters": 740.0,
        "basisOfRecord": "HumanObservation",
        "recordedBy": "",
        "license": "CC-BY-4.0",
        "scientific_role": "PRESENCE_ONLY_NO_ABSENCE"
      }
    },
    {
      "type": "Feature",
      "geometry": {
        "type": "Point",
        "coordinates": [
          -67.1011,
          -57.2567
        ]
      },
      "properties": {
        "source_id": "baso_hydrozoa_stylasteridae",
        "dataset": "Antarctic stylasteridae",
        "scientificName": "Lepidopora granulosa",
        "occurrenceID": "a0163460-3c9c-4fb7-ac8a-f57f523f4782",
        "eventDate": "",
        "minimumDepthInMeters": 1257.0,
        "maximumDepthInMeters": 1257.0,
        "basisOfRecord": "HumanObservation",
        "recordedBy": "",
        "license": "CC-BY-4.0",
        "scientific_role": "PRESENCE_ONLY_NO_ABSENCE"
      }
    },
    {
      "type": "Feature",
      "geometry": {
        "type": "Point",
        "coordinates": [
          177.5333,
          -49.9833
        ]
      },
      "properties": {
        "source_id": "baso_hydrozoa_stylasteridae",
        "dataset": "Antarctic stylasteridae",
        "scientificName": "Lepidopora sarmentosa",
        "occurrenceID": "df252147-4b2b-4942-a53e-f778c90037c5",
        "eventDate": "",
        "minimumDepthInMeters": 1335.0,
        "maximumDepthInMeters": 1335.0,
        "basisOfRecord": "HumanObservation",
        "recordedBy": "",
        "license": "CC-BY-4.0",
        "scientific_role": "PRESENCE_ONLY_NO_ABSENCE"
      }
    },
    {
      "type": "Feature",
      "geometry": {
        "type": "Point",
        "coordinates": [
          -67.5964,
          -57.0275
        ]
      },
      "properties": {
        "source_id": "baso_hydrozoa_stylasteridae",
        "dataset": "Antarctic stylasteridae",
        "scientificName": "Lepidotheca fascicularis",
        "occurrenceID": "594405aa-0cfe-49ac-a305-95a776c2ff08",
        "eventDate": "",
        "minimumDepthInMeters": 501.0,
        "maximumDepthInMeters": 501.0,
        "basisOfRecord": "HumanObservation",
        "recordedBy": "",
        "license": "CC-BY-4.0",
        "scientific_role": "PRESENCE_ONLY_NO_ABSENCE"
      }
    },
    {
      "type": "Feature",
      "geometry": {
        "type": "Point",
        "coordinates": [
          159.15,
          -53.75
        ]
      },
      "properties": {
        "source_id": "baso_hydrozoa_stylasteridae",
        "dataset": "Antarctic stylasteridae",
        "scientificName": "Lepidotheca inconsuta",
        "occurrenceID": "51000612-9d0b-421e-80e0-38caf1e9fbb2",
        "eventDate": "",
        "minimumDepthInMeters": 787.0,
        "maximumDepthInMeters": 787.0,
        "basisOfRecord": "HumanObservation",
        "recordedBy": "",
        "license": "CC-BY-4.0",
        "scientific_role": "PRESENCE_ONLY_NO_ABSENCE"
      }
    },
    {
      "type": "Feature",
      "geometry": {
        "type": "Point",
        "coordinates": [
          158.5333,
          -55.1833
        ]
      },
      "properties": {
        "source_id": "baso_hydrozoa_stylasteridae",
        "dataset": "Antarctic stylasteridae",
        "scientificName": "Lepidotheca inconsuta",
        "occurrenceID": "d071f4a8-0a6a-4371-b143-126a4a658364",
        "eventDate": "",
        "minimumDepthInMeters": 1500.0,
        "maximumDepthInMeters": 1500.0,
        "basisOfRecord": "HumanObservation",
        "recordedBy": "",
        "license": "CC-BY-4.0",
        "scientific_role": "PRESENCE_ONLY_NO_ABSENCE"
      }
    },
    {
      "type": "Feature",
      "geometry": {
        "type": "Point",
        "coordinates": [
          -61.2037,
          -54.6592
        ]
      },
      "properties": {
        "source_id": "baso_hydrozoa_stylasteridae",
        "dataset": "Antarctic stylasteridae",
        "scientificName": "Sporadopora dichotoma",
        "occurrenceID": "14d984bb-8d74-4f59-beb5-471c01b20662",
        "eventDate": "",
        "minimumDepthInMeters": 293.0,
        "maximumDepthInMeters": 293.0,
        "basisOfRecord": "HumanObservation",
        "recordedBy": "",
        "license": "CC-BY-4.0",
        "scientific_role": "PRESENCE_ONLY_NO_ABSENCE"
      }
    },
    {
      "type": "Feature",
      "geometry": {
        "type": "Point",
        "coordinates": [
          -34.9172,
          -60.1545
        ]
      },
      "properties": {
        "source_id": "baso_hydrozoa_stylasteridae",
        "dataset": "Antarctic stylasteridae",
        "scientificName": "Sporadopora dichotoma",
        "occurrenceID": "cf37029b-7fcd-4dde-89ed-1ff03c28150e",
        "eventDate": "",
        "minimumDepthInMeters": 390.0,
        "maximumDepthInMeters": 390.0,
        "basisOfRecord": "HumanObservation",
        "recordedBy": "",
        "license": "CC-BY-4.0",
        "scientific_role": "PRESENCE_ONLY_NO_ABSENCE"
      }
    },
    {
      "type": "Feature",
      "geometry": {
        "type": "Point",
        "coordinates": [
          -34.9172,
          -60.1545
        ]
      },
      "properties": {
        "source_id": "baso_hydrozoa_stylasteridae",
        "dataset": "Antarctic stylasteridae",
        "scientificName": "Sporadopora dichotoma",
        "occurrenceID": "bae3014b-8f29-4722-b5f9-952ed03cca8a",
        "eventDate": "",
        "minimumDepthInMeters": 390.0,
        "maximumDepthInMeters": 390.0,
        "basisOfRecord": "HumanObservation",
        "recordedBy": "",
        "license": "CC-BY-4.0",
        "scientific_role": "PRESENCE_ONLY_NO_ABSENCE"
      }
    },
    {
      "type": "Feature",
      "geometry": {
        "type": "Point",
        "coordinates": [
          -34.8505,
          -60.1317
        ]
      },
      "properties": {
        "source_id": "baso_hydrozoa_stylasteridae",
        "dataset": "Antarctic stylasteridae",
        "scientificName": "Sporadopora dichotoma",
        "occurrenceID": "562ed7a3-ea83-49ae-80d9-d063cf85a0bf",
        "eventDate": "",
        "minimumDepthInMeters": 396.0,
        "maximumDepthInMeters": 396.0,
        "basisOfRecord": "HumanObservation",
        "recordedBy": "",
        "license": "CC-BY-4.0",
        "scientific_role": "PRESENCE_ONLY_NO_ABSENCE"
      }
    },
    {
      "type": "Feature",
      "geometry": {
        "type": "Point",
        "coordinates": [
          -34.8838,
          -60.1567
        ]
      },
      "properties": {
        "source_id": "baso_hydrozoa_stylasteridae",
        "dataset": "Antarctic stylasteridae",
        "scientificName": "Sporadopora dichotoma",
        "occurrenceID": "ce9cae81-3dcb-452d-8fc0-1952b98b6a3a",
        "eventDate": "",
        "minimumDepthInMeters": 425.0,
        "maximumDepthInMeters": 425.0,
        "basisOfRecord": "HumanObservation",
        "recordedBy": "",
        "license": "CC-BY-4.0",
        "scientific_role": "PRESENCE_ONLY_NO_ABSENCE"
      }
    },
    {
      "type": "Feature",
      "geometry": {
        "type": "Point",
        "coordinates": [
          -34.9142,
          -60.1123
        ]
      },
      "properties": {
        "source_id": "baso_hydrozoa_stylasteridae",
        "dataset": "Antarctic stylasteridae",
        "scientificName": "Sporadopora dichotoma",
        "occurrenceID": "12a2c5cd-beb3-44a8-b3ce-f23e7dfad6b6",
        "eventDate": "",
        "minimumDepthInMeters": 431.0,
        "maximumDepthInMeters": 431.0,
        "basisOfRecord": "HumanObservation",
        "recordedBy": "",
        "license": "CC-BY-4.0",
        "scientific_role": "PRESENCE_ONLY_NO_ABSENCE"
      }
    },
    {
      "type": "Feature",
      "geometry": {
        "type": "Point",
        "coordinates": [
          -34.9735,
          -60.1216
        ]
      },
      "properties": {
        "source_id": "baso_hydrozoa_stylasteridae",
        "dataset": "Antarctic stylasteridae",
        "scientificName": "Sporadopora dichotoma",
        "occurrenceID": "b8a76e1c-a38b-41df-8eac-2428850af397",
        "eventDate": "",
        "minimumDepthInMeters": 452.0,
        "maximumDepthInMeters": 452.0,
        "basisOfRecord": "HumanObservation",
        "recordedBy": "",
        "license": "CC-BY-4.0",
        "scientific_role": "PRESENCE_ONLY_NO_ABSENCE"
      }
    },
    {
      "type": "Feature",
      "geometry": {
        "type": "Point",
        "coordinates": [
          -32.4429,
          -59.9025
        ]
      },
      "properties": {
        "source_id": "baso_hydrozoa_stylasteridae",
        "dataset": "Antarctic stylasteridae",
        "scientificName": "Sporadopora dichotoma",
        "occurrenceID": "e6c1ce93-5b09-4d4e-a37d-56f2be9f3ed3",
        "eventDate": "",
        "minimumDepthInMeters": 521.0,
        "maximumDepthInMeters": 521.0,
        "basisOfRecord": "HumanObservation",
        "recordedBy": "",
        "license": "CC-BY-4.0",
        "scientific_role": "PRESENCE_ONLY_NO_ABSENCE"
      }
    },
    {
      "type": "Feature",
      "geometry": {
        "type": "Point",
        "coordinates": [
          -68.6172,
          -59.2861
        ]
      },
      "properties": {
        "source_id": "baso_hydrozoa_stylasteridae",
        "dataset": "Antarctic stylasteridae",
        "scientificName": "Sporadopora dichotoma",
        "occurrenceID": "7870b4e3-aede-4e1f-bb24-8d1170189aaa",
        "eventDate": "",
        "minimumDepthInMeters": 904.0,
        "maximumDepthInMeters": 904.0,
        "basisOfRecord": "HumanObservation",
        "recordedBy": "",
        "license": "CC-BY-4.0",
        "scientific_role": "PRESENCE_ONLY_NO_ABSENCE"
      }
    },
    {
      "type": "Feature",
      "geometry": {
        "type": "Point",
        "coordinates": [
          -67.1011,
          -57.2567
        ]
      },
      "properties": {
        "source_id": "baso_hydrozoa_stylasteridae",
        "dataset": "Antarctic stylasteridae",
        "scientificName": "Sporadopora dichotoma",
        "occurrenceID": "785d662c-8aa8-4ebb-ac6b-75a72743d5a3",
        "eventDate": "",
        "minimumDepthInMeters": 1257.0,
        "maximumDepthInMeters": 1257.0,
        "basisOfRecord": "HumanObservation",
        "recordedBy": "",
        "license": "CC-BY-4.0",
        "scientific_role": "PRESENCE_ONLY_NO_ABSENCE"
      }
    },
    {
      "type": "Feature",
      "geometry": {
        "type": "Point",
        "coordinates": [
          -66.6892,
          -57.3697
        ]
      },
      "properties": {
        "source_id": "baso_hydrozoa_stylasteridae",
        "dataset": "Antarctic stylasteridae",
        "scientificName": "Sporadopora dichotoma",
        "occurrenceID": "6da403c6-1a57-4b2f-82d1-c24e6ff7ae44",
        "eventDate": "",
        "minimumDepthInMeters": 1420.0,
        "maximumDepthInMeters": 1420.0,
        "basisOfRecord": "HumanObservation",
        "recordedBy": "",
        "license": "CC-BY-4.0",
        "scientific_role": "PRESENCE_ONLY_NO_ABSENCE"
      }
    },
    {
      "type": "Feature",
      "geometry": {
        "type": "Point",
        "coordinates": [
          -62.1672,
          -54.8158
        ]
      },
      "properties": {
        "source_id": "baso_hydrozoa_stylasteridae",
        "dataset": "Antarctic stylasteridae",
        "scientificName": "Sporadopora dichotoma",
        "occurrenceID": "a4755e45-a6f2-4d54-9714-b38f4484bd72",
        "eventDate": "",
        "minimumDepthInMeters": 1538.0,
        "maximumDepthInMeters": 1538.0,
        "basisOfRecord": "HumanObservation",
        "recordedBy": "",
        "license": "CC-BY-4.0",
        "scientific_role": "PRESENCE_ONLY_NO_ABSENCE"
      }
    },
    {
      "type": "Feature",
      "geometry": {
        "type": "Point",
        "coordinates": [
          -62.1314,
          -54.8472
        ]
      },
      "properties": {
        "source_id": "baso_hydrozoa_stylasteridae",
        "dataset": "Antarctic stylasteridae",
        "scientificName": "Sporadopora dichotoma",
        "occurrenceID": "a711f602-4581-49ac-99b9-60a05c360ac3",
        "eventDate": "",
        "minimumDepthInMeters": 2108.0,
        "maximumDepthInMeters": 2108.0,
        "basisOfRecord": "HumanObservation",
        "recordedBy": "",
        "license": "CC-BY-4.0",
        "scientific_role": "PRESENCE_ONLY_NO_ABSENCE"
      }
    },
    {
      "type": "Feature",
      "geometry": {
        "type": "Point",
        "coordinates": [
          -62.1092,
          -54.8439
        ]
      },
      "properties": {
        "source_id": "baso_hydrozoa_stylasteridae",
        "dataset": "Antarctic stylasteridae",
        "scientificName": "Sporadopora dichotoma",
        "occurrenceID": "06b45028-5177-4d33-9a6e-5aafce861858",
        "eventDate": "",
        "minimumDepthInMeters": 2149.0,
        "maximumDepthInMeters": 2149.0,
        "basisOfRecord": "HumanObservation",
        "recordedBy": "",
        "license": "CC-BY-4.0",
        "scientific_role": "PRESENCE_ONLY_NO_ABSENCE"
      }
    },
    {
      "type": "Feature",
      "geometry": {
        "type": "Point",
        "coordinates": [
          -62.1092,
          -54.8439
        ]
      },
      "properties": {
        "source_id": "baso_hydrozoa_stylasteridae",
        "dataset": "Antarctic stylasteridae",
        "scientificName": "Sporadopora dichotoma",
        "occurrenceID": "df1257c8-8874-409b-a47e-704312daa13d",
        "eventDate": "",
        "minimumDepthInMeters": 2149.0,
        "maximumDepthInMeters": 2149.0,
        "basisOfRecord": "HumanObservation",
        "recordedBy": "",
        "license": "CC-BY-4.0",
        "scientific_role": "PRESENCE_ONLY_NO_ABSENCE"
      }
    },
    {
      "type": "Feature",
      "geometry": {
        "type": "Point",
        "coordinates": [
          -62.2272,
          -54.7339
        ]
      },
      "properties": {
        "source_id": "baso_hydrozoa_stylasteridae",
        "dataset": "Antarctic stylasteridae",
        "scientificName": "Stellapora echinata",
        "occurrenceID": "4a45e503-f0fa-4246-bb0e-6800b853e11a",
        "eventDate": "",
        "minimumDepthInMeters": 804.0,
        "maximumDepthInMeters": 804.0,
        "basisOfRecord": "HumanObservation",
        "recordedBy": "",
        "license": "CC-BY-4.0",
        "scientific_role": "PRESENCE_ONLY_NO_ABSENCE"
      }
    },
    {
      "type": "Feature",
      "geometry": {
        "type": "Point",
        "coordinates": [
          -66.8586,
          -57.3111
        ]
      },
      "properties": {
        "source_id": "baso_hydrozoa_stylasteridae",
        "dataset": "Antarctic stylasteridae",
        "scientificName": "Stellapora echinata",
        "occurrenceID": "6f5c1782-1783-4073-b0bb-17f0f8383528",
        "eventDate": "",
        "minimumDepthInMeters": 740.0,
        "maximumDepthInMeters": 740.0,
        "basisOfRecord": "HumanObservation",
        "recordedBy": "",
        "license": "CC-BY-4.0",
        "scientific_role": "PRESENCE_ONLY_NO_ABSENCE"
      }
    },
    {
      "type": "Feature",
      "geometry": {
        "type": "Point",
        "coordinates": [
          -68.6172,
          -59.2861
        ]
      },
      "properties": {
        "source_id": "baso_hydrozoa_stylasteridae",
        "dataset": "Antarctic stylasteridae",
        "scientificName": "Stellapora echinata",
        "occurrenceID": "82d57c2d-e807-4979-81d8-6d411691f9f5",
        "eventDate": "",
        "minimumDepthInMeters": 904.0,
        "maximumDepthInMeters": 904.0,
        "basisOfRecord": "HumanObservation",
        "recordedBy": "",
        "license": "CC-BY-4.0",
        "scientific_role": "PRESENCE_ONLY_NO_ABSENCE"
      }
    },
    {
      "type": "Feature",
      "geometry": {
        "type": "Point",
        "coordinates": [
          -67.1011,
          -57.2567
        ]
      },
      "properties": {
        "source_id": "baso_hydrozoa_stylasteridae",
        "dataset": "Antarctic stylasteridae",
        "scientificName": "Stellapora echinata",
        "occurrenceID": "6fc1f71a-10c2-4d65-bf68-3f21db980b54",
        "eventDate": "",
        "minimumDepthInMeters": 1257.0,
        "maximumDepthInMeters": 1257.0,
        "basisOfRecord": "HumanObservation",
        "recordedBy": "",
        "license": "CC-BY-4.0",
        "scientific_role": "PRESENCE_ONLY_NO_ABSENCE"
      }
    },
    {
      "type": "Feature",
      "geometry": {
        "type": "Point",
        "coordinates": [
          -62.1092,
          -54.8439
        ]
      },
      "properties": {
        "source_id": "baso_hydrozoa_stylasteridae",
        "dataset": "Antarctic stylasteridae",
        "scientificName": "Stellapora echinata",
        "occurrenceID": "cfd11497-46e9-4475-82c6-aad66388d613",
        "eventDate": "",
        "minimumDepthInMeters": 2149.0,
        "maximumDepthInMeters": 2149.0,
        "basisOfRecord": "HumanObservation",
        "recordedBy": "",
        "license": "CC-BY-4.0",
        "scientific_role": "PRESENCE_ONLY_NO_ABSENCE"
      }
    },
    {
      "type": "Feature",
      "geometry": {
        "type": "Point",
        "coordinates": [
          166.85,
          -49.175
        ]
      },
      "properties": {
        "source_id": "baso_hydrozoa_stylasteridae",
        "dataset": "Antarctic stylasteridae",
        "scientificName": "Stellapora echinata",
        "occurrenceID": "e58d6469-4551-41d5-9ad1-91604c573e2d",
        "eventDate": "",
        "minimumDepthInMeters": 454.0,
        "maximumDepthInMeters": 454.0,
        "basisOfRecord": "HumanObservation",
        "recordedBy": "",
        "license": "CC-BY-4.0",
        "scientific_role": "PRESENCE_ONLY_NO_ABSENCE"
      }
    },
    {
      "type": "Feature",
      "geometry": {
        "type": "Point",
        "coordinates": [
          166.85,
          -49.175
        ]
      },
      "properties": {
        "source_id": "baso_hydrozoa_stylasteridae",
        "dataset": "Antarctic stylasteridae",
        "scientificName": "Stellapora echinata",
        "occurrenceID": "673a8f28-b11b-4e50-accb-b0c916cbad8a",
        "eventDate": "",
        "minimumDepthInMeters": 454.0,
        "maximumDepthInMeters": 454.0,
        "basisOfRecord": "HumanObservation",
        "recordedBy": "",
        "license": "CC-BY-4.0",
        "scientific_role": "PRESENCE_ONLY_NO_ABSENCE"
      }
    },
    {
      "type": "Feature",
      "geometry": {
        "type": "Point",
        "coordinates": [
          -62.1219,
          -54.8192
        ]
      },
      "properties": {
        "source_id": "baso_hydrozoa_stylasteridae",
        "dataset": "Antarctic stylasteridae",
        "scientificName": "Stellapora n.sp",
        "occurrenceID": "c0c3a39a-9782-4bde-8660-4edc8ca5ee0e",
        "eventDate": "",
        "minimumDepthInMeters": 1412.0,
        "maximumDepthInMeters": 1412.0,
        "basisOfRecord": "HumanObservation",
        "recordedBy": "",
        "license": "CC-BY-4.0",
        "scientific_role": "PRESENCE_ONLY_NO_ABSENCE"
      }
    },
    {
      "type": "Feature",
      "geometry": {
        "type": "Point",
        "coordinates": [
          -62.2311,
          -54.5167
        ]
      },
      "properties": {
        "source_id": "baso_hydrozoa_stylasteridae",
        "dataset": "Antarctic stylasteridae",
        "scientificName": "Stylaster densicaulis",
        "occurrenceID": "c8ef4fc2-63b1-4587-80f7-43694e9c4203",
        "eventDate": "",
        "minimumDepthInMeters": 331.0,
        "maximumDepthInMeters": 331.0,
        "basisOfRecord": "HumanObservation",
        "recordedBy": "",
        "license": "CC-BY-4.0",
        "scientific_role": "PRESENCE_ONLY_NO_ABSENCE"
      }
    },
    {
      "type": "Feature",
      "geometry": {
        "type": "Point",
        "coordinates": [
          -62.2311,
          -54.5167
        ]
      },
      "properties": {
        "source_id": "baso_hydrozoa_stylasteridae",
        "dataset": "Antarctic stylasteridae",
        "scientificName": "Stylaster densicaulis",
        "occurrenceID": "81426b99-438f-4b4f-9b63-1cf525da5577",
        "eventDate": "",
        "minimumDepthInMeters": 331.0,
        "maximumDepthInMeters": 331.0,
        "basisOfRecord": "HumanObservation",
        "recordedBy": "",
        "license": "CC-BY-4.0",
        "scientific_role": "PRESENCE_ONLY_NO_ABSENCE"
      }
    },
    {
      "type": "Feature",
      "geometry": {
        "type": "Point",
        "coordinates": [
          -61.5178,
          -63.0836
        ]
      },
      "properties": {
        "source_id": "baso_hydrozoa_stylasteridae",
        "dataset": "Antarctic stylasteridae",
        "scientificName": "Stylaster densicaulis",
        "occurrenceID": "84777c1b-f93f-425b-a738-6b792a9bbf06",
        "eventDate": "",
        "minimumDepthInMeters": 594.0,
        "maximumDepthInMeters": 594.0,
        "basisOfRecord": "HumanObservation",
        "recordedBy": "",
        "license": "CC-BY-4.0",
        "scientific_role": "PRESENCE_ONLY_NO_ABSENCE"
      }
    },
    {
      "type": "Feature",
      "geometry": {
        "type": "Point",
        "coordinates": [
          -61.5172,
          -63.0833
        ]
      },
      "properties": {
        "source_id": "baso_hydrozoa_stylasteridae",
        "dataset": "Antarctic stylasteridae",
        "scientificName": "Stylaster densicaulis",
        "occurrenceID": "5d89c874-3d47-4729-bd37-ab47b7b38e42",
        "eventDate": "",
        "minimumDepthInMeters": 594.0,
        "maximumDepthInMeters": 594.0,
        "basisOfRecord": "HumanObservation",
        "recordedBy": "",
        "license": "CC-BY-4.0",
        "scientific_role": "PRESENCE_ONLY_NO_ABSENCE"
      }
    },
    {
      "type": "Feature",
      "geometry": {
        "type": "Point",
        "coordinates": [
          -61.6361,
          -63.0861
        ]
      },
      "properties": {
        "source_id": "baso_hydrozoa_stylasteridae",
        "dataset": "Antarctic stylasteridae",
        "scientificName": "Stylaster densicaulis",
        "occurrenceID": "68902378-c140-4957-96f9-0d155ba67945",
        "eventDate": "",
        "minimumDepthInMeters": 642.0,
        "maximumDepthInMeters": 642.0,
        "basisOfRecord": "HumanObservation",
        "recordedBy": "",
        "license": "CC-BY-4.0",
        "scientific_role": "PRESENCE_ONLY_NO_ABSENCE"
      }
    },
    {
      "type": "Feature",
      "geometry": {
        "type": "Point",
        "coordinates": [
          -62.1881,
          -54.7172
        ]
      },
      "properties": {
        "source_id": "baso_hydrozoa_stylasteridae",
        "dataset": "Antarctic stylasteridae",
        "scientificName": "Stylaster densicaulis",
        "occurrenceID": "faa5f2fa-42b2-4cae-8718-b5e63aad13f2",
        "eventDate": "",
        "minimumDepthInMeters": 660.0,
        "maximumDepthInMeters": 660.0,
        "basisOfRecord": "HumanObservation",
        "recordedBy": "",
        "license": "CC-BY-4.0",
        "scientific_role": "PRESENCE_ONLY_NO_ABSENCE"
      }
    },
    {
      "type": "Feature",
      "geometry": {
        "type": "Point",
        "coordinates": [
          -66.8586,
          -57.3111
        ]
      },
      "properties": {
        "source_id": "baso_hydrozoa_stylasteridae",
        "dataset": "Antarctic stylasteridae",
        "scientificName": "Stylaster densicaulis",
        "occurrenceID": "b43f33b3-cbe8-4376-88b4-8274a560ea4f",
        "eventDate": "",
        "minimumDepthInMeters": 740.0,
        "maximumDepthInMeters": 740.0,
        "basisOfRecord": "HumanObservation",
        "recordedBy": "",
        "license": "CC-BY-4.0",
        "scientific_role": "PRESENCE_ONLY_NO_ABSENCE"
      }
    },
    {
      "type": "Feature",
      "geometry": {
        "type": "Point",
        "coordinates": [
          -60.5911,
          -62.6656
        ]
      },
      "properties": {
        "source_id": "baso_hydrozoa_stylasteridae",
        "dataset": "Antarctic stylasteridae",
        "scientificName": "Stylaster densicaulis",
        "occurrenceID": "4cb5184b-66a5-451e-91e3-f351fa872331",
        "eventDate": "",
        "minimumDepthInMeters": 860.0,
        "maximumDepthInMeters": 860.0,
        "basisOfRecord": "HumanObservation",
        "recordedBy": "",
        "license": "CC-BY-4.0",
        "scientific_role": "PRESENCE_ONLY_NO_ABSENCE"
      }
    },
    {
      "type": "Feature",
      "geometry": {
        "type": "Point",
        "coordinates": [
          -57.8833,
          -60.175
        ]
      },
      "properties": {
        "source_id": "baso_hydrozoa_stylasteridae",
        "dataset": "Antarctic stylasteridae",
        "scientificName": "Stylaster densicaulis",
        "occurrenceID": "efeaf772-c6f0-4113-b90d-d93b3f438dee",
        "eventDate": "",
        "minimumDepthInMeters": 876.0,
        "maximumDepthInMeters": 876.0,
        "basisOfRecord": "HumanObservation",
        "recordedBy": "",
        "license": "CC-BY-4.0",
        "scientific_role": "PRESENCE_ONLY_NO_ABSENCE"
      }
    },
    {
      "type": "Feature",
      "geometry": {
        "type": "Point",
        "coordinates": [
          -68.6172,
          -59.2861
        ]
      },
      "properties": {
        "source_id": "baso_hydrozoa_stylasteridae",
        "dataset": "Antarctic stylasteridae",
        "scientificName": "Stylaster densicaulis",
        "occurrenceID": "55b41549-7647-4276-b599-926d852d7697",
        "eventDate": "",
        "minimumDepthInMeters": 904.0,
        "maximumDepthInMeters": 904.0,
        "basisOfRecord": "HumanObservation",
        "recordedBy": "",
        "license": "CC-BY-4.0",
        "scientific_role": "PRESENCE_ONLY_NO_ABSENCE"
      }
    },
    {
      "type": "Feature",
      "geometry": {
        "type": "Point",
        "coordinates": [
          -68.6172,
          -59.2861
        ]
      },
      "properties": {
        "source_id": "baso_hydrozoa_stylasteridae",
        "dataset": "Antarctic stylasteridae",
        "scientificName": "Stylaster densicaulis",
        "occurrenceID": "c5c701e3-49df-451b-8a0c-8d668e981acf",
        "eventDate": "",
        "minimumDepthInMeters": 904.0,
        "maximumDepthInMeters": 904.0,
        "basisOfRecord": "HumanObservation",
        "recordedBy": "",
        "license": "CC-BY-4.0",
        "scientific_role": "PRESENCE_ONLY_NO_ABSENCE"
      }
    },
    {
      "type": "Feature",
      "geometry": {
        "type": "Point",
        "coordinates": [
          -68.6172,
          -59.2861
        ]
      },
      "properties": {
        "source_id": "baso_hydrozoa_stylasteridae",
        "dataset": "Antarctic stylasteridae",
        "scientificName": "Stylaster densicaulis",
        "occurrenceID": "7c99a373-ba87-46cb-8909-bd59de1ff1cf",
        "eventDate": "",
        "minimumDepthInMeters": 904.0,
        "maximumDepthInMeters": 904.0,
        "basisOfRecord": "HumanObservation",
        "recordedBy": "",
        "license": "CC-BY-4.0",
        "scientific_role": "PRESENCE_ONLY_NO_ABSENCE"
      }
    },
    {
      "type": "Feature",
      "geometry": {
        "type": "Point",
        "coordinates": [
          -58.2397,
          -60.2206
        ]
      },
      "properties": {
        "source_id": "baso_hydrozoa_stylasteridae",
        "dataset": "Antarctic stylasteridae",
        "scientificName": "Stylaster densicaulis",
        "occurrenceID": "c0b235c8-423f-4592-b955-63bc2e8bf1bf",
        "eventDate": "",
        "minimumDepthInMeters": 909.0,
        "maximumDepthInMeters": 909.0,
        "basisOfRecord": "HumanObservation",
        "recordedBy": "",
        "license": "CC-BY-4.0",
        "scientific_role": "PRESENCE_ONLY_NO_ABSENCE"
      }
    },
    {
      "type": "Feature",
      "geometry": {
        "type": "Point",
        "coordinates": [
          -67.0939,
          -57.1725
        ]
      },
      "properties": {
        "source_id": "baso_hydrozoa_stylasteridae",
        "dataset": "Antarctic stylasteridae",
        "scientificName": "Stylaster densicaulis",
        "occurrenceID": "b0faca6f-88eb-4a58-aede-b75131b994ac",
        "eventDate": "",
        "minimumDepthInMeters": 931.0,
        "maximumDepthInMeters": 931.0,
        "basisOfRecord": "HumanObservation",
        "recordedBy": "",
        "license": "CC-BY-4.0",
        "scientific_role": "PRESENCE_ONLY_NO_ABSENCE"
      }
    },
    {
      "type": "Feature",
      "geometry": {
        "type": "Point",
        "coordinates": [
          -67.0939,
          -57.1725
        ]
      },
      "properties": {
        "source_id": "baso_hydrozoa_stylasteridae",
        "dataset": "Antarctic stylasteridae",
        "scientificName": "Stylaster densicaulis",
        "occurrenceID": "7331ea3c-766e-46c8-8f5e-ff8a03ffc4af",
        "eventDate": "",
        "minimumDepthInMeters": 931.0,
        "maximumDepthInMeters": 931.0,
        "basisOfRecord": "HumanObservation",
        "recordedBy": "",
        "license": "CC-BY-4.0",
        "scientific_role": "PRESENCE_ONLY_NO_ABSENCE"
      }
    },
    {
      "type": "Feature",
      "geometry": {
        "type": "Point",
        "coordinates": [
          -66.8583,
          -57.3264
        ]
      },
      "properties": {
        "source_id": "baso_hydrozoa_stylasteridae",
        "dataset": "Antarctic stylasteridae",
        "scientificName": "Stylaster densicaulis",
        "occurrenceID": "dc4f3784-0f51-46f8-aec8-a7cdabbc4fae",
        "eventDate": "",
        "minimumDepthInMeters": 938.0,
        "maximumDepthInMeters": 938.0,
        "basisOfRecord": "HumanObservation",
        "recordedBy": "",
        "license": "CC-BY-4.0",
        "scientific_role": "PRESENCE_ONLY_NO_ABSENCE"
      }
    },
    {
      "type": "Feature",
      "geometry": {
        "type": "Point",
        "coordinates": [
          -62.2339,
          -54.7778
        ]
      },
      "properties": {
        "source_id": "baso_hydrozoa_stylasteridae",
        "dataset": "Antarctic stylasteridae",
        "scientificName": "Stylaster densicaulis",
        "occurrenceID": "e891f449-de4a-4198-9853-ff765d577d89",
        "eventDate": "",
        "minimumDepthInMeters": 940.0,
        "maximumDepthInMeters": 940.0,
        "basisOfRecord": "HumanObservation",
        "recordedBy": "",
        "license": "CC-BY-4.0",
        "scientific_role": "PRESENCE_ONLY_NO_ABSENCE"
      }
    },
    {
      "type": "Feature",
      "geometry": {
        "type": "Point",
        "coordinates": [
          -62.2339,
          -54.7778
        ]
      },
      "properties": {
        "source_id": "baso_hydrozoa_stylasteridae",
        "dataset": "Antarctic stylasteridae",
        "scientificName": "Stylaster densicaulis",
        "occurrenceID": "4fbea693-6e33-480a-aee5-ab841d9f7181",
        "eventDate": "",
        "minimumDepthInMeters": 940.0,
        "maximumDepthInMeters": 940.0,
        "basisOfRecord": "HumanObservation",
        "recordedBy": "",
        "license": "CC-BY-4.0",
        "scientific_role": "PRESENCE_ONLY_NO_ABSENCE"
      }
    },
    {
      "type": "Feature",
      "geometry": {
        "type": "Point",
        "coordinates": [
          -65.9511,
          -60.5708
        ]
      },
      "properties": {
        "source_id": "baso_hydrozoa_stylasteridae",
        "dataset": "Antarctic stylasteridae",
        "scientificName": "Stylaster densicaulis",
        "occurrenceID": "5df7c39c-f8eb-47b4-9be2-78b0af7e5b28",
        "eventDate": "",
        "minimumDepthInMeters": 1008.0,
        "maximumDepthInMeters": 1008.0,
        "basisOfRecord": "HumanObservation",
        "recordedBy": "",
        "license": "CC-BY-4.0",
        "scientific_role": "PRESENCE_ONLY_NO_ABSENCE"
      }
    },
    {
      "type": "Feature",
      "geometry": {
        "type": "Point",
        "coordinates": [
          -65.9511,
          -60.5708
        ]
      },
      "properties": {
        "source_id": "baso_hydrozoa_stylasteridae",
        "dataset": "Antarctic stylasteridae",
        "scientificName": "Stylaster densicaulis",
        "occurrenceID": "8a9a02e7-0580-40b3-bcfb-95f30c450d62",
        "eventDate": "",
        "minimumDepthInMeters": 1008.0,
        "maximumDepthInMeters": 1008.0,
        "basisOfRecord": "HumanObservation",
        "recordedBy": "",
        "license": "CC-BY-4.0",
        "scientific_role": "PRESENCE_ONLY_NO_ABSENCE"
      }
    },
    {
      "type": "Feature",
      "geometry": {
        "type": "Point",
        "coordinates": [
          -69.1856,
          -59.985
        ]
      },
      "properties": {
        "source_id": "baso_hydrozoa_stylasteridae",
        "dataset": "Antarctic stylasteridae",
        "scientificName": "Stylaster densicaulis",
        "occurrenceID": "408f8b7b-e893-4c50-9aeb-b508a1181eaa",
        "eventDate": "",
        "minimumDepthInMeters": 1034.0,
        "maximumDepthInMeters": 1034.0,
        "basisOfRecord": "HumanObservation",
        "recordedBy": "",
        "license": "CC-BY-4.0",
        "scientific_role": "PRESENCE_ONLY_NO_ABSENCE"
      }
    },
    {
      "type": "Feature",
      "geometry": {
        "type": "Point",
        "coordinates": [
          -57.8608,
          -60.1833
        ]
      },
      "properties": {
        "source_id": "baso_hydrozoa_stylasteridae",
        "dataset": "Antarctic stylasteridae",
        "scientificName": "Stylaster densicaulis",
        "occurrenceID": "cf60c78d-e1c7-4d60-b8ff-61e9f4b9daa4",
        "eventDate": "",
        "minimumDepthInMeters": 1038.0,
        "maximumDepthInMeters": 1038.0,
        "basisOfRecord": "HumanObservation",
        "recordedBy": "",
        "license": "CC-BY-4.0",
        "scientific_role": "PRESENCE_ONLY_NO_ABSENCE"
      }
    },
    {
      "type": "Feature",
      "geometry": {
        "type": "Point",
        "coordinates": [
          -67.1167,
          -57.1694
        ]
      },
      "properties": {
        "source_id": "baso_hydrozoa_stylasteridae",
        "dataset": "Antarctic stylasteridae",
        "scientificName": "Stylaster densicaulis",
        "occurrenceID": "8b50d4be-4e35-4c64-8c00-ac19d80d8567",
        "eventDate": "",
        "minimumDepthInMeters": 1059.0,
        "maximumDepthInMeters": 1059.0,
        "basisOfRecord": "HumanObservation",
        "recordedBy": "",
        "license": "CC-BY-4.0",
        "scientific_role": "PRESENCE_ONLY_NO_ABSENCE"
      }
    },
    {
      "type": "Feature",
      "geometry": {
        "type": "Point",
        "coordinates": [
          -67.1167,
          -57.1694
        ]
      },
      "properties": {
        "source_id": "baso_hydrozoa_stylasteridae",
        "dataset": "Antarctic stylasteridae",
        "scientificName": "Stylaster densicaulis",
        "occurrenceID": "93e87a3a-c359-4370-b953-e1714a87b46a",
        "eventDate": "",
        "minimumDepthInMeters": 1059.0,
        "maximumDepthInMeters": 1059.0,
        "basisOfRecord": "HumanObservation",
        "recordedBy": "",
        "license": "CC-BY-4.0",
        "scientific_role": "PRESENCE_ONLY_NO_ABSENCE"
      }
    },
    {
      "type": "Feature",
      "geometry": {
        "type": "Point",
        "coordinates": [
          -57.6017,
          -61.3581
        ]
      },
      "properties": {
        "source_id": "baso_hydrozoa_stylasteridae",
        "dataset": "Antarctic stylasteridae",
        "scientificName": "Stylaster densicaulis",
        "occurrenceID": "d2227a3d-413c-4728-beb9-060d4107514a",
        "eventDate": "",
        "minimumDepthInMeters": 1083.0,
        "maximumDepthInMeters": 1083.0,
        "basisOfRecord": "HumanObservation",
        "recordedBy": "",
        "license": "CC-BY-4.0",
        "scientific_role": "PRESENCE_ONLY_NO_ABSENCE"
      }
    },
    {
      "type": "Feature",
      "geometry": {
        "type": "Point",
        "coordinates": [
          -66.0025,
          -60.6083
        ]
      },
      "properties": {
        "source_id": "baso_hydrozoa_stylasteridae",
        "dataset": "Antarctic stylasteridae",
        "scientificName": "Stylaster densicaulis",
        "occurrenceID": "22fd1d99-c8f4-4822-a839-af4695c30681",
        "eventDate": "",
        "minimumDepthInMeters": 1147.0,
        "maximumDepthInMeters": 1147.0,
        "basisOfRecord": "HumanObservation",
        "recordedBy": "",
        "license": "CC-BY-4.0",
        "scientific_role": "PRESENCE_ONLY_NO_ABSENCE"
      }
    },
    {
      "type": "Feature",
      "geometry": {
        "type": "Point",
        "coordinates": [
          -59.3986,
          -60.7028
        ]
      },
      "properties": {
        "source_id": "baso_hydrozoa_stylasteridae",
        "dataset": "Antarctic stylasteridae",
        "scientificName": "Stylaster densicaulis",
        "occurrenceID": "8977116d-23b2-4463-8a7b-9054a3c55cf9",
        "eventDate": "",
        "minimumDepthInMeters": 1213.0,
        "maximumDepthInMeters": 1213.0,
        "basisOfRecord": "HumanObservation",
        "recordedBy": "",
        "license": "CC-BY-4.0",
        "scientific_role": "PRESENCE_ONLY_NO_ABSENCE"
      }
    },
    {
      "type": "Feature",
      "geometry": {
        "type": "Point",
        "coordinates": [
          -57.9433,
          -60.15
        ]
      },
      "properties": {
        "source_id": "baso_hydrozoa_stylasteridae",
        "dataset": "Antarctic stylasteridae",
        "scientificName": "Stylaster densicaulis",
        "occurrenceID": "964fdcf9-9ab3-4538-b555-6ade705d627c",
        "eventDate": "",
        "minimumDepthInMeters": 1230.0,
        "maximumDepthInMeters": 1230.0,
        "basisOfRecord": "HumanObservation",
        "recordedBy": "",
        "license": "CC-BY-4.0",
        "scientific_role": "PRESENCE_ONLY_NO_ABSENCE"
      }
    },
    {
      "type": "Feature",
      "geometry": {
        "type": "Point",
        "coordinates": [
          -66.0,
          -60.8608
        ]
      },
      "properties": {
        "source_id": "baso_hydrozoa_stylasteridae",
        "dataset": "Antarctic stylasteridae",
        "scientificName": "Stylaster densicaulis",
        "occurrenceID": "f8540e33-6380-491b-9a33-543ba9e4f537",
        "eventDate": "",
        "minimumDepthInMeters": 1235.0,
        "maximumDepthInMeters": 1235.0,
        "basisOfRecord": "HumanObservation",
        "recordedBy": "",
        "license": "CC-BY-4.0",
        "scientific_role": "PRESENCE_ONLY_NO_ABSENCE"
      }
    },
    {
      "type": "Feature",
      "geometry": {
        "type": "Point",
        "coordinates": [
          -67.1011,
          -57.2567
        ]
      },
      "properties": {
        "source_id": "baso_hydrozoa_stylasteridae",
        "dataset": "Antarctic stylasteridae",
        "scientificName": "Stylaster densicaulis",
        "occurrenceID": "b1eac3b1-6589-45f4-85bc-2b3e71647418",
        "eventDate": "",
        "minimumDepthInMeters": 1257.0,
        "maximumDepthInMeters": 1257.0,
        "basisOfRecord": "HumanObservation",
        "recordedBy": "",
        "license": "CC-BY-4.0",
        "scientific_role": "PRESENCE_ONLY_NO_ABSENCE"
      }
    },
    {
      "type": "Feature",
      "geometry": {
        "type": "Point",
        "coordinates": [
          -62.1219,
          -54.8192
        ]
      },
      "properties": {
        "source_id": "baso_hydrozoa_stylasteridae",
        "dataset": "Antarctic stylasteridae",
        "scientificName": "Stylaster densicaulis",
        "occurrenceID": "5c76dfa4-c54b-4b18-879b-5c4ddeb0ad66",
        "eventDate": "",
        "minimumDepthInMeters": 1412.0,
        "maximumDepthInMeters": 1412.0,
        "basisOfRecord": "HumanObservation",
        "recordedBy": "",
        "license": "CC-BY-4.0",
        "scientific_role": "PRESENCE_ONLY_NO_ABSENCE"
      }
    },
    {
      "type": "Feature",
      "geometry": {
        "type": "Point",
        "coordinates": [
          -66.6892,
          -57.3697
        ]
      },
      "properties": {
        "source_id": "baso_hydrozoa_stylasteridae",
        "dataset": "Antarctic stylasteridae",
        "scientificName": "Stylaster densicaulis",
        "occurrenceID": "2b5627e1-9861-4d88-a1ce-8898f54e7faf",
        "eventDate": "",
        "minimumDepthInMeters": 1420.0,
        "maximumDepthInMeters": 1420.0,
        "basisOfRecord": "HumanObservation",
        "recordedBy": "",
        "license": "CC-BY-4.0",
        "scientific_role": "PRESENCE_ONLY_NO_ABSENCE"
      }
    },
    {
      "type": "Feature",
      "geometry": {
        "type": "Point",
        "coordinates": [
          -57.7389,
          -60.2014
        ]
      },
      "properties": {
        "source_id": "baso_hydrozoa_stylasteridae",
        "dataset": "Antarctic stylasteridae",
        "scientificName": "Stylaster densicaulis",
        "occurrenceID": "5da282d3-08cb-4f32-947d-ece3da2a82d2",
        "eventDate": "",
        "minimumDepthInMeters": 1425.0,
        "maximumDepthInMeters": 1425.0,
        "basisOfRecord": "HumanObservation",
        "recordedBy": "",
        "license": "CC-BY-4.0",
        "scientific_role": "PRESENCE_ONLY_NO_ABSENCE"
      }
    },
    {
      "type": "Feature",
      "geometry": {
        "type": "Point",
        "coordinates": [
          -67.6928,
          -60.69
        ]
      },
      "properties": {
        "source_id": "baso_hydrozoa_stylasteridae",
        "dataset": "Antarctic stylasteridae",
        "scientificName": "Stylaster densicaulis",
        "occurrenceID": "357fa866-708b-4a00-a0ce-8c1cda8ce74a",
        "eventDate": "",
        "minimumDepthInMeters": 1513.0,
        "maximumDepthInMeters": 1513.0,
        "basisOfRecord": "HumanObservation",
        "recordedBy": "",
        "license": "CC-BY-4.0",
        "scientific_role": "PRESENCE_ONLY_NO_ABSENCE"
      }
    },
    {
      "type": "Feature",
      "geometry": {
        "type": "Point",
        "coordinates": [
          -62.1672,
          -54.8158
        ]
      },
      "properties": {
        "source_id": "baso_hydrozoa_stylasteridae",
        "dataset": "Antarctic stylasteridae",
        "scientificName": "Stylaster densicaulis",
        "occurrenceID": "4f904696-5313-4e0f-9967-6cf12ed27ed5",
        "eventDate": "",
        "minimumDepthInMeters": 1538.0,
        "maximumDepthInMeters": 1538.0,
        "basisOfRecord": "HumanObservation",
        "recordedBy": "",
        "license": "CC-BY-4.0",
        "scientific_role": "PRESENCE_ONLY_NO_ABSENCE"
      }
    },
    {
      "type": "Feature",
      "geometry": {
        "type": "Point",
        "coordinates": [
          -57.5333,
          -60.2683
        ]
      },
      "properties": {
        "source_id": "baso_hydrozoa_stylasteridae",
        "dataset": "Antarctic stylasteridae",
        "scientificName": "Stylaster densicaulis",
        "occurrenceID": "f37c17c5-90e9-404b-a290-0207d6aa99dd",
        "eventDate": "",
        "minimumDepthInMeters": 1597.0,
        "maximumDepthInMeters": 1597.0,
        "basisOfRecord": "HumanObservation",
        "recordedBy": "",
        "license": "CC-BY-4.0",
        "scientific_role": "PRESENCE_ONLY_NO_ABSENCE"
      }
    },
    {
      "type": "Feature",
      "geometry": {
        "type": "Point",
        "coordinates": [
          -68.9672,
          -59.8086
        ]
      },
      "properties": {
        "source_id": "baso_hydrozoa_stylasteridae",
        "dataset": "Antarctic stylasteridae",
        "scientificName": "Stylaster densicaulis",
        "occurrenceID": "459ffe68-63b4-4ebf-a6cf-46cd038b0dae",
        "eventDate": "",
        "minimumDepthInMeters": 1732.0,
        "maximumDepthInMeters": 1732.0,
        "basisOfRecord": "HumanObservation",
        "recordedBy": "",
        "license": "CC-BY-4.0",
        "scientific_role": "PRESENCE_ONLY_NO_ABSENCE"
      }
    },
    {
      "type": "Feature",
      "geometry": {
        "type": "Point",
        "coordinates": [
          -68.6111,
          -58.8708
        ]
      },
      "properties": {
        "source_id": "baso_hydrozoa_stylasteridae",
        "dataset": "Antarctic stylasteridae",
        "scientificName": "Stylaster densicaulis",
        "occurrenceID": "cad33962-cf9f-4223-ad2a-e76324582652",
        "eventDate": "",
        "minimumDepthInMeters": 1870.0,
        "maximumDepthInMeters": 1870.0,
        "basisOfRecord": "HumanObservation",
        "recordedBy": "",
        "license": "CC-BY-4.0",
        "scientific_role": "PRESENCE_ONLY_NO_ABSENCE"
      }
    },
    {
      "type": "Feature",
      "geometry": {
        "type": "Point",
        "coordinates": [
          -62.1308,
          -54.8472
        ]
      },
      "properties": {
        "source_id": "baso_hydrozoa_stylasteridae",
        "dataset": "Antarctic stylasteridae",
        "scientificName": "Stylaster densicaulis",
        "occurrenceID": "0cd42365-a4f4-4e3f-ad2d-b7e2c4b481ee",
        "eventDate": "",
        "minimumDepthInMeters": 1930.0,
        "maximumDepthInMeters": 1930.0,
        "basisOfRecord": "HumanObservation",
        "recordedBy": "",
        "license": "CC-BY-4.0",
        "scientific_role": "PRESENCE_ONLY_NO_ABSENCE"
      }
    },
    {
      "type": "Feature",
      "geometry": {
        "type": "Point",
        "coordinates": [
          -62.1314,
          -54.8472
        ]
      },
      "properties": {
        "source_id": "baso_hydrozoa_stylasteridae",
        "dataset": "Antarctic stylasteridae",
        "scientificName": "Stylaster densicaulis",
        "occurrenceID": "5cacf0b8-a8c2-4a5c-9771-1588df1c5009",
        "eventDate": "",
        "minimumDepthInMeters": 2108.0,
        "maximumDepthInMeters": 2108.0,
        "basisOfRecord": "HumanObservation",
        "recordedBy": "",
        "license": "CC-BY-4.0",
        "scientific_role": "PRESENCE_ONLY_NO_ABSENCE"
      }
    },
    {
      "type": "Feature",
      "geometry": {
        "type": "Point",
        "coordinates": [
          -62.1092,
          -54.8439
        ]
      },
      "properties": {
        "source_id": "baso_hydrozoa_stylasteridae",
        "dataset": "Antarctic stylasteridae",
        "scientificName": "Stylaster densicaulis",
        "occurrenceID": "a70e31df-ca54-4660-b4a2-7c7ae5e2c702",
        "eventDate": "",
        "minimumDepthInMeters": 2149.0,
        "maximumDepthInMeters": 2149.0,
        "basisOfRecord": "HumanObservation",
        "recordedBy": "",
        "license": "CC-BY-4.0",
        "scientific_role": "PRESENCE_ONLY_NO_ABSENCE"
      }
    },
    {
      "type": "Feature",
      "geometry": {
        "type": "Point",
        "coordinates": [
          -62.2272,
          -54.7339
        ]
      },
      "properties": {
        "source_id": "baso_hydrozoa_stylasteridae",
        "dataset": "Antarctic stylasteridae",
        "scientificName": "Stylaster densicaulis",
        "occurrenceID": "93f1deea-ed55-44eb-a97e-eee629e72bdc",
        "eventDate": "",
        "minimumDepthInMeters": 804.0,
        "maximumDepthInMeters": 804.0,
        "basisOfRecord": "HumanObservation",
        "recordedBy": "",
        "license": "CC-BY-4.0",
        "scientific_role": "PRESENCE_ONLY_NO_ABSENCE"
      }
    },
    {
      "type": "Feature",
      "geometry": {
        "type": "Point",
        "coordinates": [
          165.75,
          -50.9667
        ]
      },
      "properties": {
        "source_id": "baso_hydrozoa_stylasteridae",
        "dataset": "Antarctic stylasteridae",
        "scientificName": "Stylaster eguchii",
        "occurrenceID": "f52658f3-53b2-436c-914d-41a34f5cf364",
        "eventDate": "",
        "minimumDepthInMeters": 549.0,
        "maximumDepthInMeters": 549.0,
        "basisOfRecord": "HumanObservation",
        "recordedBy": "",
        "license": "CC-BY-4.0",
        "scientific_role": "PRESENCE_ONLY_NO_ABSENCE"
      }
    },
    {
      "type": "Feature",
      "geometry": {
        "type": "Point",
        "coordinates": [
          166.1002,
          -48.0335
        ]
      },
      "properties": {
        "source_id": "baso_hydrozoa_stylasteridae",
        "dataset": "Antarctic stylasteridae",
        "scientificName": "Stylaster eguchii",
        "occurrenceID": "cb4dfefc-d67c-4b0b-a281-ad1fda6c00f2",
        "eventDate": "",
        "minimumDepthInMeters": 935.0,
        "maximumDepthInMeters": 935.0,
        "basisOfRecord": "HumanObservation",
        "recordedBy": "",
        "license": "CC-BY-4.0",
        "scientific_role": "PRESENCE_ONLY_NO_ABSENCE"
      }
    },
    {
      "type": "Feature",
      "geometry": {
        "type": "Point",
        "coordinates": [
          161.9765,
          -51.0955
        ]
      },
      "properties": {
        "source_id": "baso_hydrozoa_stylasteridae",
        "dataset": "Antarctic stylasteridae",
        "scientificName": "Stylaster eguchii",
        "occurrenceID": "8badc602-4f7c-4acd-a7f5-390af42df2e4",
        "eventDate": "",
        "minimumDepthInMeters": 462.0,
        "maximumDepthInMeters": 462.0,
        "basisOfRecord": "HumanObservation",
        "recordedBy": "",
        "license": "CC-BY-4.0",
        "scientific_role": "PRESENCE_ONLY_NO_ABSENCE"
      }
    },
    {
      "type": "Feature",
      "geometry": {
        "type": "Point",
        "coordinates": [
          166.8,
          -49.1
        ]
      },
      "properties": {
        "source_id": "baso_hydrozoa_stylasteridae",
        "dataset": "Antarctic stylasteridae",
        "scientificName": "Stylaster eguchii",
        "occurrenceID": "df423f54-eb81-4f66-96a0-f9033ddbbb84",
        "eventDate": "",
        "minimumDepthInMeters": 563.0,
        "maximumDepthInMeters": 563.0,
        "basisOfRecord": "HumanObservation",
        "recordedBy": "",
        "license": "CC-BY-4.0",
        "scientific_role": "PRESENCE_ONLY_NO_ABSENCE"
      }
    },
    {
      "type": "Feature",
      "geometry": {
        "type": "Point",
        "coordinates": [
          166.7883,
          -49.1067
        ]
      },
      "properties": {
        "source_id": "baso_hydrozoa_stylasteridae",
        "dataset": "Antarctic stylasteridae",
        "scientificName": "Stylaster eguchii",
        "occurrenceID": "550d824c-25da-4ac2-80b4-76cd41ef05e2",
        "eventDate": "",
        "minimumDepthInMeters": 563.0,
        "maximumDepthInMeters": 563.0,
        "basisOfRecord": "HumanObservation",
        "recordedBy": "",
        "license": "CC-BY-4.0",
        "scientific_role": "PRESENCE_ONLY_NO_ABSENCE"
      }
    },
    {
      "type": "Feature",
      "geometry": {
        "type": "Point",
        "coordinates": [
          162.02,
          -51.0
        ]
      },
      "properties": {
        "source_id": "baso_hydrozoa_stylasteridae",
        "dataset": "Antarctic stylasteridae",
        "scientificName": "Stylaster eguchii",
        "occurrenceID": "e5ec8ced-dc8d-4029-9865-035ff63f30b2",
        "eventDate": "",
        "minimumDepthInMeters": 333.0,
        "maximumDepthInMeters": 333.0,
        "basisOfRecord": "HumanObservation",
        "recordedBy": "",
        "license": "CC-BY-4.0",
        "scientific_role": "PRESENCE_ONLY_NO_ABSENCE"
      }
    },
    {
      "type": "Feature",
      "geometry": {
        "type": "Point",
        "coordinates": [
          167.8083,
          -51.1
        ]
      },
      "properties": {
        "source_id": "baso_hydrozoa_stylasteridae",
        "dataset": "Antarctic stylasteridae",
        "scientificName": "Stylaster eguchii",
        "occurrenceID": "d5b51722-d148-45b5-9f81-b77a81d1fbe3",
        "eventDate": "",
        "minimumDepthInMeters": 216.0,
        "maximumDepthInMeters": 216.0,
        "basisOfRecord": "HumanObservation",
        "recordedBy": "",
        "license": "CC-BY-4.0",
        "scientific_role": "PRESENCE_ONLY_NO_ABSENCE"
      }
    },
    {
      "type": "Feature",
      "geometry": {
        "type": "Point",
        "coordinates": [
          160.5167,
          -52.5167
        ]
      },
      "properties": {
        "source_id": "baso_hydrozoa_stylasteridae",
        "dataset": "Antarctic stylasteridae",
        "scientificName": "Stylaster eguchii",
        "occurrenceID": "78b98b18-efcf-4c71-8186-4bb94742c6af",
        "eventDate": "",
        "minimumDepthInMeters": 124.0,
        "maximumDepthInMeters": 124.0,
        "basisOfRecord": "HumanObservation",
        "recordedBy": "",
        "license": "CC-BY-4.0",
        "scientific_role": "PRESENCE_ONLY_NO_ABSENCE"
      }
    },
    {
      "type": "Feature",
      "geometry": {
        "type": "Point",
        "coordinates": [
          165.75,
          -50.9667
        ]
      },
      "properties": {
        "source_id": "baso_hydrozoa_stylasteridae",
        "dataset": "Antarctic stylasteridae",
        "scientificName": "Stylaster eguchii",
        "occurrenceID": "14f996f3-97e2-4e47-928b-0875d67bda7a",
        "eventDate": "",
        "minimumDepthInMeters": 465.0,
        "maximumDepthInMeters": 465.0,
        "basisOfRecord": "HumanObservation",
        "recordedBy": "",
        "license": "CC-BY-4.0",
        "scientific_role": "PRESENCE_ONLY_NO_ABSENCE"
      }
    },
    {
      "type": "Feature",
      "geometry": {
        "type": "Point",
        "coordinates": [
          165.9,
          -50.8983
        ]
      },
      "properties": {
        "source_id": "baso_hydrozoa_stylasteridae",
        "dataset": "Antarctic stylasteridae",
        "scientificName": "Stylaster eguchii",
        "occurrenceID": "d1ec2244-61ef-4170-8486-bb72e77e0e10",
        "eventDate": "",
        "minimumDepthInMeters": 168.0,
        "maximumDepthInMeters": 168.0,
        "basisOfRecord": "HumanObservation",
        "recordedBy": "",
        "license": "CC-BY-4.0",
        "scientific_role": "PRESENCE_ONLY_NO_ABSENCE"
      }
    },
    {
      "type": "Feature",
      "geometry": {
        "type": "Point",
        "coordinates": [
          167.8083,
          -51.1
        ]
      },
      "properties": {
        "source_id": "baso_hydrozoa_stylasteridae",
        "dataset": "Antarctic stylasteridae",
        "scientificName": "Stylaster eguchii",
        "occurrenceID": "18547ad6-6d0a-47fa-b300-050176791815",
        "eventDate": "",
        "minimumDepthInMeters": 216.0,
        "maximumDepthInMeters": 216.0,
        "basisOfRecord": "HumanObservation",
        "recordedBy": "",
        "license": "CC-BY-4.0",
        "scientific_role": "PRESENCE_ONLY_NO_ABSENCE"
      }
    },
    {
      "type": "Feature",
      "geometry": {
        "type": "Point",
        "coordinates": [
          167.6333,
          -50.6333
        ]
      },
      "properties": {
        "source_id": "baso_hydrozoa_stylasteridae",
        "dataset": "Antarctic stylasteridae",
        "scientificName": "Stylaster eguchii",
        "occurrenceID": "ba07af28-2567-4a71-a5b3-34e9f6e347ed",
        "eventDate": "",
        "minimumDepthInMeters": 320.0,
        "maximumDepthInMeters": 320.0,
        "basisOfRecord": "HumanObservation",
        "recordedBy": "",
        "license": "CC-BY-4.0",
        "scientific_role": "PRESENCE_ONLY_NO_ABSENCE"
      }
    }
  ]
}