{"type":"FeatureCollection","name":"The Biodiversity of Ice-free Antarctica Database — 0.25° observation grid","dataset_uuid":"3b7223b4-295a-43b6-bea5-82776e7e598f","scientific_role":"TERRESTRIAL_OCCURRENCE_EFFORT_ONLY","grid_resolution_degrees":0.25,"notice":"Source occurrences, NOT OBIS quality-controlled accepted subset. Counts describe records; NOT abundance and NOT marine species.","features":[{"type":"Feature","geometry":{"type":"Point","coordinates":[-178.125,-84.875]},"properties":{"records":1,"observed_taxa_in_cell":1,"source":"ANTABIF 2025 / Terauds","role":"TERRESTRIAL_RECORD_DENSITY","license":"CC-BY-4.0"}},{"type":"Feature","geometry":{"type":"Point","coordinates":[-177.125,-84.625]},"properties":{"records":1,"observed_taxa_in_cell":1,"source":"ANTABIF 2025 / Terauds","role":"TERRESTRIAL_RECORD_DENSITY","license":"CC-BY-4.0"}},{"type":"Feature","geometry":{"type":"Point","coordinates":[-176.875,-84.625]},"properties":{"records":1,"observed_taxa_in_cell":1,"source":"ANTABIF 2025 / Terauds","role":"TERRESTRIAL_RECORD_DENSITY","license":"CC-BY-4.0"}},{"type":"Feature","geometry":{"type":"Point","coordinates":[-176.625,-84.625]},"properties":{"records":1,"observed_taxa_in_cell":1,"source":"ANTABIF 2025 / Terauds","role":"TERRESTRIAL_RECORD_DENSITY","license":"CC-BY-4.0"}},{"type":"Feature","geometry":{"type":"Point","coordinates":[-176.375,-84.375]},"properties":{"records":1,"observed_taxa_in_cell":1,"source":"ANTABIF 2025 / Terauds","role":"TERRESTRIAL_RECORD_DENSITY","license":"CC-BY-4.0"}},{"type":"Feature","geometry":{"type":"Point","coordinates":[-175.875,-84.625]},"properties":{"records":10,"observed_taxa_in_cell":6,"source":"ANTABIF 2025 / Terauds","role":"TERRESTRIAL_RECORD_DENSITY","license":"CC-BY-4.0"}},{"type":"Feature","geometry":{"type":"Point","coordinates":[-174.875,-84.625]},"properties":{"records":1,"observed_taxa_in_cell":1,"source":"ANTABIF 2025 / Terauds","role":"TERRESTRIAL_RECORD_DENSITY","license":"CC-BY-4.0"}},{"type":"Feature","geometry":{"type":"Point","coordinates":[-174.625,-84.625]},"properties":{"records":3,"observed_taxa_in_cell":3,"source":"ANTABIF 2025 / Terauds","role":"TERRESTRIAL_RECORD_DENSITY","license":"CC-BY-4.0"}},{"type":"Feature","geometry":{"type":"Point","coordinates":[-174.375,-84.625]},"properties":{"records":1,"observed_taxa_in_cell":1,"source":"ANTABIF 2025 / Terauds","role":"TERRESTRIAL_RECORD_DENSITY","license":"CC-BY-4.0"}},{"type":"Feature","geometry":{"type":"Point","coordinates":[-173.875,-84.625]},"properties":{"records":3,"observed_taxa_in_cell":3,"source":"ANTABIF 2025 / Terauds","role":"TERRESTRIAL_RECORD_DENSITY","license":"CC-BY-4.0"}},{"type":"Feature","geometry":{"type":"Point","coordinates":[-157.625,-77.125]},"properties":{"records":6,"observed_taxa_in_cell":1,"source":"ANTABIF 2025 / Terauds","role":"TERRESTRIAL_RECORD_DENSITY","license":"CC-BY-4.0"}},{"type":"Feature","geometry":{"type":"Point","coordinates":[-157.375,-86.125]},"properties":{"records":2,"observed_taxa_in_cell":2,"source":"ANTABIF 2025 / Terauds","role":"TERRESTRIAL_RECORD_DENSITY","license":"CC-BY-4.0"}},{"type":"Feature","geometry":{"type":"Point","coordinates":[-156.875,-85.375]},"properties":{"records":3,"observed_taxa_in_cell":3,"source":"ANTABIF 2025 / Terauds","role":"TERRESTRIAL_RECORD_DENSITY","license":"CC-BY-4.0"}},{"type":"Feature","geometry":{"type":"Point","coordinates":[-155.875,-85.375]},"properties":{"records":2,"observed_taxa_in_cell":2,"source":"ANTABIF 2025 / Terauds","role":"TERRESTRIAL_RECORD_DENSITY","license":"CC-BY-4.0"}},{"type":"Feature","geometry":{"type":"Point","coordinates":[-155.375,-78.125]},"properties":{"records":11,"observed_taxa_in_cell":10,"source":"ANTABIF 2025 / Terauds","role":"TERRESTRIAL_RECORD_DENSITY","license":"CC-BY-4.0"}},{"type":"Feature","geometry":{"type":"Point","coordinates":[-155.375,-77.875]},"properties":{"records":22,"observed_taxa_in_cell":22,"source":"ANTABIF 2025 / Terauds","role":"TERRESTRIAL_RECORD_DENSITY","license":"CC-BY-4.0"}},{"type":"Feature","geometry":{"type":"Point","coordinates":[-155.125,-78.125]},"properties":{"records":110,"observed_taxa_in_cell":73,"source":"ANTABIF 2025 / Terauds","role":"TERRESTRIAL_RECORD_DENSITY","license":"CC-BY-4.0"}},{"type":"Feature","geometry":{"type":"Point","coordinates":[-155.125,-77.875]},"properties":{"records":5,"observed_taxa_in_cell":5,"source":"ANTABIF 2025 / Terauds","role":"TERRESTRIAL_RECORD_DENSITY","license":"CC-BY-4.0"}},{"type":"Feature","geometry":{"type":"Point","coordinates":[-154.375,-85.375]},"properties":{"records":1,"observed_taxa_in_cell":1,"source":"ANTABIF 2025 / Terauds","role":"TERRESTRIAL_RECORD_DENSITY","license":"CC-BY-4.0"}},{"type":"Feature","geometry":{"type":"Point","coordinates":[-154.125,-85.625]},"properties":{"records":1,"observed_taxa_in_cell":1,"source":"ANTABIF 2025 / Terauds","role":"TERRESTRIAL_RECORD_DENSITY","license":"CC-BY-4.0"}},{"type":"Feature","geometry":{"type":"Point","coordinates":[-153.625,-77.625]},"properties":{"records":5,"observed_taxa_in_cell":5,"source":"ANTABIF 2025 / Terauds","role":"TERRESTRIAL_RECORD_DENSITY","license":"CC-BY-4.0"}},{"type":"Feature","geometry":{"type":"Point","coordinates":[-151.375,-85.625]},"properties":{"records":4,"observed_taxa_in_cell":4,"source":"ANTABIF 2025 / Terauds","role":"TERRESTRIAL_RECORD_DENSITY","license":"CC-BY-4.0"}},{"type":"Feature","geometry":{"type":"Point","coordinates":[-151.125,-85.625]},"properties":{"records":2,"observed_taxa_in_cell":2,"source":"ANTABIF 2025 / Terauds","role":"TERRESTRIAL_RECORD_DENSITY","license":"CC-BY-4.0"}},{"type":"Feature","geometry":{"type":"Point","coordinates":[-150.625,-86.125]},"properties":{"records":9,"observed_taxa_in_cell":9,"source":"ANTABIF 2025 / Terauds","role":"TERRESTRIAL_RECORD_DENSITY","license":"CC-BY-4.0"}},{"type":"Feature","geometry":{"type":"Point","coordinates":[-148.625,-86.375]},"properties":{"records":1,"observed_taxa_in_cell":1,"source":"ANTABIF 2025 / Terauds","role":"TERRESTRIAL_RECORD_DENSITY","license":"CC-BY-4.0"}},{"type":"Feature","geometry":{"type":"Point","coordinates":[-148.375,-77.875]},"properties":{"records":11,"observed_taxa_in_cell":9,"source":"ANTABIF 2025 / Terauds","role":"TERRESTRIAL_RECORD_DENSITY","license":"CC-BY-4.0"}},{"type":"Feature","geometry":{"type":"Point","coordinates":[-147.625,-86.625]},"properties":{"records":8,"observed_taxa_in_cell":8,"source":"ANTABIF 2025 / Terauds","role":"TERRESTRIAL_RECORD_DENSITY","license":"CC-BY-4.0"}},{"type":"Feature","geometry":{"type":"Point","coordinates":[-147.375,-77.625]},"properties":{"records":1,"observed_taxa_in_cell":1,"source":"ANTABIF 2025 / Terauds","role":"TERRESTRIAL_RECORD_DENSITY","license":"CC-BY-4.0"}},{"type":"Feature","geometry":{"type":"Point","coordinates":[-146.875,-86.125]},"properties":{"records":1,"observed_taxa_in_cell":1,"source":"ANTABIF 2025 / Terauds","role":"TERRESTRIAL_RECORD_DENSITY","license":"CC-BY-4.0"}},{"type":"Feature","geometry":{"type":"Point","coordinates":[-146.875,-77.375]},"properties":{"records":9,"observed_taxa_in_cell":9,"source":"ANTABIF 2025 / Terauds","role":"TERRESTRIAL_RECORD_DENSITY","license":"CC-BY-4.0"}},{"type":"Feature","geometry":{"type":"Point","coordinates":[-146.875,-76.875]},"properties":{"records":12,"observed_taxa_in_cell":12,"source":"ANTABIF 2025 / Terauds","role":"TERRESTRIAL_RECORD_DENSITY","license":"CC-BY-4.0"}},{"type":"Feature","geometry":{"type":"Point","coordinates":[-146.625,-76.625]},"properties":{"records":1,"observed_taxa_in_cell":1,"source":"ANTABIF 2025 / Terauds","role":"TERRESTRIAL_RECORD_DENSITY","license":"CC-BY-4.0"}},{"type":"Feature","geometry":{"type":"Point","coordinates":[-146.375,-77.625]},"properties":{"records":4,"observed_taxa_in_cell":4,"source":"ANTABIF 2025 / Terauds","role":"TERRESTRIAL_RECORD_DENSITY","license":"CC-BY-4.0"}},{"type":"Feature","geometry":{"type":"Point","coordinates":[-145.875,-86.375]},"properties":{"records":2,"observed_taxa_in_cell":2,"source":"ANTABIF 2025 / Terauds","role":"TERRESTRIAL_RECORD_DENSITY","license":"CC-BY-4.0"}},{"type":"Feature","geometry":{"type":"Point","coordinates":[-145.875,-77.375]},"properties":{"records":13,"observed_taxa_in_cell":13,"source":"ANTABIF 2025 / Terauds","role":"TERRESTRIAL_RECORD_DENSITY","license":"CC-BY-4.0"}},{"type":"Feature","geometry":{"type":"Point","coordinates":[-145.875,-76.625]},"properties":{"records":2,"observed_taxa_in_cell":2,"source":"ANTABIF 2025 / Terauds","role":"TERRESTRIAL_RECORD_DENSITY","license":"CC-BY-4.0"}},{"type":"Feature","geometry":{"type":"Point","coordinates":[-145.875,-76.375]},"properties":{"records":6,"observed_taxa_in_cell":6,"source":"ANTABIF 2025 / Terauds","role":"TERRESTRIAL_RECORD_DENSITY","license":"CC-BY-4.0"}},{"type":"Feature","geometry":{"type":"Point","coordinates":[-145.625,-86.375]},"properties":{"records":6,"observed_taxa_in_cell":6,"source":"ANTABIF 2025 / Terauds","role":"TERRESTRIAL_RECORD_DENSITY","license":"CC-BY-4.0"}},{"type":"Feature","geometry":{"type":"Point","coordinates":[-145.625,-77.875]},"properties":{"records":4,"observed_taxa_in_cell":4,"source":"ANTABIF 2025 / Terauds","role":"TERRESTRIAL_RECORD_DENSITY","license":"CC-BY-4.0"}},{"type":"Feature","geometry":{"type":"Point","coordinates":[-145.625,-77.125]},"properties":{"records":24,"observed_taxa_in_cell":23,"source":"ANTABIF 2025 / Terauds","role":"TERRESTRIAL_RECORD_DENSITY","license":"CC-BY-4.0"}},{"type":"Feature","geometry":{"type":"Point","coordinates":[-145.625,-76.625]},"properties":{"records":17,"observed_taxa_in_cell":16,"source":"ANTABIF 2025 / Terauds","role":"TERRESTRIAL_RECORD_DENSITY","license":"CC-BY-4.0"}},{"type":"Feature","geometry":{"type":"Point","coordinates":[-145.625,-76.375]},"properties":{"records":2,"observed_taxa_in_cell":2,"source":"ANTABIF 2025 / Terauds","role":"TERRESTRIAL_RECORD_DENSITY","license":"CC-BY-4.0"}},{"type":"Feature","geometry":{"type":"Point","coordinates":[-145.375,-76.875]},"properties":{"records":45,"observed_taxa_in_cell":36,"source":"ANTABIF 2025 / Terauds","role":"TERRESTRIAL_RECORD_DENSITY","license":"CC-BY-4.0"}},{"type":"Feature","geometry":{"type":"Point","coordinates":[-145.375,-76.625]},"properties":{"records":6,"observed_taxa_in_cell":6,"source":"ANTABIF 2025 / Terauds","role":"TERRESTRIAL_RECORD_DENSITY","license":"CC-BY-4.0"}},{"type":"Feature","geometry":{"type":"Point","coordinates":[-145.125,-76.875]},"properties":{"records":28,"observed_taxa_in_cell":25,"source":"ANTABIF 2025 / Terauds","role":"TERRESTRIAL_RECORD_DENSITY","license":"CC-BY-4.0"}},{"type":"Feature","geometry":{"type":"Point","coordinates":[-145.125,-76.625]},"properties":{"records":3,"observed_taxa_in_cell":3,"source":"ANTABIF 2025 / Terauds","role":"TERRESTRIAL_RECORD_DENSITY","license":"CC-BY-4.0"}},{"type":"Feature","geometry":{"type":"Point","coordinates":[-145.125,-76.375]},"properties":{"records":5,"observed_taxa_in_cell":5,"source":"ANTABIF 2025 / Terauds","role":"TERRESTRIAL_RECORD_DENSITY","license":"CC-BY-4.0"}},{"type":"Feature","geometry":{"type":"Point","coordinates":[-144.875,-77.125]},"properties":{"records":3,"observed_taxa_in_cell":3,"source":"ANTABIF 2025 / Terauds","role":"TERRESTRIAL_RECORD_DENSITY","license":"CC-BY-4.0"}},{"type":"Feature","geometry":{"type":"Point","coordinates":[-144.875,-76.875]},"properties":{"records":13,"observed_taxa_in_cell":12,"source":"ANTABIF 2025 / Terauds","role":"TERRESTRIAL_RECORD_DENSITY","license":"CC-BY-4.0"}},{"type":"Feature","geometry":{"type":"Point","coordinates":[-144.875,-76.625]},"properties":{"records":6,"observed_taxa_in_cell":6,"source":"ANTABIF 2025 / Terauds","role":"TERRESTRIAL_RECORD_DENSITY","license":"CC-BY-4.0"}},{"type":"Feature","geometry":{"type":"Point","coordinates":[-144.625,-86.625]},"properties":{"records":4,"observed_taxa_in_cell":4,"source":"ANTABIF 2025 / Terauds","role":"TERRESTRIAL_RECORD_DENSITY","license":"CC-BY-4.0"}},{"type":"Feature","geometry":{"type":"Point","coordinates":[-144.625,-76.875]},"properties":{"records":6,"observed_taxa_in_cell":6,"source":"ANTABIF 2025 / Terauds","role":"TERRESTRIAL_RECORD_DENSITY","license":"CC-BY-4.0"}},{"type":"Feature","geometry":{"type":"Point","coordinates":[-144.625,-76.625]},"properties":{"records":12,"observed_taxa_in_cell":12,"source":"ANTABIF 2025 / Terauds","role":"TERRESTRIAL_RECORD_DENSITY","license":"CC-BY-4.0"}},{"type":"Feature","geometry":{"type":"Point","coordinates":[-144.125,-77.125]},"properties":{"records":5,"observed_taxa_in_cell":5,"source":"ANTABIF 2025 / Terauds","role":"TERRESTRIAL_RECORD_DENSITY","license":"CC-BY-4.0"}},{"type":"Feature","geometry":{"type":"Point","coordinates":[-144.125,-76.875]},"properties":{"records":2,"observed_taxa_in_cell":2,"source":"ANTABIF 2025 / Terauds","role":"TERRESTRIAL_RECORD_DENSITY","license":"CC-BY-4.0"}},{"type":"Feature","geometry":{"type":"Point","coordinates":[-144.125,-76.625]},"properties":{"records":10,"observed_taxa_in_cell":10,"source":"ANTABIF 2025 / Terauds","role":"TERRESTRIAL_RECORD_DENSITY","license":"CC-BY-4.0"}},{"type":"Feature","geometry":{"type":"Point","coordinates":[-143.875,-77.125]},"properties":{"records":10,"observed_taxa_in_cell":10,"source":"ANTABIF 2025 / Terauds","role":"TERRESTRIAL_RECORD_DENSITY","license":"CC-BY-4.0"}},{"type":"Feature","geometry":{"type":"Point","coordinates":[-143.875,-76.875]},"properties":{"records":3,"observed_taxa_in_cell":3,"source":"ANTABIF 2025 / Terauds","role":"TERRESTRIAL_RECORD_DENSITY","license":"CC-BY-4.0"}},{"type":"Feature","geometry":{"type":"Point","coordinates":[-143.375,-75.375]},"properties":{"records":1,"observed_taxa_in_cell":1,"source":"ANTABIF 2025 / Terauds","role":"TERRESTRIAL_RECORD_DENSITY","license":"CC-BY-4.0"}},{"type":"Feature","geometry":{"type":"Point","coordinates":[-140.375,-74.625]},"properties":{"records":1,"observed_taxa_in_cell":1,"source":"ANTABIF 2025 / Terauds","role":"TERRESTRIAL_RECORD_DENSITY","license":"CC-BY-4.0"}},{"type":"Feature","geometry":{"type":"Point","coordinates":[-136.875,-74.875]},"properties":{"records":2,"observed_taxa_in_cell":1,"source":"ANTABIF 2025 / Terauds","role":"TERRESTRIAL_RECORD_DENSITY","license":"CC-BY-4.0"}},{"type":"Feature","geometry":{"type":"Point","coordinates":[-132.625,-74.375]},"properties":{"records":2,"observed_taxa_in_cell":1,"source":"ANTABIF 2025 / Terauds","role":"TERRESTRIAL_RECORD_DENSITY","license":"CC-BY-4.0"}},{"type":"Feature","geometry":{"type":"Point","coordinates":[-130.875,-74.125]},"properties":{"records":1,"observed_taxa_in_cell":1,"source":"ANTABIF 2025 / Terauds","role":"TERRESTRIAL_RECORD_DENSITY","license":"CC-BY-4.0"}},{"type":"Feature","geometry":{"type":"Point","coordinates":[-127.375,-73.625]},"properties":{"records":2,"observed_taxa_in_cell":1,"source":"ANTABIF 2025 / Terauds","role":"TERRESTRIAL_RECORD_DENSITY","license":"CC-BY-4.0"}},{"type":"Feature","geometry":{"type":"Point","coordinates":[-127.125,-73.125]},"properties":{"records":2,"observed_taxa_in_cell":1,"source":"ANTABIF 2025 / Terauds","role":"TERRESTRIAL_RECORD_DENSITY","license":"CC-BY-4.0"}},{"type":"Feature","geometry":{"type":"Point","coordinates":[-126.875,-73.125]},"properties":{"records":2,"observed_taxa_in_cell":1,"source":"ANTABIF 2025 / Terauds","role":"TERRESTRIAL_RECORD_DENSITY","license":"CC-BY-4.0"}},{"type":"Feature","geometry":{"type":"Point","coordinates":[-125.625,-86.125]},"properties":{"records":1,"observed_taxa_in_cell":1,"source":"ANTABIF 2025 / Terauds","role":"TERRESTRIAL_RECORD_DENSITY","license":"CC-BY-4.0"}},{"type":"Feature","geometry":{"type":"Point","coordinates":[-125.625,-73.375]},"properties":{"records":1,"observed_taxa_in_cell":1,"source":"ANTABIF 2025 / Terauds","role":"TERRESTRIAL_RECORD_DENSITY","license":"CC-BY-4.0"}},{"type":"Feature","geometry":{"type":"Point","coordinates":[-116.125,-84.875]},"properties":{"records":1,"observed_taxa_in_cell":1,"source":"ANTABIF 2025 / Terauds","role":"TERRESTRIAL_RECORD_DENSITY","license":"CC-BY-4.0"}},{"type":"Feature","geometry":{"type":"Point","coordinates":[-113.875,-84.625]},"properties":{"records":1,"observed_taxa_in_cell":1,"source":"ANTABIF 2025 / Terauds","role":"TERRESTRIAL_RECORD_DENSITY","license":"CC-BY-4.0"}},{"type":"Feature","geometry":{"type":"Point","coordinates":[-111.375,-75.375]},"properties":{"records":5,"observed_taxa_in_cell":5,"source":"ANTABIF 2025 / Terauds","role":"TERRESTRIAL_RECORD_DENSITY","license":"CC-BY-4.0"}},{"type":"Feature","geometry":{"type":"Point","coordinates":[-110.125,-74.375]},"properties":{"records":1,"observed_taxa_in_cell":1,"source":"ANTABIF 2025 / Terauds","role":"TERRESTRIAL_RECORD_DENSITY","license":"CC-BY-4.0"}},{"type":"Feature","geometry":{"type":"Point","coordinates":[-105.125,-74.125]},"properties":{"records":1,"observed_taxa_in_cell":1,"source":"ANTABIF 2025 / Terauds","role":"TERRESTRIAL_RECORD_DENSITY","license":"CC-BY-4.0"}},{"type":"Feature","geometry":{"type":"Point","coordinates":[-103.625,-74.125]},"properties":{"records":2,"observed_taxa_in_cell":2,"source":"ANTABIF 2025 / Terauds","role":"TERRESTRIAL_RECORD_DENSITY","license":"CC-BY-4.0"}},{"type":"Feature","geometry":{"type":"Point","coordinates":[-103.375,-72.625]},"properties":{"records":1,"observed_taxa_in_cell":1,"source":"ANTABIF 2025 / Terauds","role":"TERRESTRIAL_RECORD_DENSITY","license":"CC-BY-4.0"}},{"type":"Feature","geometry":{"type":"Point","coordinates":[-103.125,-73.875]},"properties":{"records":1,"observed_taxa_in_cell":1,"source":"ANTABIF 2025 / Terauds","role":"TERRESTRIAL_RECORD_DENSITY","license":"CC-BY-4.0"}},{"type":"Feature","geometry":{"type":"Point","coordinates":[-103.125,-73.625]},"properties":{"records":1,"observed_taxa_in_cell":1,"source":"ANTABIF 2025 / Terauds","role":"TERRESTRIAL_RECORD_DENSITY","license":"CC-BY-4.0"}},{"type":"Feature","geometry":{"type":"Point","coordinates":[-102.625,-74.375]},"properties":{"records":1,"observed_taxa_in_cell":1,"source":"ANTABIF 2025 / Terauds","role":"TERRESTRIAL_RECORD_DENSITY","license":"CC-BY-4.0"}},{"type":"Feature","geometry":{"type":"Point","coordinates":[-100.875,-72.125]},"properties":{"records":2,"observed_taxa_in_cell":2,"source":"ANTABIF 2025 / Terauds","role":"TERRESTRIAL_RECORD_DENSITY","license":"CC-BY-4.0"}},{"type":"Feature","geometry":{"type":"Point","coordinates":[-99.875,-72.125]},"properties":{"records":1,"observed_taxa_in_cell":1,"source":"ANTABIF 2025 / Terauds","role":"TERRESTRIAL_RECORD_DENSITY","license":"CC-BY-4.0"}},{"type":"Feature","geometry":{"type":"Point","coordinates":[-99.125,-74.375]},"properties":{"records":1,"observed_taxa_in_cell":1,"source":"ANTABIF 2025 / Terauds","role":"TERRESTRIAL_RECORD_DENSITY","license":"CC-BY-4.0"}},{"type":"Feature","geometry":{"type":"Point","coordinates":[-98.875,-72.125]},"properties":{"records":1,"observed_taxa_in_cell":1,"source":"ANTABIF 2025 / Terauds","role":"TERRESTRIAL_RECORD_DENSITY","license":"CC-BY-4.0"}},{"type":"Feature","geometry":{"type":"Point","coordinates":[-98.375,-72.125]},"properties":{"records":1,"observed_taxa_in_cell":1,"source":"ANTABIF 2025 / Terauds","role":"TERRESTRIAL_RECORD_DENSITY","license":"CC-BY-4.0"}},{"type":"Feature","geometry":{"type":"Point","coordinates":[-98.375,-71.875]},"properties":{"records":1,"observed_taxa_in_cell":1,"source":"ANTABIF 2025 / Terauds","role":"TERRESTRIAL_RECORD_DENSITY","license":"CC-BY-4.0"}},{"type":"Feature","geometry":{"type":"Point","coordinates":[-98.125,-72.375]},"properties":{"records":8,"observed_taxa_in_cell":7,"source":"ANTABIF 2025 / Terauds","role":"TERRESTRIAL_RECORD_DENSITY","license":"CC-BY-4.0"}},{"type":"Feature","geometry":{"type":"Point","coordinates":[-97.625,-72.625]},"properties":{"records":11,"observed_taxa_in_cell":11,"source":"ANTABIF 2025 / Terauds","role":"TERRESTRIAL_RECORD_DENSITY","license":"CC-BY-4.0"}},{"type":"Feature","geometry":{"type":"Point","coordinates":[-97.625,-72.375]},"properties":{"records":1,"observed_taxa_in_cell":1,"source":"ANTABIF 2025 / Terauds","role":"TERRESTRIAL_RECORD_DENSITY","license":"CC-BY-4.0"}},{"type":"Feature","geometry":{"type":"Point","coordinates":[-97.625,-71.875]},"properties":{"records":12,"observed_taxa_in_cell":12,"source":"ANTABIF 2025 / Terauds","role":"TERRESTRIAL_RECORD_DENSITY","license":"CC-BY-4.0"}},{"type":"Feature","geometry":{"type":"Point","coordinates":[-97.375,-72.625]},"properties":{"records":3,"observed_taxa_in_cell":3,"source":"ANTABIF 2025 / Terauds","role":"TERRESTRIAL_RECORD_DENSITY","license":"CC-BY-4.0"}},{"type":"Feature","geometry":{"type":"Point","coordinates":[-96.125,-72.375]},"properties":{"records":6,"observed_taxa_in_cell":6,"source":"ANTABIF 2025 / Terauds","role":"TERRESTRIAL_RECORD_DENSITY","license":"CC-BY-4.0"}},{"type":"Feature","geometry":{"type":"Point","coordinates":[-95.875,-72.125]},"properties":{"records":8,"observed_taxa_in_cell":8,"source":"ANTABIF 2025 / Terauds","role":"TERRESTRIAL_RECORD_DENSITY","license":"CC-BY-4.0"}},{"type":"Feature","geometry":{"type":"Point","coordinates":[-95.125,-72.625]},"properties":{"records":7,"observed_taxa_in_cell":7,"source":"ANTABIF 2025 / Terauds","role":"TERRESTRIAL_RECORD_DENSITY","license":"CC-BY-4.0"}},{"type":"Feature","geometry":{"type":"Point","coordinates":[-94.375,-73.625]},"properties":{"records":8,"observed_taxa_in_cell":8,"source":"ANTABIF 2025 / Terauds","role":"TERRESTRIAL_RECORD_DENSITY","license":"CC-BY-4.0"}},{"type":"Feature","geometry":{"type":"Point","coordinates":[-94.125,-73.625]},"properties":{"records":19,"observed_taxa_in_cell":16,"source":"ANTABIF 2025 / Terauds","role":"TERRESTRIAL_RECORD_DENSITY","license":"CC-BY-4.0"}},{"type":"Feature","geometry":{"type":"Point","coordinates":[-92.625,-85.125]},"properties":{"records":1,"observed_taxa_in_cell":1,"source":"ANTABIF 2025 / Terauds","role":"TERRESTRIAL_RECORD_DENSITY","license":"CC-BY-4.0"}},{"type":"Feature","geometry":{"type":"Point","coordinates":[-91.625,-85.125]},"properties":{"records":2,"observed_taxa_in_cell":2,"source":"ANTABIF 2025 / Terauds","role":"TERRESTRIAL_RECORD_DENSITY","license":"CC-BY-4.0"}},{"type":"Feature","geometry":{"type":"Point","coordinates":[-91.375,-85.125]},"properties":{"records":3,"observed_taxa_in_cell":2,"source":"ANTABIF 2025 / Terauds","role":"TERRESTRIAL_RECORD_DENSITY","license":"CC-BY-4.0"}},{"type":"Feature","geometry":{"type":"Point","coordinates":[-90.625,-85.125]},"properties":{"records":1,"observed_taxa_in_cell":1,"source":"ANTABIF 2025 / Terauds","role":"TERRESTRIAL_RECORD_DENSITY","license":"CC-BY-4.0"}},{"type":"Feature","geometry":{"type":"Point","coordinates":[-90.625,-68.875]},"properties":{"records":1,"observed_taxa_in_cell":1,"source":"ANTABIF 2025 / Terauds","role":"TERRESTRIAL_RECORD_DENSITY","license":"CC-BY-4.0"}},{"type":"Feature","geometry":{"type":"Point","coordinates":[-90.375,-85.125]},"properties":{"records":1,"observed_taxa_in_cell":1,"source":"ANTABIF 2025 / Terauds","role":"TERRESTRIAL_RECORD_DENSITY","license":"CC-BY-4.0"}},{"type":"Feature","geometry":{"type":"Point","coordinates":[-90.375,-68.875]},"properties":{"records":3,"observed_taxa_in_cell":1,"source":"ANTABIF 2025 / Terauds","role":"TERRESTRIAL_RECORD_DENSITY","license":"CC-BY-4.0"}},{"type":"Feature","geometry":{"type":"Point","coordinates":[-85.375,-79.375]},"properties":{"records":2,"observed_taxa_in_cell":2,"source":"ANTABIF 2025 / Terauds","role":"TERRESTRIAL_RECORD_DENSITY","license":"CC-BY-4.0"}},{"type":"Feature","geometry":{"type":"Point","coordinates":[-85.375,-78.125]},"properties":{"records":1,"observed_taxa_in_cell":1,"source":"ANTABIF 2025 / Terauds","role":"TERRESTRIAL_RECORD_DENSITY","license":"CC-BY-4.0"}},{"type":"Feature","geometry":{"type":"Point","coordinates":[-78.875,-72.375]},"properties":{"records":1,"observed_taxa_in_cell":1,"source":"ANTABIF 2025 / Terauds","role":"TERRESTRIAL_RECORD_DENSITY","license":"CC-BY-4.0"}},{"type":"Feature","geometry":{"type":"Point","coordinates":[-78.625,-73.375]},"properties":{"records":1,"observed_taxa_in_cell":1,"source":"ANTABIF 2025 / Terauds","role":"TERRESTRIAL_RECORD_DENSITY","license":"CC-BY-4.0"}},{"type":"Feature","geometry":{"type":"Point","coordinates":[-78.375,-77.125]},"properties":{"records":4,"observed_taxa_in_cell":4,"source":"ANTABIF 2025 / Terauds","role":"TERRESTRIAL_RECORD_DENSITY","license":"CC-BY-4.0"}},{"type":"Feature","geometry":{"type":"Point","coordinates":[-75.875,-74.875]},"properties":{"records":1,"observed_taxa_in_cell":1,"source":"ANTABIF 2025 / Terauds","role":"TERRESTRIAL_RECORD_DENSITY","license":"CC-BY-4.0"}},{"type":"Feature","geometry":{"type":"Point","coordinates":[-75.375,-69.875]},"properties":{"records":15,"observed_taxa_in_cell":13,"source":"ANTABIF 2025 / Terauds","role":"TERRESTRIAL_RECORD_DENSITY","license":"CC-BY-4.0"}},{"type":"Feature","geometry":{"type":"Point","coordinates":[-75.375,-69.625]},"properties":{"records":140,"observed_taxa_in_cell":87,"source":"ANTABIF 2025 / Terauds","role":"TERRESTRIAL_RECORD_DENSITY","license":"CC-BY-4.0"}},{"type":"Feature","geometry":{"type":"Point","coordinates":[-74.125,-71.625]},"properties":{"records":1,"observed_taxa_in_cell":1,"source":"ANTABIF 2025 / Terauds","role":"TERRESTRIAL_RECORD_DENSITY","license":"CC-BY-4.0"}},{"type":"Feature","geometry":{"type":"Point","coordinates":[-73.875,-74.875]},"properties":{"records":3,"observed_taxa_in_cell":3,"source":"ANTABIF 2025 / Terauds","role":"TERRESTRIAL_RECORD_DENSITY","license":"CC-BY-4.0"}},{"type":"Feature","geometry":{"type":"Point","coordinates":[-72.625,-75.375]},"properties":{"records":25,"observed_taxa_in_cell":15,"source":"ANTABIF 2025 / Terauds","role":"TERRESTRIAL_RECORD_DENSITY","license":"CC-BY-4.0"}},{"type":"Feature","geometry":{"type":"Point","coordinates":[-72.625,-75.125]},"properties":{"records":14,"observed_taxa_in_cell":14,"source":"ANTABIF 2025 / Terauds","role":"TERRESTRIAL_RECORD_DENSITY","license":"CC-BY-4.0"}},{"type":"Feature","geometry":{"type":"Point","coordinates":[-72.375,-69.625]},"properties":{"records":2,"observed_taxa_in_cell":2,"source":"ANTABIF 2025 / Terauds","role":"TERRESTRIAL_RECORD_DENSITY","license":"CC-BY-4.0"}},{"type":"Feature","geometry":{"type":"Point","coordinates":[-72.125,-75.125]},"properties":{"records":5,"observed_taxa_in_cell":5,"source":"ANTABIF 2025 / Terauds","role":"TERRESTRIAL_RECORD_DENSITY","license":"CC-BY-4.0"}},{"type":"Feature","geometry":{"type":"Point","coordinates":[-71.875,-75.125]},"properties":{"records":1,"observed_taxa_in_cell":1,"source":"ANTABIF 2025 / Terauds","role":"TERRESTRIAL_RECORD_DENSITY","license":"CC-BY-4.0"}},{"type":"Feature","geometry":{"type":"Point","coordinates":[-71.875,-73.125]},"properties":{"records":2,"observed_taxa_in_cell":2,"source":"ANTABIF 2025 / Terauds","role":"TERRESTRIAL_RECORD_DENSITY","license":"CC-BY-4.0"}},{"type":"Feature","geometry":{"type":"Point","coordinates":[-71.625,-75.875]},"properties":{"records":12,"observed_taxa_in_cell":12,"source":"ANTABIF 2025 / Terauds","role":"TERRESTRIAL_RECORD_DENSITY","license":"CC-BY-4.0"}},{"type":"Feature","geometry":{"type":"Point","coordinates":[-71.625,-75.625]},"properties":{"records":1,"observed_taxa_in_cell":1,"source":"ANTABIF 2025 / Terauds","role":"TERRESTRIAL_RECORD_DENSITY","license":"CC-BY-4.0"}},{"type":"Feature","geometry":{"type":"Point","coordinates":[-71.625,-75.125]},"properties":{"records":3,"observed_taxa_in_cell":3,"source":"ANTABIF 2025 / Terauds","role":"TERRESTRIAL_RECORD_DENSITY","license":"CC-BY-4.0"}},{"type":"Feature","geometry":{"type":"Point","coordinates":[-71.625,-74.875]},"properties":{"records":8,"observed_taxa_in_cell":8,"source":"ANTABIF 2025 / Terauds","role":"TERRESTRIAL_RECORD_DENSITY","license":"CC-BY-4.0"}},{"type":"Feature","geometry":{"type":"Point","coordinates":[-71.625,-69.625]},"properties":{"records":9,"observed_taxa_in_cell":8,"source":"ANTABIF 2025 / Terauds","role":"TERRESTRIAL_RECORD_DENSITY","license":"CC-BY-4.0"}},{"type":"Feature","geometry":{"type":"Point","coordinates":[-71.375,-75.125]},"properties":{"records":3,"observed_taxa_in_cell":3,"source":"ANTABIF 2025 / Terauds","role":"TERRESTRIAL_RECORD_DENSITY","license":"CC-BY-4.0"}},{"type":"Feature","geometry":{"type":"Point","coordinates":[-71.375,-74.875]},"properties":{"records":1,"observed_taxa_in_cell":1,"source":"ANTABIF 2025 / Terauds","role":"TERRESTRIAL_RECORD_DENSITY","license":"CC-BY-4.0"}},{"type":"Feature","geometry":{"type":"Point","coordinates":[-71.375,-70.125]},"properties":{"records":1,"observed_taxa_in_cell":1,"source":"ANTABIF 2025 / Terauds","role":"TERRESTRIAL_RECORD_DENSITY","license":"CC-BY-4.0"}},{"type":"Feature","geometry":{"type":"Point","coordinates":[-71.375,-69.875]},"properties":{"records":3,"observed_taxa_in_cell":3,"source":"ANTABIF 2025 / Terauds","role":"TERRESTRIAL_RECORD_DENSITY","license":"CC-BY-4.0"}},{"type":"Feature","geometry":{"type":"Point","coordinates":[-71.375,-69.625]},"properties":{"records":2,"observed_taxa_in_cell":2,"source":"ANTABIF 2025 / Terauds","role":"TERRESTRIAL_RECORD_DENSITY","license":"CC-BY-4.0"}},{"type":"Feature","geometry":{"type":"Point","coordinates":[-71.125,-75.125]},"properties":{"records":9,"observed_taxa_in_cell":9,"source":"ANTABIF 2025 / Terauds","role":"TERRESTRIAL_RECORD_DENSITY","license":"CC-BY-4.0"}},{"type":"Feature","geometry":{"type":"Point","coordinates":[-71.125,-69.875]},"properties":{"records":8,"observed_taxa_in_cell":6,"source":"ANTABIF 2025 / Terauds","role":"TERRESTRIAL_RECORD_DENSITY","license":"CC-BY-4.0"}},{"type":"Feature","geometry":{"type":"Point","coordinates":[-70.875,-69.125]},"properties":{"records":2,"observed_taxa_in_cell":2,"source":"ANTABIF 2025 / Terauds","role":"TERRESTRIAL_RECORD_DENSITY","license":"CC-BY-4.0"}},{"type":"Feature","geometry":{"type":"Point","coordinates":[-70.375,-75.875]},"properties":{"records":10,"observed_taxa_in_cell":10,"source":"ANTABIF 2025 / Terauds","role":"TERRESTRIAL_RECORD_DENSITY","license":"CC-BY-4.0"}},{"type":"Feature","geometry":{"type":"Point","coordinates":[-70.375,-71.125]},"properties":{"records":1,"observed_taxa_in_cell":1,"source":"ANTABIF 2025 / Terauds","role":"TERRESTRIAL_RECORD_DENSITY","license":"CC-BY-4.0"}},{"type":"Feature","geometry":{"type":"Point","coordinates":[-70.375,-70.625]},"properties":{"records":1,"observed_taxa_in_cell":1,"source":"ANTABIF 2025 / Terauds","role":"TERRESTRIAL_RECORD_DENSITY","license":"CC-BY-4.0"}},{"type":"Feature","geometry":{"type":"Point","coordinates":[-70.125,-71.125]},"properties":{"records":8,"observed_taxa_in_cell":7,"source":"ANTABIF 2025 / Terauds","role":"TERRESTRIAL_RECORD_DENSITY","license":"CC-BY-4.0"}},{"type":"Feature","geometry":{"type":"Point","coordinates":[-69.875,-75.875]},"properties":{"records":3,"observed_taxa_in_cell":3,"source":"ANTABIF 2025 / Terauds","role":"TERRESTRIAL_RECORD_DENSITY","license":"CC-BY-4.0"}},{"type":"Feature","geometry":{"type":"Point","coordinates":[-69.875,-72.125]},"properties":{"records":2,"observed_taxa_in_cell":2,"source":"ANTABIF 2025 / Terauds","role":"TERRESTRIAL_RECORD_DENSITY","license":"CC-BY-4.0"}},{"type":"Feature","geometry":{"type":"Point","coordinates":[-69.875,-70.875]},"properties":{"records":1,"observed_taxa_in_cell":1,"source":"ANTABIF 2025 / Terauds","role":"TERRESTRIAL_RECORD_DENSITY","license":"CC-BY-4.0"}},{"type":"Feature","geometry":{"type":"Point","coordinates":[-69.875,-69.375]},"properties":{"records":6,"observed_taxa_in_cell":6,"source":"ANTABIF 2025 / Terauds","role":"TERRESTRIAL_RECORD_DENSITY","license":"CC-BY-4.0"}},{"type":"Feature","geometry":{"type":"Point","coordinates":[-69.625,-76.125]},"properties":{"records":5,"observed_taxa_in_cell":4,"source":"ANTABIF 2025 / Terauds","role":"TERRESTRIAL_RECORD_DENSITY","license":"CC-BY-4.0"}},{"type":"Feature","geometry":{"type":"Point","coordinates":[-69.625,-75.875]},"properties":{"records":2,"observed_taxa_in_cell":2,"source":"ANTABIF 2025 / Terauds","role":"TERRESTRIAL_RECORD_DENSITY","license":"CC-BY-4.0"}},{"type":"Feature","geometry":{"type":"Point","coordinates":[-69.625,-75.125]},"properties":{"records":5,"observed_taxa_in_cell":5,"source":"ANTABIF 2025 / Terauds","role":"TERRESTRIAL_RECORD_DENSITY","license":"CC-BY-4.0"}},{"type":"Feature","geometry":{"type":"Point","coordinates":[-69.625,-71.875]},"properties":{"records":5,"observed_taxa_in_cell":5,"source":"ANTABIF 2025 / Terauds","role":"TERRESTRIAL_RECORD_DENSITY","license":"CC-BY-4.0"}},{"type":"Feature","geometry":{"type":"Point","coordinates":[-69.625,-70.875]},"properties":{"records":12,"observed_taxa_in_cell":10,"source":"ANTABIF 2025 / Terauds","role":"TERRESTRIAL_RECORD_DENSITY","license":"CC-BY-4.0"}},{"type":"Feature","geometry":{"type":"Point","coordinates":[-69.625,-70.625]},"properties":{"records":6,"observed_taxa_in_cell":6,"source":"ANTABIF 2025 / Terauds","role":"TERRESTRIAL_RECORD_DENSITY","license":"CC-BY-4.0"}},{"type":"Feature","geometry":{"type":"Point","coordinates":[-69.375,-75.875]},"properties":{"records":8,"observed_taxa_in_cell":7,"source":"ANTABIF 2025 / Terauds","role":"TERRESTRIAL_RECORD_DENSITY","license":"CC-BY-4.0"}},{"type":"Feature","geometry":{"type":"Point","coordinates":[-69.375,-75.125]},"properties":{"records":1,"observed_taxa_in_cell":1,"source":"ANTABIF 2025 / Terauds","role":"TERRESTRIAL_RECORD_DENSITY","license":"CC-BY-4.0"}},{"type":"Feature","geometry":{"type":"Point","coordinates":[-69.375,-70.625]},"properties":{"records":2,"observed_taxa_in_cell":2,"source":"ANTABIF 2025 / Terauds","role":"TERRESTRIAL_RECORD_DENSITY","license":"CC-BY-4.0"}},{"type":"Feature","geometry":{"type":"Point","coordinates":[-69.375,-70.125]},"properties":{"records":14,"observed_taxa_in_cell":14,"source":"ANTABIF 2025 / Terauds","role":"TERRESTRIAL_RECORD_DENSITY","license":"CC-BY-4.0"}},{"type":"Feature","geometry":{"type":"Point","coordinates":[-69.125,-75.875]},"properties":{"records":14,"observed_taxa_in_cell":12,"source":"ANTABIF 2025 / Terauds","role":"TERRESTRIAL_RECORD_DENSITY","license":"CC-BY-4.0"}},{"type":"Feature","geometry":{"type":"Point","coordinates":[-69.125,-72.125]},"properties":{"records":1,"observed_taxa_in_cell":1,"source":"ANTABIF 2025 / Terauds","role":"TERRESTRIAL_RECORD_DENSITY","license":"CC-BY-4.0"}},{"type":"Feature","geometry":{"type":"Point","coordinates":[-69.125,-67.625]},"properties":{"records":23,"observed_taxa_in_cell":16,"source":"ANTABIF 2025 / Terauds","role":"TERRESTRIAL_RECORD_DENSITY","license":"CC-BY-4.0"}},{"type":"Feature","geometry":{"type":"Point","coordinates":[-68.875,-75.125]},"properties":{"records":4,"observed_taxa_in_cell":4,"source":"ANTABIF 2025 / Terauds","role":"TERRESTRIAL_RECORD_DENSITY","license":"CC-BY-4.0"}},{"type":"Feature","geometry":{"type":"Point","coordinates":[-68.875,-71.625]},"properties":{"records":5,"observed_taxa_in_cell":5,"source":"ANTABIF 2025 / Terauds","role":"TERRESTRIAL_RECORD_DENSITY","license":"CC-BY-4.0"}},{"type":"Feature","geometry":{"type":"Point","coordinates":[-68.875,-68.125]},"properties":{"records":16,"observed_taxa_in_cell":16,"source":"ANTABIF 2025 / Terauds","role":"TERRESTRIAL_RECORD_DENSITY","license":"CC-BY-4.0"}},{"type":"Feature","geometry":{"type":"Point","coordinates":[-68.875,-67.875]},"properties":{"records":389,"observed_taxa_in_cell":67,"source":"ANTABIF 2025 / Terauds","role":"TERRESTRIAL_RECORD_DENSITY","license":"CC-BY-4.0"}},{"type":"Feature","geometry":{"type":"Point","coordinates":[-68.625,-75.125]},"properties":{"records":3,"observed_taxa_in_cell":3,"source":"ANTABIF 2025 / Terauds","role":"TERRESTRIAL_RECORD_DENSITY","license":"CC-BY-4.0"}},{"type":"Feature","geometry":{"type":"Point","coordinates":[-68.625,-72.125]},"properties":{"records":23,"observed_taxa_in_cell":21,"source":"ANTABIF 2025 / Terauds","role":"TERRESTRIAL_RECORD_DENSITY","license":"CC-BY-4.0"}},{"type":"Feature","geometry":{"type":"Point","coordinates":[-68.625,-71.875]},"properties":{"records":6,"observed_taxa_in_cell":6,"source":"ANTABIF 2025 / Terauds","role":"TERRESTRIAL_RECORD_DENSITY","license":"CC-BY-4.0"}},{"type":"Feature","geometry":{"type":"Point","coordinates":[-68.625,-71.625]},"properties":{"records":9,"observed_taxa_in_cell":9,"source":"ANTABIF 2025 / Terauds","role":"TERRESTRIAL_RECORD_DENSITY","license":"CC-BY-4.0"}},{"type":"Feature","geometry":{"type":"Point","coordinates":[-68.625,-71.375]},"properties":{"records":6,"observed_taxa_in_cell":6,"source":"ANTABIF 2025 / Terauds","role":"TERRESTRIAL_RECORD_DENSITY","license":"CC-BY-4.0"}},{"type":"Feature","geometry":{"type":"Point","coordinates":[-68.625,-70.875]},"properties":{"records":19,"observed_taxa_in_cell":16,"source":"ANTABIF 2025 / Terauds","role":"TERRESTRIAL_RECORD_DENSITY","license":"CC-BY-4.0"}},{"type":"Feature","geometry":{"type":"Point","coordinates":[-68.625,-70.625]},"properties":{"records":2,"observed_taxa_in_cell":2,"source":"ANTABIF 2025 / Terauds","role":"TERRESTRIAL_RECORD_DENSITY","license":"CC-BY-4.0"}},{"type":"Feature","geometry":{"type":"Point","coordinates":[-68.625,-69.625]},"properties":{"records":6,"observed_taxa_in_cell":5,"source":"ANTABIF 2025 / Terauds","role":"TERRESTRIAL_RECORD_DENSITY","license":"CC-BY-4.0"}},{"type":"Feature","geometry":{"type":"Point","coordinates":[-68.625,-69.375]},"properties":{"records":4,"observed_taxa_in_cell":4,"source":"ANTABIF 2025 / Terauds","role":"TERRESTRIAL_RECORD_DENSITY","license":"CC-BY-4.0"}},{"type":"Feature","geometry":{"type":"Point","coordinates":[-68.625,-67.875]},"properties":{"records":137,"observed_taxa_in_cell":67,"source":"ANTABIF 2025 / Terauds","role":"TERRESTRIAL_RECORD_DENSITY","license":"CC-BY-4.0"}},{"type":"Feature","geometry":{"type":"Point","coordinates":[-68.625,-67.625]},"properties":{"records":78,"observed_taxa_in_cell":70,"source":"ANTABIF 2025 / Terauds","role":"TERRESTRIAL_RECORD_DENSITY","license":"CC-BY-4.0"}},{"type":"Feature","geometry":{"type":"Point","coordinates":[-68.375,-75.125]},"properties":{"records":5,"observed_taxa_in_cell":4,"source":"ANTABIF 2025 / Terauds","role":"TERRESTRIAL_RECORD_DENSITY","license":"CC-BY-4.0"}},{"type":"Feature","geometry":{"type":"Point","coordinates":[-68.375,-71.875]},"properties":{"records":174,"observed_taxa_in_cell":86,"source":"ANTABIF 2025 / Terauds","role":"TERRESTRIAL_RECORD_DENSITY","license":"CC-BY-4.0"}},{"type":"Feature","geometry":{"type":"Point","coordinates":[-68.375,-71.625]},"properties":{"records":5,"observed_taxa_in_cell":5,"source":"ANTABIF 2025 / Terauds","role":"TERRESTRIAL_RECORD_DENSITY","license":"CC-BY-4.0"}},{"type":"Feature","geometry":{"type":"Point","coordinates":[-68.375,-71.375]},"properties":{"records":57,"observed_taxa_in_cell":49,"source":"ANTABIF 2025 / Terauds","role":"TERRESTRIAL_RECORD_DENSITY","license":"CC-BY-4.0"}},{"type":"Feature","geometry":{"type":"Point","coordinates":[-68.375,-71.125]},"properties":{"records":11,"observed_taxa_in_cell":9,"source":"ANTABIF 2025 / Terauds","role":"TERRESTRIAL_RECORD_DENSITY","license":"CC-BY-4.0"}},{"type":"Feature","geometry":{"type":"Point","coordinates":[-68.375,-70.875]},"properties":{"records":337,"observed_taxa_in_cell":160,"source":"ANTABIF 2025 / Terauds","role":"TERRESTRIAL_RECORD_DENSITY","license":"CC-BY-4.0"}},{"type":"Feature","geometry":{"type":"Point","coordinates":[-68.375,-69.625]},"properties":{"records":5,"observed_taxa_in_cell":5,"source":"ANTABIF 2025 / Terauds","role":"TERRESTRIAL_RECORD_DENSITY","license":"CC-BY-4.0"}},{"type":"Feature","geometry":{"type":"Point","coordinates":[-68.375,-67.875]},"properties":{"records":17,"observed_taxa_in_cell":13,"source":"ANTABIF 2025 / Terauds","role":"TERRESTRIAL_RECORD_DENSITY","license":"CC-BY-4.0"}},{"type":"Feature","geometry":{"type":"Point","coordinates":[-68.375,-67.625]},"properties":{"records":304,"observed_taxa_in_cell":178,"source":"ANTABIF 2025 / Terauds","role":"TERRESTRIAL_RECORD_DENSITY","license":"CC-BY-4.0"}},{"type":"Feature","geometry":{"type":"Point","coordinates":[-68.375,-67.375]},"properties":{"records":41,"observed_taxa_in_cell":38,"source":"ANTABIF 2025 / Terauds","role":"TERRESTRIAL_RECORD_DENSITY","license":"CC-BY-4.0"}},{"type":"Feature","geometry":{"type":"Point","coordinates":[-68.125,-71.875]},"properties":{"records":19,"observed_taxa_in_cell":15,"source":"ANTABIF 2025 / Terauds","role":"TERRESTRIAL_RECORD_DENSITY","license":"CC-BY-4.0"}},{"type":"Feature","geometry":{"type":"Point","coordinates":[-68.125,-71.625]},"properties":{"records":1,"observed_taxa_in_cell":1,"source":"ANTABIF 2025 / Terauds","role":"TERRESTRIAL_RECORD_DENSITY","license":"CC-BY-4.0"}},{"type":"Feature","geometry":{"type":"Point","coordinates":[-68.125,-67.625]},"properties":{"records":300,"observed_taxa_in_cell":157,"source":"ANTABIF 2025 / Terauds","role":"TERRESTRIAL_RECORD_DENSITY","license":"CC-BY-4.0"}},{"type":"Feature","geometry":{"type":"Point","coordinates":[-68.125,-67.375]},"properties":{"records":12,"observed_taxa_in_cell":12,"source":"ANTABIF 2025 / Terauds","role":"TERRESTRIAL_RECORD_DENSITY","license":"CC-BY-4.0"}},{"type":"Feature","geometry":{"type":"Point","coordinates":[-68.125,-67.125]},"properties":{"records":12,"observed_taxa_in_cell":12,"source":"ANTABIF 2025 / Terauds","role":"TERRESTRIAL_RECORD_DENSITY","license":"CC-BY-4.0"}},{"type":"Feature","geometry":{"type":"Point","coordinates":[-67.875,-67.625]},"properties":{"records":11,"observed_taxa_in_cell":10,"source":"ANTABIF 2025 / Terauds","role":"TERRESTRIAL_RECORD_DENSITY","license":"CC-BY-4.0"}},{"type":"Feature","geometry":{"type":"Point","coordinates":[-67.875,-67.375]},"properties":{"records":6,"observed_taxa_in_cell":6,"source":"ANTABIF 2025 / Terauds","role":"TERRESTRIAL_RECORD_DENSITY","license":"CC-BY-4.0"}},{"type":"Feature","geometry":{"type":"Point","coordinates":[-67.625,-71.375]},"properties":{"records":1,"observed_taxa_in_cell":1,"source":"ANTABIF 2025 / Terauds","role":"TERRESTRIAL_RECORD_DENSITY","license":"CC-BY-4.0"}},{"type":"Feature","geometry":{"type":"Point","coordinates":[-67.625,-68.625]},"properties":{"records":38,"observed_taxa_in_cell":24,"source":"ANTABIF 2025 / Terauds","role":"TERRESTRIAL_RECORD_DENSITY","license":"CC-BY-4.0"}},{"type":"Feature","geometry":{"type":"Point","coordinates":[-67.625,-67.625]},"properties":{"records":73,"observed_taxa_in_cell":40,"source":"ANTABIF 2025 / Terauds","role":"TERRESTRIAL_RECORD_DENSITY","license":"CC-BY-4.0"}},{"type":"Feature","geometry":{"type":"Point","coordinates":[-67.625,-66.875]},"properties":{"records":15,"observed_taxa_in_cell":15,"source":"ANTABIF 2025 / Terauds","role":"TERRESTRIAL_RECORD_DENSITY","license":"CC-BY-4.0"}},{"type":"Feature","geometry":{"type":"Point","coordinates":[-67.375,-71.625]},"properties":{"records":4,"observed_taxa_in_cell":4,"source":"ANTABIF 2025 / Terauds","role":"TERRESTRIAL_RECORD_DENSITY","license":"CC-BY-4.0"}},{"type":"Feature","geometry":{"type":"Point","coordinates":[-67.375,-68.875]},"properties":{"records":51,"observed_taxa_in_cell":51,"source":"ANTABIF 2025 / Terauds","role":"TERRESTRIAL_RECORD_DENSITY","license":"CC-BY-4.0"}},{"type":"Feature","geometry":{"type":"Point","coordinates":[-67.375,-68.125]},"properties":{"records":4,"observed_taxa_in_cell":4,"source":"ANTABIF 2025 / Terauds","role":"TERRESTRIAL_RECORD_DENSITY","license":"CC-BY-4.0"}},{"type":"Feature","geometry":{"type":"Point","coordinates":[-67.375,-67.875]},"properties":{"records":138,"observed_taxa_in_cell":87,"source":"ANTABIF 2025 / Terauds","role":"TERRESTRIAL_RECORD_DENSITY","license":"CC-BY-4.0"}},{"type":"Feature","geometry":{"type":"Point","coordinates":[-67.375,-67.625]},"properties":{"records":40,"observed_taxa_in_cell":35,"source":"ANTABIF 2025 / Terauds","role":"TERRESTRIAL_RECORD_DENSITY","license":"CC-BY-4.0"}},{"type":"Feature","geometry":{"type":"Point","coordinates":[-67.375,-67.375]},"properties":{"records":1,"observed_taxa_in_cell":1,"source":"ANTABIF 2025 / Terauds","role":"TERRESTRIAL_RECORD_DENSITY","license":"CC-BY-4.0"}},{"type":"Feature","geometry":{"type":"Point","coordinates":[-67.375,-67.125]},"properties":{"records":1,"observed_taxa_in_cell":1,"source":"ANTABIF 2025 / Terauds","role":"TERRESTRIAL_RECORD_DENSITY","license":"CC-BY-4.0"}},{"type":"Feature","geometry":{"type":"Point","coordinates":[-67.125,-71.625]},"properties":{"records":2,"observed_taxa_in_cell":2,"source":"ANTABIF 2025 / Terauds","role":"TERRESTRIAL_RECORD_DENSITY","license":"CC-BY-4.0"}},{"type":"Feature","geometry":{"type":"Point","coordinates":[-67.125,-71.375]},"properties":{"records":3,"observed_taxa_in_cell":2,"source":"ANTABIF 2025 / Terauds","role":"TERRESTRIAL_RECORD_DENSITY","license":"CC-BY-4.0"}},{"type":"Feature","geometry":{"type":"Point","coordinates":[-67.125,-70.375]},"properties":{"records":1,"observed_taxa_in_cell":1,"source":"ANTABIF 2025 / Terauds","role":"TERRESTRIAL_RECORD_DENSITY","license":"CC-BY-4.0"}},{"type":"Feature","geometry":{"type":"Point","coordinates":[-67.125,-68.375]},"properties":{"records":104,"observed_taxa_in_cell":70,"source":"ANTABIF 2025 / Terauds","role":"TERRESTRIAL_RECORD_DENSITY","license":"CC-BY-4.0"}},{"type":"Feature","geometry":{"type":"Point","coordinates":[-67.125,-68.125]},"properties":{"records":101,"observed_taxa_in_cell":64,"source":"ANTABIF 2025 / Terauds","role":"TERRESTRIAL_RECORD_DENSITY","license":"CC-BY-4.0"}},{"type":"Feature","geometry":{"type":"Point","coordinates":[-67.125,-67.875]},"properties":{"records":115,"observed_taxa_in_cell":84,"source":"ANTABIF 2025 / Terauds","role":"TERRESTRIAL_RECORD_DENSITY","license":"CC-BY-4.0"}},{"type":"Feature","geometry":{"type":"Point","coordinates":[-67.125,-67.625]},"properties":{"records":82,"observed_taxa_in_cell":63,"source":"ANTABIF 2025 / Terauds","role":"TERRESTRIAL_RECORD_DENSITY","license":"CC-BY-4.0"}},{"type":"Feature","geometry":{"type":"Point","coordinates":[-67.125,-66.875]},"properties":{"records":2,"observed_taxa_in_cell":2,"source":"ANTABIF 2025 / Terauds","role":"TERRESTRIAL_RECORD_DENSITY","license":"CC-BY-4.0"}},{"type":"Feature","geometry":{"type":"Point","coordinates":[-67.125,-66.375]},"properties":{"records":11,"observed_taxa_in_cell":6,"source":"ANTABIF 2025 / Terauds","role":"TERRESTRIAL_RECORD_DENSITY","license":"CC-BY-4.0"}},{"type":"Feature","geometry":{"type":"Point","coordinates":[-66.875,-72.375]},"properties":{"records":2,"observed_taxa_in_cell":2,"source":"ANTABIF 2025 / Terauds","role":"TERRESTRIAL_RECORD_DENSITY","license":"CC-BY-4.0"}},{"type":"Feature","geometry":{"type":"Point","coordinates":[-66.875,-71.625]},"properties":{"records":1,"observed_taxa_in_cell":1,"source":"ANTABIF 2025 / Terauds","role":"TERRESTRIAL_RECORD_DENSITY","license":"CC-BY-4.0"}},{"type":"Feature","geometry":{"type":"Point","coordinates":[-66.875,-71.375]},"properties":{"records":6,"observed_taxa_in_cell":6,"source":"ANTABIF 2025 / Terauds","role":"TERRESTRIAL_RECORD_DENSITY","license":"CC-BY-4.0"}},{"type":"Feature","geometry":{"type":"Point","coordinates":[-66.875,-68.375]},"properties":{"records":3,"observed_taxa_in_cell":3,"source":"ANTABIF 2025 / Terauds","role":"TERRESTRIAL_RECORD_DENSITY","license":"CC-BY-4.0"}},{"type":"Feature","geometry":{"type":"Point","coordinates":[-66.875,-68.125]},"properties":{"records":39,"observed_taxa_in_cell":28,"source":"ANTABIF 2025 / Terauds","role":"TERRESTRIAL_RECORD_DENSITY","license":"CC-BY-4.0"}},{"type":"Feature","geometry":{"type":"Point","coordinates":[-66.875,-67.875]},"properties":{"records":3,"observed_taxa_in_cell":3,"source":"ANTABIF 2025 / Terauds","role":"TERRESTRIAL_RECORD_DENSITY","license":"CC-BY-4.0"}},{"type":"Feature","geometry":{"type":"Point","coordinates":[-66.875,-67.625]},"properties":{"records":33,"observed_taxa_in_cell":33,"source":"ANTABIF 2025 / Terauds","role":"TERRESTRIAL_RECORD_DENSITY","license":"CC-BY-4.0"}},{"type":"Feature","geometry":{"type":"Point","coordinates":[-66.875,-66.875]},"properties":{"records":65,"observed_taxa_in_cell":10,"source":"ANTABIF 2025 / Terauds","role":"TERRESTRIAL_RECORD_DENSITY","license":"CC-BY-4.0"}},{"type":"Feature","geometry":{"type":"Point","coordinates":[-66.875,-66.625]},"properties":{"records":1,"observed_taxa_in_cell":1,"source":"ANTABIF 2025 / Terauds","role":"TERRESTRIAL_RECORD_DENSITY","license":"CC-BY-4.0"}},{"type":"Feature","geometry":{"type":"Point","coordinates":[-66.875,-66.375]},"properties":{"records":1,"observed_taxa_in_cell":1,"source":"ANTABIF 2025 / Terauds","role":"TERRESTRIAL_RECORD_DENSITY","license":"CC-BY-4.0"}},{"type":"Feature","geometry":{"type":"Point","coordinates":[-66.875,-66.125]},"properties":{"records":3,"observed_taxa_in_cell":2,"source":"ANTABIF 2025 / Terauds","role":"TERRESTRIAL_RECORD_DENSITY","license":"CC-BY-4.0"}},{"type":"Feature","geometry":{"type":"Point","coordinates":[-66.625,-71.375]},"properties":{"records":1,"observed_taxa_in_cell":1,"source":"ANTABIF 2025 / Terauds","role":"TERRESTRIAL_RECORD_DENSITY","license":"CC-BY-4.0"}},{"type":"Feature","geometry":{"type":"Point","coordinates":[-66.625,-67.875]},"properties":{"records":2,"observed_taxa_in_cell":1,"source":"ANTABIF 2025 / Terauds","role":"TERRESTRIAL_RECORD_DENSITY","license":"CC-BY-4.0"}},{"type":"Feature","geometry":{"type":"Point","coordinates":[-66.625,-67.625]},"properties":{"records":1,"observed_taxa_in_cell":1,"source":"ANTABIF 2025 / Terauds","role":"TERRESTRIAL_RECORD_DENSITY","license":"CC-BY-4.0"}},{"type":"Feature","geometry":{"type":"Point","coordinates":[-66.625,-67.125]},"properties":{"records":4,"observed_taxa_in_cell":4,"source":"ANTABIF 2025 / Terauds","role":"TERRESTRIAL_RECORD_DENSITY","license":"CC-BY-4.0"}},{"type":"Feature","geometry":{"type":"Point","coordinates":[-66.625,-66.875]},"properties":{"records":40,"observed_taxa_in_cell":10,"source":"ANTABIF 2025 / Terauds","role":"TERRESTRIAL_RECORD_DENSITY","license":"CC-BY-4.0"}},{"type":"Feature","geometry":{"type":"Point","coordinates":[-66.375,-75.625]},"properties":{"records":7,"observed_taxa_in_cell":7,"source":"ANTABIF 2025 / Terauds","role":"TERRESTRIAL_RECORD_DENSITY","license":"CC-BY-4.0"}},{"type":"Feature","geometry":{"type":"Point","coordinates":[-66.375,-70.375]},"properties":{"records":2,"observed_taxa_in_cell":2,"source":"ANTABIF 2025 / Terauds","role":"TERRESTRIAL_RECORD_DENSITY","license":"CC-BY-4.0"}},{"type":"Feature","geometry":{"type":"Point","coordinates":[-66.375,-66.875]},"properties":{"records":35,"observed_taxa_in_cell":32,"source":"ANTABIF 2025 / Terauds","role":"TERRESTRIAL_RECORD_DENSITY","license":"CC-BY-4.0"}},{"type":"Feature","geometry":{"type":"Point","coordinates":[-66.125,-71.375]},"properties":{"records":2,"observed_taxa_in_cell":2,"source":"ANTABIF 2025 / Terauds","role":"TERRESTRIAL_RECORD_DENSITY","license":"CC-BY-4.0"}},{"type":"Feature","geometry":{"type":"Point","coordinates":[-66.125,-70.875]},"properties":{"records":1,"observed_taxa_in_cell":1,"source":"ANTABIF 2025 / Terauds","role":"TERRESTRIAL_RECORD_DENSITY","license":"CC-BY-4.0"}},{"type":"Feature","geometry":{"type":"Point","coordinates":[-66.125,-65.875]},"properties":{"records":23,"observed_taxa_in_cell":11,"source":"ANTABIF 2025 / Terauds","role":"TERRESTRIAL_RECORD_DENSITY","license":"CC-BY-4.0"}},{"type":"Feature","geometry":{"type":"Point","coordinates":[-65.875,-66.375]},"properties":{"records":5,"observed_taxa_in_cell":3,"source":"ANTABIF 2025 / Terauds","role":"TERRESTRIAL_RECORD_DENSITY","license":"CC-BY-4.0"}},{"type":"Feature","geometry":{"type":"Point","coordinates":[-65.875,-65.875]},"properties":{"records":3,"observed_taxa_in_cell":3,"source":"ANTABIF 2025 / Terauds","role":"TERRESTRIAL_RECORD_DENSITY","license":"CC-BY-4.0"}},{"type":"Feature","geometry":{"type":"Point","coordinates":[-65.625,-67.625]},"properties":{"records":9,"observed_taxa_in_cell":9,"source":"ANTABIF 2025 / Terauds","role":"TERRESTRIAL_RECORD_DENSITY","license":"CC-BY-4.0"}},{"type":"Feature","geometry":{"type":"Point","coordinates":[-65.625,-66.125]},"properties":{"records":12,"observed_taxa_in_cell":5,"source":"ANTABIF 2025 / Terauds","role":"TERRESTRIAL_RECORD_DENSITY","license":"CC-BY-4.0"}},{"type":"Feature","geometry":{"type":"Point","coordinates":[-65.625,-65.625]},"properties":{"records":5,"observed_taxa_in_cell":3,"source":"ANTABIF 2025 / Terauds","role":"TERRESTRIAL_RECORD_DENSITY","license":"CC-BY-4.0"}},{"type":"Feature","geometry":{"type":"Point","coordinates":[-65.625,-65.375]},"properties":{"records":1,"observed_taxa_in_cell":1,"source":"ANTABIF 2025 / Terauds","role":"TERRESTRIAL_RECORD_DENSITY","license":"CC-BY-4.0"}},{"type":"Feature","geometry":{"type":"Point","coordinates":[-65.375,-66.125]},"properties":{"records":47,"observed_taxa_in_cell":20,"source":"ANTABIF 2025 / Terauds","role":"TERRESTRIAL_RECORD_DENSITY","license":"CC-BY-4.0"}},{"type":"Feature","geometry":{"type":"Point","coordinates":[-65.375,-65.875]},"properties":{"records":1,"observed_taxa_in_cell":1,"source":"ANTABIF 2025 / Terauds","role":"TERRESTRIAL_RECORD_DENSITY","license":"CC-BY-4.0"}},{"type":"Feature","geometry":{"type":"Point","coordinates":[-65.375,-65.625]},"properties":{"records":12,"observed_taxa_in_cell":6,"source":"ANTABIF 2025 / Terauds","role":"TERRESTRIAL_RECORD_DENSITY","license":"CC-BY-4.0"}},{"type":"Feature","geometry":{"type":"Point","coordinates":[-65.375,-65.375]},"properties":{"records":14,"observed_taxa_in_cell":4,"source":"ANTABIF 2025 / Terauds","role":"TERRESTRIAL_RECORD_DENSITY","license":"CC-BY-4.0"}},{"type":"Feature","geometry":{"type":"Point","coordinates":[-65.125,-67.875]},"properties":{"records":2,"observed_taxa_in_cell":2,"source":"ANTABIF 2025 / Terauds","role":"TERRESTRIAL_RECORD_DENSITY","license":"CC-BY-4.0"}},{"type":"Feature","geometry":{"type":"Point","coordinates":[-65.125,-65.625]},"properties":{"records":4,"observed_taxa_in_cell":3,"source":"ANTABIF 2025 / Terauds","role":"TERRESTRIAL_RECORD_DENSITY","license":"CC-BY-4.0"}},{"type":"Feature","geometry":{"type":"Point","coordinates":[-64.875,-68.125]},"properties":{"records":1,"observed_taxa_in_cell":1,"source":"ANTABIF 2025 / Terauds","role":"TERRESTRIAL_RECORD_DENSITY","license":"CC-BY-4.0"}},{"type":"Feature","geometry":{"type":"Point","coordinates":[-64.875,-67.625]},"properties":{"records":2,"observed_taxa_in_cell":2,"source":"ANTABIF 2025 / Terauds","role":"TERRESTRIAL_RECORD_DENSITY","license":"CC-BY-4.0"}},{"type":"Feature","geometry":{"type":"Point","coordinates":[-64.875,-66.875]},"properties":{"records":2,"observed_taxa_in_cell":2,"source":"ANTABIF 2025 / Terauds","role":"TERRESTRIAL_RECORD_DENSITY","license":"CC-BY-4.0"}},{"type":"Feature","geometry":{"type":"Point","coordinates":[-64.625,-67.625]},"properties":{"records":3,"observed_taxa_in_cell":3,"source":"ANTABIF 2025 / Terauds","role":"TERRESTRIAL_RECORD_DENSITY","license":"CC-BY-4.0"}},{"type":"Feature","geometry":{"type":"Point","coordinates":[-64.625,-65.625]},"properties":{"records":34,"observed_taxa_in_cell":32,"source":"ANTABIF 2025 / Terauds","role":"TERRESTRIAL_RECORD_DENSITY","license":"CC-BY-4.0"}},{"type":"Feature","geometry":{"type":"Point","coordinates":[-64.375,-70.875]},"properties":{"records":5,"observed_taxa_in_cell":5,"source":"ANTABIF 2025 / Terauds","role":"TERRESTRIAL_RECORD_DENSITY","license":"CC-BY-4.0"}},{"type":"Feature","geometry":{"type":"Point","coordinates":[-64.375,-70.375]},"properties":{"records":1,"observed_taxa_in_cell":1,"source":"ANTABIF 2025 / Terauds","role":"TERRESTRIAL_RECORD_DENSITY","license":"CC-BY-4.0"}},{"type":"Feature","geometry":{"type":"Point","coordinates":[-64.375,-69.875]},"properties":{"records":3,"observed_taxa_in_cell":3,"source":"ANTABIF 2025 / Terauds","role":"TERRESTRIAL_RECORD_DENSITY","license":"CC-BY-4.0"}},{"type":"Feature","geometry":{"type":"Point","coordinates":[-64.375,-69.125]},"properties":{"records":12,"observed_taxa_in_cell":10,"source":"ANTABIF 2025 / Terauds","role":"TERRESTRIAL_RECORD_DENSITY","license":"CC-BY-4.0"}},{"type":"Feature","geometry":{"type":"Point","coordinates":[-64.375,-66.625]},"properties":{"records":3,"observed_taxa_in_cell":3,"source":"ANTABIF 2025 / Terauds","role":"TERRESTRIAL_RECORD_DENSITY","license":"CC-BY-4.0"}},{"type":"Feature","geometry":{"type":"Point","coordinates":[-64.375,-65.625]},"properties":{"records":26,"observed_taxa_in_cell":25,"source":"ANTABIF 2025 / Terauds","role":"TERRESTRIAL_RECORD_DENSITY","license":"CC-BY-4.0"}},{"type":"Feature","geometry":{"type":"Point","coordinates":[-64.375,-65.125]},"properties":{"records":38,"observed_taxa_in_cell":25,"source":"ANTABIF 2025 / Terauds","role":"TERRESTRIAL_RECORD_DENSITY","license":"CC-BY-4.0"}},{"type":"Feature","geometry":{"type":"Point","coordinates":[-64.375,-64.875]},"properties":{"records":18,"observed_taxa_in_cell":3,"source":"ANTABIF 2025 / Terauds","role":"TERRESTRIAL_RECORD_DENSITY","license":"CC-BY-4.0"}},{"type":"Feature","geometry":{"type":"Point","coordinates":[-64.375,-64.625]},"properties":{"records":54,"observed_taxa_in_cell":53,"source":"ANTABIF 2025 / Terauds","role":"TERRESTRIAL_RECORD_DENSITY","license":"CC-BY-4.0"}},{"type":"Feature","geometry":{"type":"Point","coordinates":[-64.125,-74.625]},"properties":{"records":1,"observed_taxa_in_cell":1,"source":"ANTABIF 2025 / Terauds","role":"TERRESTRIAL_RECORD_DENSITY","license":"CC-BY-4.0"}},{"type":"Feature","geometry":{"type":"Point","coordinates":[-64.125,-70.375]},"properties":{"records":1,"observed_taxa_in_cell":1,"source":"ANTABIF 2025 / Terauds","role":"TERRESTRIAL_RECORD_DENSITY","license":"CC-BY-4.0"}},{"type":"Feature","geometry":{"type":"Point","coordinates":[-64.125,-66.875]},"properties":{"records":8,"observed_taxa_in_cell":7,"source":"ANTABIF 2025 / Terauds","role":"TERRESTRIAL_RECORD_DENSITY","license":"CC-BY-4.0"}},{"type":"Feature","geometry":{"type":"Point","coordinates":[-64.125,-66.625]},"properties":{"records":2,"observed_taxa_in_cell":2,"source":"ANTABIF 2025 / Terauds","role":"TERRESTRIAL_RECORD_DENSITY","license":"CC-BY-4.0"}},{"type":"Feature","geometry":{"type":"Point","coordinates":[-64.125,-65.875]},"properties":{"records":4,"observed_taxa_in_cell":3,"source":"ANTABIF 2025 / Terauds","role":"TERRESTRIAL_RECORD_DENSITY","license":"CC-BY-4.0"}},{"type":"Feature","geometry":{"type":"Point","coordinates":[-64.125,-65.625]},"properties":{"records":21,"observed_taxa_in_cell":19,"source":"ANTABIF 2025 / Terauds","role":"TERRESTRIAL_RECORD_DENSITY","license":"CC-BY-4.0"}},{"type":"Feature","geometry":{"type":"Point","coordinates":[-64.125,-65.375]},"properties":{"records":521,"observed_taxa_in_cell":255,"source":"ANTABIF 2025 / Terauds","role":"TERRESTRIAL_RECORD_DENSITY","license":"CC-BY-4.0"}},{"type":"Feature","geometry":{"type":"Point","coordinates":[-64.125,-65.125]},"properties":{"records":1116,"observed_taxa_in_cell":147,"source":"ANTABIF 2025 / Terauds","role":"TERRESTRIAL_RECORD_DENSITY","license":"CC-BY-4.0"}},{"type":"Feature","geometry":{"type":"Point","coordinates":[-64.125,-64.875]},"properties":{"records":466,"observed_taxa_in_cell":156,"source":"ANTABIF 2025 / Terauds","role":"TERRESTRIAL_RECORD_DENSITY","license":"CC-BY-4.0"}},{"type":"Feature","geometry":{"type":"Point","coordinates":[-64.125,-64.625]},"properties":{"records":19,"observed_taxa_in_cell":5,"source":"ANTABIF 2025 / Terauds","role":"TERRESTRIAL_RECORD_DENSITY","license":"CC-BY-4.0"}},{"type":"Feature","geometry":{"type":"Point","coordinates":[-63.875,-70.125]},"properties":{"records":4,"observed_taxa_in_cell":4,"source":"ANTABIF 2025 / Terauds","role":"TERRESTRIAL_RECORD_DENSITY","license":"CC-BY-4.0"}},{"type":"Feature","geometry":{"type":"Point","coordinates":[-63.875,-66.875]},"properties":{"records":2,"observed_taxa_in_cell":2,"source":"ANTABIF 2025 / Terauds","role":"TERRESTRIAL_RECORD_DENSITY","license":"CC-BY-4.0"}},{"type":"Feature","geometry":{"type":"Point","coordinates":[-63.875,-66.125]},"properties":{"records":2,"observed_taxa_in_cell":1,"source":"ANTABIF 2025 / Terauds","role":"TERRESTRIAL_RECORD_DENSITY","license":"CC-BY-4.0"}},{"type":"Feature","geometry":{"type":"Point","coordinates":[-63.875,-65.375]},"properties":{"records":3,"observed_taxa_in_cell":3,"source":"ANTABIF 2025 / Terauds","role":"TERRESTRIAL_RECORD_DENSITY","license":"CC-BY-4.0"}},{"type":"Feature","geometry":{"type":"Point","coordinates":[-63.875,-65.125]},"properties":{"records":69,"observed_taxa_in_cell":23,"source":"ANTABIF 2025 / Terauds","role":"TERRESTRIAL_RECORD_DENSITY","license":"CC-BY-4.0"}},{"type":"Feature","geometry":{"type":"Point","coordinates":[-63.875,-64.875]},"properties":{"records":147,"observed_taxa_in_cell":30,"source":"ANTABIF 2025 / Terauds","role":"TERRESTRIAL_RECORD_DENSITY","license":"CC-BY-4.0"}},{"type":"Feature","geometry":{"type":"Point","coordinates":[-63.875,-64.375]},"properties":{"records":11,"observed_taxa_in_cell":11,"source":"ANTABIF 2025 / Terauds","role":"TERRESTRIAL_RECORD_DENSITY","license":"CC-BY-4.0"}},{"type":"Feature","geometry":{"type":"Point","coordinates":[-63.625,-69.875]},"properties":{"records":1,"observed_taxa_in_cell":1,"source":"ANTABIF 2025 / Terauds","role":"TERRESTRIAL_RECORD_DENSITY","license":"CC-BY-4.0"}},{"type":"Feature","geometry":{"type":"Point","coordinates":[-63.625,-69.625]},"properties":{"records":11,"observed_taxa_in_cell":6,"source":"ANTABIF 2025 / Terauds","role":"TERRESTRIAL_RECORD_DENSITY","license":"CC-BY-4.0"}},{"type":"Feature","geometry":{"type":"Point","coordinates":[-63.625,-69.375]},"properties":{"records":15,"observed_taxa_in_cell":10,"source":"ANTABIF 2025 / Terauds","role":"TERRESTRIAL_RECORD_DENSITY","license":"CC-BY-4.0"}},{"type":"Feature","geometry":{"type":"Point","coordinates":[-63.625,-66.375]},"properties":{"records":22,"observed_taxa_in_cell":22,"source":"ANTABIF 2025 / Terauds","role":"TERRESTRIAL_RECORD_DENSITY","license":"CC-BY-4.0"}},{"type":"Feature","geometry":{"type":"Point","coordinates":[-63.625,-65.875]},"properties":{"records":2,"observed_taxa_in_cell":2,"source":"ANTABIF 2025 / Terauds","role":"TERRESTRIAL_RECORD_DENSITY","license":"CC-BY-4.0"}},{"type":"Feature","geometry":{"type":"Point","coordinates":[-63.625,-65.125]},"properties":{"records":2,"observed_taxa_in_cell":2,"source":"ANTABIF 2025 / Terauds","role":"TERRESTRIAL_RECORD_DENSITY","license":"CC-BY-4.0"}},{"type":"Feature","geometry":{"type":"Point","coordinates":[-63.625,-64.875]},"properties":{"records":274,"observed_taxa_in_cell":34,"source":"ANTABIF 2025 / Terauds","role":"TERRESTRIAL_RECORD_DENSITY","license":"CC-BY-4.0"}},{"type":"Feature","geometry":{"type":"Point","coordinates":[-63.625,-64.625]},"properties":{"records":3,"observed_taxa_in_cell":3,"source":"ANTABIF 2025 / Terauds","role":"TERRESTRIAL_RECORD_DENSITY","license":"CC-BY-4.0"}},{"type":"Feature","geometry":{"type":"Point","coordinates":[-63.625,-64.375]},"properties":{"records":2,"observed_taxa_in_cell":2,"source":"ANTABIF 2025 / Terauds","role":"TERRESTRIAL_RECORD_DENSITY","license":"CC-BY-4.0"}},{"type":"Feature","geometry":{"type":"Point","coordinates":[-63.375,-71.375]},"properties":{"records":18,"observed_taxa_in_cell":13,"source":"ANTABIF 2025 / Terauds","role":"TERRESTRIAL_RECORD_DENSITY","license":"CC-BY-4.0"}},{"type":"Feature","geometry":{"type":"Point","coordinates":[-63.375,-70.875]},"properties":{"records":11,"observed_taxa_in_cell":6,"source":"ANTABIF 2025 / Terauds","role":"TERRESTRIAL_RECORD_DENSITY","license":"CC-BY-4.0"}},{"type":"Feature","geometry":{"type":"Point","coordinates":[-63.375,-70.125]},"properties":{"records":2,"observed_taxa_in_cell":2,"source":"ANTABIF 2025 / Terauds","role":"TERRESTRIAL_RECORD_DENSITY","license":"CC-BY-4.0"}},{"type":"Feature","geometry":{"type":"Point","coordinates":[-63.375,-69.375]},"properties":{"records":3,"observed_taxa_in_cell":2,"source":"ANTABIF 2025 / Terauds","role":"TERRESTRIAL_RECORD_DENSITY","license":"CC-BY-4.0"}},{"type":"Feature","geometry":{"type":"Point","coordinates":[-63.375,-69.125]},"properties":{"records":4,"observed_taxa_in_cell":4,"source":"ANTABIF 2025 / Terauds","role":"TERRESTRIAL_RECORD_DENSITY","license":"CC-BY-4.0"}},{"type":"Feature","geometry":{"type":"Point","coordinates":[-63.375,-66.125]},"properties":{"records":19,"observed_taxa_in_cell":19,"source":"ANTABIF 2025 / Terauds","role":"TERRESTRIAL_RECORD_DENSITY","license":"CC-BY-4.0"}},{"type":"Feature","geometry":{"type":"Point","coordinates":[-63.375,-64.875]},"properties":{"records":523,"observed_taxa_in_cell":59,"source":"ANTABIF 2025 / Terauds","role":"TERRESTRIAL_RECORD_DENSITY","license":"CC-BY-4.0"}},{"type":"Feature","geometry":{"type":"Point","coordinates":[-63.375,-64.625]},"properties":{"records":5,"observed_taxa_in_cell":5,"source":"ANTABIF 2025 / Terauds","role":"TERRESTRIAL_RECORD_DENSITY","license":"CC-BY-4.0"}},{"type":"Feature","geometry":{"type":"Point","coordinates":[-63.375,-64.125]},"properties":{"records":1,"observed_taxa_in_cell":1,"source":"ANTABIF 2025 / Terauds","role":"TERRESTRIAL_RECORD_DENSITY","license":"CC-BY-4.0"}},{"type":"Feature","geometry":{"type":"Point","coordinates":[-63.125,-71.375]},"properties":{"records":7,"observed_taxa_in_cell":6,"source":"ANTABIF 2025 / Terauds","role":"TERRESTRIAL_RECORD_DENSITY","license":"CC-BY-4.0"}},{"type":"Feature","geometry":{"type":"Point","coordinates":[-63.125,-71.125]},"properties":{"records":3,"observed_taxa_in_cell":3,"source":"ANTABIF 2025 / Terauds","role":"TERRESTRIAL_RECORD_DENSITY","license":"CC-BY-4.0"}},{"type":"Feature","geometry":{"type":"Point","coordinates":[-63.125,-70.875]},"properties":{"records":10,"observed_taxa_in_cell":10,"source":"ANTABIF 2025 / Terauds","role":"TERRESTRIAL_RECORD_DENSITY","license":"CC-BY-4.0"}},{"type":"Feature","geometry":{"type":"Point","coordinates":[-63.125,-70.625]},"properties":{"records":2,"observed_taxa_in_cell":2,"source":"ANTABIF 2025 / Terauds","role":"TERRESTRIAL_RECORD_DENSITY","license":"CC-BY-4.0"}},{"type":"Feature","geometry":{"type":"Point","coordinates":[-63.125,-69.625]},"properties":{"records":52,"observed_taxa_in_cell":33,"source":"ANTABIF 2025 / Terauds","role":"TERRESTRIAL_RECORD_DENSITY","license":"CC-BY-4.0"}},{"type":"Feature","geometry":{"type":"Point","coordinates":[-63.125,-69.125]},"properties":{"records":3,"observed_taxa_in_cell":3,"source":"ANTABIF 2025 / Terauds","role":"TERRESTRIAL_RECORD_DENSITY","license":"CC-BY-4.0"}},{"type":"Feature","geometry":{"type":"Point","coordinates":[-63.125,-65.875]},"properties":{"records":7,"observed_taxa_in_cell":7,"source":"ANTABIF 2025 / Terauds","role":"TERRESTRIAL_RECORD_DENSITY","license":"CC-BY-4.0"}},{"type":"Feature","geometry":{"type":"Point","coordinates":[-63.125,-64.875]},"properties":{"records":21,"observed_taxa_in_cell":9,"source":"ANTABIF 2025 / Terauds","role":"TERRESTRIAL_RECORD_DENSITY","license":"CC-BY-4.0"}},{"type":"Feature","geometry":{"type":"Point","coordinates":[-63.125,-64.625]},"properties":{"records":6,"observed_taxa_in_cell":3,"source":"ANTABIF 2025 / Terauds","role":"TERRESTRIAL_RECORD_DENSITY","license":"CC-BY-4.0"}},{"type":"Feature","geometry":{"type":"Point","coordinates":[-63.125,-64.375]},"properties":{"records":4,"observed_taxa_in_cell":4,"source":"ANTABIF 2025 / Terauds","role":"TERRESTRIAL_RECORD_DENSITY","license":"CC-BY-4.0"}},{"type":"Feature","geometry":{"type":"Point","coordinates":[-62.875,-71.125]},"properties":{"records":4,"observed_taxa_in_cell":3,"source":"ANTABIF 2025 / Terauds","role":"TERRESTRIAL_RECORD_DENSITY","license":"CC-BY-4.0"}},{"type":"Feature","geometry":{"type":"Point","coordinates":[-62.875,-70.875]},"properties":{"records":5,"observed_taxa_in_cell":4,"source":"ANTABIF 2025 / Terauds","role":"TERRESTRIAL_RECORD_DENSITY","license":"CC-BY-4.0"}},{"type":"Feature","geometry":{"type":"Point","coordinates":[-62.875,-70.125]},"properties":{"records":2,"observed_taxa_in_cell":2,"source":"ANTABIF 2025 / Terauds","role":"TERRESTRIAL_RECORD_DENSITY","license":"CC-BY-4.0"}},{"type":"Feature","geometry":{"type":"Point","coordinates":[-62.875,-69.625]},"properties":{"records":1,"observed_taxa_in_cell":1,"source":"ANTABIF 2025 / Terauds","role":"TERRESTRIAL_RECORD_DENSITY","license":"CC-BY-4.0"}},{"type":"Feature","geometry":{"type":"Point","coordinates":[-62.875,-69.375]},"properties":{"records":5,"observed_taxa_in_cell":5,"source":"ANTABIF 2025 / Terauds","role":"TERRESTRIAL_RECORD_DENSITY","license":"CC-BY-4.0"}},{"type":"Feature","geometry":{"type":"Point","coordinates":[-62.875,-66.125]},"properties":{"records":19,"observed_taxa_in_cell":17,"source":"ANTABIF 2025 / Terauds","role":"TERRESTRIAL_RECORD_DENSITY","license":"CC-BY-4.0"}},{"type":"Feature","geometry":{"type":"Point","coordinates":[-62.875,-65.625]},"properties":{"records":3,"observed_taxa_in_cell":3,"source":"ANTABIF 2025 / Terauds","role":"TERRESTRIAL_RECORD_DENSITY","license":"CC-BY-4.0"}},{"type":"Feature","geometry":{"type":"Point","coordinates":[-62.875,-64.875]},"properties":{"records":563,"observed_taxa_in_cell":44,"source":"ANTABIF 2025 / Terauds","role":"TERRESTRIAL_RECORD_DENSITY","license":"CC-BY-4.0"}},{"type":"Feature","geometry":{"type":"Point","coordinates":[-62.875,-64.625]},"properties":{"records":78,"observed_taxa_in_cell":13,"source":"ANTABIF 2025 / Terauds","role":"TERRESTRIAL_RECORD_DENSITY","license":"CC-BY-4.0"}},{"type":"Feature","geometry":{"type":"Point","coordinates":[-62.875,-64.375]},"properties":{"records":240,"observed_taxa_in_cell":168,"source":"ANTABIF 2025 / Terauds","role":"TERRESTRIAL_RECORD_DENSITY","license":"CC-BY-4.0"}},{"type":"Feature","geometry":{"type":"Point","coordinates":[-62.625,-71.125]},"properties":{"records":9,"observed_taxa_in_cell":8,"source":"ANTABIF 2025 / Terauds","role":"TERRESTRIAL_RECORD_DENSITY","license":"CC-BY-4.0"}},{"type":"Feature","geometry":{"type":"Point","coordinates":[-62.625,-69.625]},"properties":{"records":3,"observed_taxa_in_cell":3,"source":"ANTABIF 2025 / Terauds","role":"TERRESTRIAL_RECORD_DENSITY","license":"CC-BY-4.0"}},{"type":"Feature","geometry":{"type":"Point","coordinates":[-62.625,-66.625]},"properties":{"records":9,"observed_taxa_in_cell":9,"source":"ANTABIF 2025 / Terauds","role":"TERRESTRIAL_RECORD_DENSITY","license":"CC-BY-4.0"}},{"type":"Feature","geometry":{"type":"Point","coordinates":[-62.625,-66.125]},"properties":{"records":11,"observed_taxa_in_cell":10,"source":"ANTABIF 2025 / Terauds","role":"TERRESTRIAL_RECORD_DENSITY","license":"CC-BY-4.0"}},{"type":"Feature","geometry":{"type":"Point","coordinates":[-62.625,-65.875]},"properties":{"records":10,"observed_taxa_in_cell":10,"source":"ANTABIF 2025 / Terauds","role":"TERRESTRIAL_RECORD_DENSITY","license":"CC-BY-4.0"}},{"type":"Feature","geometry":{"type":"Point","coordinates":[-62.625,-65.625]},"properties":{"records":7,"observed_taxa_in_cell":7,"source":"ANTABIF 2025 / Terauds","role":"TERRESTRIAL_RECORD_DENSITY","license":"CC-BY-4.0"}},{"type":"Feature","geometry":{"type":"Point","coordinates":[-62.625,-64.875]},"properties":{"records":353,"observed_taxa_in_cell":39,"source":"ANTABIF 2025 / Terauds","role":"TERRESTRIAL_RECORD_DENSITY","license":"CC-BY-4.0"}},{"type":"Feature","geometry":{"type":"Point","coordinates":[-62.625,-64.625]},"properties":{"records":1202,"observed_taxa_in_cell":96,"source":"ANTABIF 2025 / Terauds","role":"TERRESTRIAL_RECORD_DENSITY","license":"CC-BY-4.0"}},{"type":"Feature","geometry":{"type":"Point","coordinates":[-62.625,-64.375]},"properties":{"records":20,"observed_taxa_in_cell":17,"source":"ANTABIF 2025 / Terauds","role":"TERRESTRIAL_RECORD_DENSITY","license":"CC-BY-4.0"}},{"type":"Feature","geometry":{"type":"Point","coordinates":[-62.625,-64.125]},"properties":{"records":108,"observed_taxa_in_cell":71,"source":"ANTABIF 2025 / Terauds","role":"TERRESTRIAL_RECORD_DENSITY","license":"CC-BY-4.0"}},{"type":"Feature","geometry":{"type":"Point","coordinates":[-62.625,-63.125]},"properties":{"records":4,"observed_taxa_in_cell":4,"source":"ANTABIF 2025 / Terauds","role":"TERRESTRIAL_RECORD_DENSITY","license":"CC-BY-4.0"}},{"type":"Feature","geometry":{"type":"Point","coordinates":[-62.375,-70.875]},"properties":{"records":5,"observed_taxa_in_cell":5,"source":"ANTABIF 2025 / Terauds","role":"TERRESTRIAL_RECORD_DENSITY","license":"CC-BY-4.0"}},{"type":"Feature","geometry":{"type":"Point","coordinates":[-62.375,-70.125]},"properties":{"records":2,"observed_taxa_in_cell":2,"source":"ANTABIF 2025 / Terauds","role":"TERRESTRIAL_RECORD_DENSITY","license":"CC-BY-4.0"}},{"type":"Feature","geometry":{"type":"Point","coordinates":[-62.375,-66.625]},"properties":{"records":10,"observed_taxa_in_cell":10,"source":"ANTABIF 2025 / Terauds","role":"TERRESTRIAL_RECORD_DENSITY","license":"CC-BY-4.0"}},{"type":"Feature","geometry":{"type":"Point","coordinates":[-62.375,-65.625]},"properties":{"records":1,"observed_taxa_in_cell":1,"source":"ANTABIF 2025 / Terauds","role":"TERRESTRIAL_RECORD_DENSITY","license":"CC-BY-4.0"}},{"type":"Feature","geometry":{"type":"Point","coordinates":[-62.375,-64.625]},"properties":{"records":2,"observed_taxa_in_cell":2,"source":"ANTABIF 2025 / Terauds","role":"TERRESTRIAL_RECORD_DENSITY","license":"CC-BY-4.0"}},{"type":"Feature","geometry":{"type":"Point","coordinates":[-62.375,-64.375]},"properties":{"records":29,"observed_taxa_in_cell":22,"source":"ANTABIF 2025 / Terauds","role":"TERRESTRIAL_RECORD_DENSITY","license":"CC-BY-4.0"}},{"type":"Feature","geometry":{"type":"Point","coordinates":[-62.375,-64.125]},"properties":{"records":15,"observed_taxa_in_cell":15,"source":"ANTABIF 2025 / Terauds","role":"TERRESTRIAL_RECORD_DENSITY","license":"CC-BY-4.0"}},{"type":"Feature","geometry":{"type":"Point","coordinates":[-62.375,-63.375]},"properties":{"records":4,"observed_taxa_in_cell":1,"source":"ANTABIF 2025 / Terauds","role":"TERRESTRIAL_RECORD_DENSITY","license":"CC-BY-4.0"}},{"type":"Feature","geometry":{"type":"Point","coordinates":[-62.375,-62.875]},"properties":{"records":1,"observed_taxa_in_cell":1,"source":"ANTABIF 2025 / Terauds","role":"TERRESTRIAL_RECORD_DENSITY","license":"CC-BY-4.0"}},{"type":"Feature","geometry":{"type":"Point","coordinates":[-62.125,-71.125]},"properties":{"records":21,"observed_taxa_in_cell":11,"source":"ANTABIF 2025 / Terauds","role":"TERRESTRIAL_RECORD_DENSITY","license":"CC-BY-4.0"}},{"type":"Feature","geometry":{"type":"Point","coordinates":[-62.125,-70.875]},"properties":{"records":2,"observed_taxa_in_cell":2,"source":"ANTABIF 2025 / Terauds","role":"TERRESTRIAL_RECORD_DENSITY","license":"CC-BY-4.0"}},{"type":"Feature","geometry":{"type":"Point","coordinates":[-62.125,-65.375]},"properties":{"records":1,"observed_taxa_in_cell":1,"source":"ANTABIF 2025 / Terauds","role":"TERRESTRIAL_RECORD_DENSITY","license":"CC-BY-4.0"}},{"type":"Feature","geometry":{"type":"Point","coordinates":[-62.125,-64.625]},"properties":{"records":12,"observed_taxa_in_cell":6,"source":"ANTABIF 2025 / Terauds","role":"TERRESTRIAL_RECORD_DENSITY","license":"CC-BY-4.0"}},{"type":"Feature","geometry":{"type":"Point","coordinates":[-62.125,-64.375]},"properties":{"records":52,"observed_taxa_in_cell":37,"source":"ANTABIF 2025 / Terauds","role":"TERRESTRIAL_RECORD_DENSITY","license":"CC-BY-4.0"}},{"type":"Feature","geometry":{"type":"Point","coordinates":[-62.125,-64.125]},"properties":{"records":7,"observed_taxa_in_cell":7,"source":"ANTABIF 2025 / Terauds","role":"TERRESTRIAL_RECORD_DENSITY","license":"CC-BY-4.0"}},{"type":"Feature","geometry":{"type":"Point","coordinates":[-62.125,-63.375]},"properties":{"records":3,"observed_taxa_in_cell":1,"source":"ANTABIF 2025 / Terauds","role":"TERRESTRIAL_RECORD_DENSITY","license":"CC-BY-4.0"}},{"type":"Feature","geometry":{"type":"Point","coordinates":[-62.125,-63.125]},"properties":{"records":3,"observed_taxa_in_cell":1,"source":"ANTABIF 2025 / Terauds","role":"TERRESTRIAL_RECORD_DENSITY","license":"CC-BY-4.0"}},{"type":"Feature","geometry":{"type":"Point","coordinates":[-61.875,-71.125]},"properties":{"records":4,"observed_taxa_in_cell":3,"source":"ANTABIF 2025 / Terauds","role":"TERRESTRIAL_RECORD_DENSITY","license":"CC-BY-4.0"}},{"type":"Feature","geometry":{"type":"Point","coordinates":[-61.875,-66.125]},"properties":{"records":3,"observed_taxa_in_cell":3,"source":"ANTABIF 2025 / Terauds","role":"TERRESTRIAL_RECORD_DENSITY","license":"CC-BY-4.0"}},{"type":"Feature","geometry":{"type":"Point","coordinates":[-61.875,-64.625]},"properties":{"records":26,"observed_taxa_in_cell":10,"source":"ANTABIF 2025 / Terauds","role":"TERRESTRIAL_RECORD_DENSITY","license":"CC-BY-4.0"}},{"type":"Feature","geometry":{"type":"Point","coordinates":[-61.875,-64.375]},"properties":{"records":25,"observed_taxa_in_cell":13,"source":"ANTABIF 2025 / Terauds","role":"TERRESTRIAL_RECORD_DENSITY","license":"CC-BY-4.0"}},{"type":"Feature","geometry":{"type":"Point","coordinates":[-61.875,-64.125]},"properties":{"records":7,"observed_taxa_in_cell":4,"source":"ANTABIF 2025 / Terauds","role":"TERRESTRIAL_RECORD_DENSITY","license":"CC-BY-4.0"}},{"type":"Feature","geometry":{"type":"Point","coordinates":[-61.875,-63.875]},"properties":{"records":4,"observed_taxa_in_cell":4,"source":"ANTABIF 2025 / Terauds","role":"TERRESTRIAL_RECORD_DENSITY","license":"CC-BY-4.0"}},{"type":"Feature","geometry":{"type":"Point","coordinates":[-61.875,-63.375]},"properties":{"records":3,"observed_taxa_in_cell":1,"source":"ANTABIF 2025 / Terauds","role":"TERRESTRIAL_RECORD_DENSITY","license":"CC-BY-4.0"}},{"type":"Feature","geometry":{"type":"Point","coordinates":[-61.625,-70.875]},"properties":{"records":16,"observed_taxa_in_cell":14,"source":"ANTABIF 2025 / Terauds","role":"TERRESTRIAL_RECORD_DENSITY","license":"CC-BY-4.0"}},{"type":"Feature","geometry":{"type":"Point","coordinates":[-61.625,-66.125]},"properties":{"records":3,"observed_taxa_in_cell":3,"source":"ANTABIF 2025 / Terauds","role":"TERRESTRIAL_RECORD_DENSITY","license":"CC-BY-4.0"}},{"type":"Feature","geometry":{"type":"Point","coordinates":[-61.625,-64.625]},"properties":{"records":52,"observed_taxa_in_cell":40,"source":"ANTABIF 2025 / Terauds","role":"TERRESTRIAL_RECORD_DENSITY","license":"CC-BY-4.0"}},{"type":"Feature","geometry":{"type":"Point","coordinates":[-61.625,-64.375]},"properties":{"records":18,"observed_taxa_in_cell":12,"source":"ANTABIF 2025 / Terauds","role":"TERRESTRIAL_RECORD_DENSITY","license":"CC-BY-4.0"}},{"type":"Feature","geometry":{"type":"Point","coordinates":[-61.625,-64.125]},"properties":{"records":71,"observed_taxa_in_cell":18,"source":"ANTABIF 2025 / Terauds","role":"TERRESTRIAL_RECORD_DENSITY","license":"CC-BY-4.0"}},{"type":"Feature","geometry":{"type":"Point","coordinates":[-61.625,-62.875]},"properties":{"records":4,"observed_taxa_in_cell":1,"source":"ANTABIF 2025 / Terauds","role":"TERRESTRIAL_RECORD_DENSITY","license":"CC-BY-4.0"}},{"type":"Feature","geometry":{"type":"Point","coordinates":[-61.375,-64.625]},"properties":{"records":26,"observed_taxa_in_cell":26,"source":"ANTABIF 2025 / Terauds","role":"TERRESTRIAL_RECORD_DENSITY","license":"CC-BY-4.0"}},{"type":"Feature","geometry":{"type":"Point","coordinates":[-61.375,-64.375]},"properties":{"records":1,"observed_taxa_in_cell":1,"source":"ANTABIF 2025 / Terauds","role":"TERRESTRIAL_RECORD_DENSITY","license":"CC-BY-4.0"}},{"type":"Feature","geometry":{"type":"Point","coordinates":[-61.375,-64.125]},"properties":{"records":1,"observed_taxa_in_cell":1,"source":"ANTABIF 2025 / Terauds","role":"TERRESTRIAL_RECORD_DENSITY","license":"CC-BY-4.0"}},{"type":"Feature","geometry":{"type":"Point","coordinates":[-61.375,-63.875]},"properties":{"records":44,"observed_taxa_in_cell":29,"source":"ANTABIF 2025 / Terauds","role":"TERRESTRIAL_RECORD_DENSITY","license":"CC-BY-4.0"}},{"type":"Feature","geometry":{"type":"Point","coordinates":[-61.375,-62.875]},"properties":{"records":4,"observed_taxa_in_cell":3,"source":"ANTABIF 2025 / Terauds","role":"TERRESTRIAL_RECORD_DENSITY","license":"CC-BY-4.0"}},{"type":"Feature","geometry":{"type":"Point","coordinates":[-61.125,-64.375]},"properties":{"records":33,"observed_taxa_in_cell":29,"source":"ANTABIF 2025 / Terauds","role":"TERRESTRIAL_RECORD_DENSITY","license":"CC-BY-4.0"}},{"type":"Feature","geometry":{"type":"Point","coordinates":[-61.125,-64.125]},"properties":{"records":85,"observed_taxa_in_cell":28,"source":"ANTABIF 2025 / Terauds","role":"TERRESTRIAL_RECORD_DENSITY","license":"CC-BY-4.0"}},{"type":"Feature","geometry":{"type":"Point","coordinates":[-61.125,-63.875]},"properties":{"records":10,"observed_taxa_in_cell":5,"source":"ANTABIF 2025 / Terauds","role":"TERRESTRIAL_RECORD_DENSITY","license":"CC-BY-4.0"}},{"type":"Feature","geometry":{"type":"Point","coordinates":[-61.125,-62.875]},"properties":{"records":3,"observed_taxa_in_cell":1,"source":"ANTABIF 2025 / Terauds","role":"TERRESTRIAL_RECORD_DENSITY","license":"CC-BY-4.0"}},{"type":"Feature","geometry":{"type":"Point","coordinates":[-61.125,-62.625]},"properties":{"records":565,"observed_taxa_in_cell":217,"source":"ANTABIF 2025 / Terauds","role":"TERRESTRIAL_RECORD_DENSITY","license":"CC-BY-4.0"}},{"type":"Feature","geometry":{"type":"Point","coordinates":[-60.875,-74.375]},"properties":{"records":1,"observed_taxa_in_cell":1,"source":"ANTABIF 2025 / Terauds","role":"TERRESTRIAL_RECORD_DENSITY","license":"CC-BY-4.0"}},{"type":"Feature","geometry":{"type":"Point","coordinates":[-60.875,-64.375]},"properties":{"records":2,"observed_taxa_in_cell":2,"source":"ANTABIF 2025 / Terauds","role":"TERRESTRIAL_RECORD_DENSITY","license":"CC-BY-4.0"}},{"type":"Feature","geometry":{"type":"Point","coordinates":[-60.875,-64.125]},"properties":{"records":223,"observed_taxa_in_cell":62,"source":"ANTABIF 2025 / Terauds","role":"TERRESTRIAL_RECORD_DENSITY","license":"CC-BY-4.0"}},{"type":"Feature","geometry":{"type":"Point","coordinates":[-60.875,-63.875]},"properties":{"records":160,"observed_taxa_in_cell":14,"source":"ANTABIF 2025 / Terauds","role":"TERRESTRIAL_RECORD_DENSITY","license":"CC-BY-4.0"}},{"type":"Feature","geometry":{"type":"Point","coordinates":[-60.875,-63.625]},"properties":{"records":1,"observed_taxa_in_cell":1,"source":"ANTABIF 2025 / Terauds","role":"TERRESTRIAL_RECORD_DENSITY","license":"CC-BY-4.0"}},{"type":"Feature","geometry":{"type":"Point","coordinates":[-60.875,-62.625]},"properties":{"records":54,"observed_taxa_in_cell":47,"source":"ANTABIF 2025 / Terauds","role":"TERRESTRIAL_RECORD_DENSITY","license":"CC-BY-4.0"}},{"type":"Feature","geometry":{"type":"Point","coordinates":[-60.875,-62.375]},"properties":{"records":183,"observed_taxa_in_cell":33,"source":"ANTABIF 2025 / Terauds","role":"TERRESTRIAL_RECORD_DENSITY","license":"CC-BY-4.0"}},{"type":"Feature","geometry":{"type":"Point","coordinates":[-60.625,-64.875]},"properties":{"records":10,"observed_taxa_in_cell":10,"source":"ANTABIF 2025 / Terauds","role":"TERRESTRIAL_RECORD_DENSITY","license":"CC-BY-4.0"}},{"type":"Feature","geometry":{"type":"Point","coordinates":[-60.625,-64.125]},"properties":{"records":4,"observed_taxa_in_cell":4,"source":"ANTABIF 2025 / Terauds","role":"TERRESTRIAL_RECORD_DENSITY","license":"CC-BY-4.0"}},{"type":"Feature","geometry":{"type":"Point","coordinates":[-60.625,-63.875]},"properties":{"records":88,"observed_taxa_in_cell":25,"source":"ANTABIF 2025 / Terauds","role":"TERRESTRIAL_RECORD_DENSITY","license":"CC-BY-4.0"}},{"type":"Feature","geometry":{"type":"Point","coordinates":[-60.625,-63.625]},"properties":{"records":1,"observed_taxa_in_cell":1,"source":"ANTABIF 2025 / Terauds","role":"TERRESTRIAL_RECORD_DENSITY","license":"CC-BY-4.0"}},{"type":"Feature","geometry":{"type":"Point","coordinates":[-60.625,-63.125]},"properties":{"records":18,"observed_taxa_in_cell":14,"source":"ANTABIF 2025 / Terauds","role":"TERRESTRIAL_RECORD_DENSITY","license":"CC-BY-4.0"}},{"type":"Feature","geometry":{"type":"Point","coordinates":[-60.625,-62.875]},"properties":{"records":1569,"observed_taxa_in_cell":286,"source":"ANTABIF 2025 / Terauds","role":"TERRESTRIAL_RECORD_DENSITY","license":"CC-BY-4.0"}},{"type":"Feature","geometry":{"type":"Point","coordinates":[-60.625,-62.625]},"properties":{"records":214,"observed_taxa_in_cell":47,"source":"ANTABIF 2025 / Terauds","role":"TERRESTRIAL_RECORD_DENSITY","license":"CC-BY-4.0"}},{"type":"Feature","geometry":{"type":"Point","coordinates":[-60.375,-70.625]},"properties":{"records":1,"observed_taxa_in_cell":1,"source":"ANTABIF 2025 / Terauds","role":"TERRESTRIAL_RECORD_DENSITY","license":"CC-BY-4.0"}},{"type":"Feature","geometry":{"type":"Point","coordinates":[-60.375,-65.125]},"properties":{"records":3,"observed_taxa_in_cell":3,"source":"ANTABIF 2025 / Terauds","role":"TERRESTRIAL_RECORD_DENSITY","license":"CC-BY-4.0"}},{"type":"Feature","geometry":{"type":"Point","coordinates":[-60.375,-62.875]},"properties":{"records":31,"observed_taxa_in_cell":29,"source":"ANTABIF 2025 / Terauds","role":"TERRESTRIAL_RECORD_DENSITY","license":"CC-BY-4.0"}},{"type":"Feature","geometry":{"type":"Point","coordinates":[-60.375,-62.625]},"properties":{"records":113,"observed_taxa_in_cell":65,"source":"ANTABIF 2025 / Terauds","role":"TERRESTRIAL_RECORD_DENSITY","license":"CC-BY-4.0"}},{"type":"Feature","geometry":{"type":"Point","coordinates":[-60.375,-62.375]},"properties":{"records":8,"observed_taxa_in_cell":7,"source":"ANTABIF 2025 / Terauds","role":"TERRESTRIAL_RECORD_DENSITY","license":"CC-BY-4.0"}},{"type":"Feature","geometry":{"type":"Point","coordinates":[-60.125,-65.125]},"properties":{"records":29,"observed_taxa_in_cell":25,"source":"ANTABIF 2025 / Terauds","role":"TERRESTRIAL_RECORD_DENSITY","license":"CC-BY-4.0"}},{"type":"Feature","geometry":{"type":"Point","coordinates":[-60.125,-63.625]},"properties":{"records":3,"observed_taxa_in_cell":3,"source":"ANTABIF 2025 / Terauds","role":"TERRESTRIAL_RECORD_DENSITY","license":"CC-BY-4.0"}},{"type":"Feature","geometry":{"type":"Point","coordinates":[-60.125,-62.625]},"properties":{"records":1,"observed_taxa_in_cell":1,"source":"ANTABIF 2025 / Terauds","role":"TERRESTRIAL_RECORD_DENSITY","license":"CC-BY-4.0"}},{"type":"Feature","geometry":{"type":"Point","coordinates":[-60.125,-62.375]},"properties":{"records":23,"observed_taxa_in_cell":21,"source":"ANTABIF 2025 / Terauds","role":"TERRESTRIAL_RECORD_DENSITY","license":"CC-BY-4.0"}},{"type":"Feature","geometry":{"type":"Point","coordinates":[-59.875,-63.875]},"properties":{"records":1,"observed_taxa_in_cell":1,"source":"ANTABIF 2025 / Terauds","role":"TERRESTRIAL_RECORD_DENSITY","license":"CC-BY-4.0"}},{"type":"Feature","geometry":{"type":"Point","coordinates":[-59.875,-63.625]},"properties":{"records":31,"observed_taxa_in_cell":26,"source":"ANTABIF 2025 / Terauds","role":"TERRESTRIAL_RECORD_DENSITY","license":"CC-BY-4.0"}},{"type":"Feature","geometry":{"type":"Point","coordinates":[-59.875,-62.625]},"properties":{"records":462,"observed_taxa_in_cell":56,"source":"ANTABIF 2025 / Terauds","role":"TERRESTRIAL_RECORD_DENSITY","license":"CC-BY-4.0"}},{"type":"Feature","geometry":{"type":"Point","coordinates":[-59.875,-62.375]},"properties":{"records":429,"observed_taxa_in_cell":46,"source":"ANTABIF 2025 / Terauds","role":"TERRESTRIAL_RECORD_DENSITY","license":"CC-BY-4.0"}},{"type":"Feature","geometry":{"type":"Point","coordinates":[-59.625,-65.125]},"properties":{"records":1,"observed_taxa_in_cell":1,"source":"ANTABIF 2025 / Terauds","role":"TERRESTRIAL_RECORD_DENSITY","license":"CC-BY-4.0"}},{"type":"Feature","geometry":{"type":"Point","coordinates":[-59.625,-64.625]},"properties":{"records":3,"observed_taxa_in_cell":3,"source":"ANTABIF 2025 / Terauds","role":"TERRESTRIAL_RECORD_DENSITY","license":"CC-BY-4.0"}},{"type":"Feature","geometry":{"type":"Point","coordinates":[-59.625,-62.625]},"properties":{"records":61,"observed_taxa_in_cell":15,"source":"ANTABIF 2025 / Terauds","role":"TERRESTRIAL_RECORD_DENSITY","license":"CC-BY-4.0"}},{"type":"Feature","geometry":{"type":"Point","coordinates":[-59.625,-62.375]},"properties":{"records":232,"observed_taxa_in_cell":136,"source":"ANTABIF 2025 / Terauds","role":"TERRESTRIAL_RECORD_DENSITY","license":"CC-BY-4.0"}},{"type":"Feature","geometry":{"type":"Point","coordinates":[-59.375,-63.875]},"properties":{"records":19,"observed_taxa_in_cell":19,"source":"ANTABIF 2025 / Terauds","role":"TERRESTRIAL_RECORD_DENSITY","license":"CC-BY-4.0"}},{"type":"Feature","geometry":{"type":"Point","coordinates":[-59.375,-63.625]},"properties":{"records":2,"observed_taxa_in_cell":1,"source":"ANTABIF 2025 / Terauds","role":"TERRESTRIAL_RECORD_DENSITY","license":"CC-BY-4.0"}},{"type":"Feature","geometry":{"type":"Point","coordinates":[-59.375,-62.375]},"properties":{"records":43,"observed_taxa_in_cell":12,"source":"ANTABIF 2025 / Terauds","role":"TERRESTRIAL_RECORD_DENSITY","license":"CC-BY-4.0"}},{"type":"Feature","geometry":{"type":"Point","coordinates":[-59.125,-64.375]},"properties":{"records":3,"observed_taxa_in_cell":3,"source":"ANTABIF 2025 / Terauds","role":"TERRESTRIAL_RECORD_DENSITY","license":"CC-BY-4.0"}},{"type":"Feature","geometry":{"type":"Point","coordinates":[-59.125,-64.125]},"properties":{"records":4,"observed_taxa_in_cell":4,"source":"ANTABIF 2025 / Terauds","role":"TERRESTRIAL_RECORD_DENSITY","license":"CC-BY-4.0"}},{"type":"Feature","geometry":{"type":"Point","coordinates":[-59.125,-63.625]},"properties":{"records":4,"observed_taxa_in_cell":1,"source":"ANTABIF 2025 / Terauds","role":"TERRESTRIAL_RECORD_DENSITY","license":"CC-BY-4.0"}},{"type":"Feature","geometry":{"type":"Point","coordinates":[-59.125,-62.375]},"properties":{"records":50,"observed_taxa_in_cell":42,"source":"ANTABIF 2025 / Terauds","role":"TERRESTRIAL_RECORD_DENSITY","license":"CC-BY-4.0"}},{"type":"Feature","geometry":{"type":"Point","coordinates":[-59.125,-62.125]},"properties":{"records":28,"observed_taxa_in_cell":24,"source":"ANTABIF 2025 / Terauds","role":"TERRESTRIAL_RECORD_DENSITY","license":"CC-BY-4.0"}},{"type":"Feature","geometry":{"type":"Point","coordinates":[-58.875,-83.875]},"properties":{"records":1,"observed_taxa_in_cell":1,"source":"ANTABIF 2025 / Terauds","role":"TERRESTRIAL_RECORD_DENSITY","license":"CC-BY-4.0"}},{"type":"Feature","geometry":{"type":"Point","coordinates":[-58.875,-64.625]},"properties":{"records":1,"observed_taxa_in_cell":1,"source":"ANTABIF 2025 / Terauds","role":"TERRESTRIAL_RECORD_DENSITY","license":"CC-BY-4.0"}},{"type":"Feature","geometry":{"type":"Point","coordinates":[-58.875,-64.125]},"properties":{"records":1,"observed_taxa_in_cell":1,"source":"ANTABIF 2025 / Terauds","role":"TERRESTRIAL_RECORD_DENSITY","license":"CC-BY-4.0"}},{"type":"Feature","geometry":{"type":"Point","coordinates":[-58.875,-63.625]},"properties":{"records":51,"observed_taxa_in_cell":37,"source":"ANTABIF 2025 / Terauds","role":"TERRESTRIAL_RECORD_DENSITY","license":"CC-BY-4.0"}},{"type":"Feature","geometry":{"type":"Point","coordinates":[-58.875,-62.375]},"properties":{"records":4,"observed_taxa_in_cell":3,"source":"ANTABIF 2025 / Terauds","role":"TERRESTRIAL_RECORD_DENSITY","license":"CC-BY-4.0"}},{"type":"Feature","geometry":{"type":"Point","coordinates":[-58.875,-62.125]},"properties":{"records":682,"observed_taxa_in_cell":269,"source":"ANTABIF 2025 / Terauds","role":"TERRESTRIAL_RECORD_DENSITY","license":"CC-BY-4.0"}},{"type":"Feature","geometry":{"type":"Point","coordinates":[-58.625,-83.625]},"properties":{"records":2,"observed_taxa_in_cell":2,"source":"ANTABIF 2025 / Terauds","role":"TERRESTRIAL_RECORD_DENSITY","license":"CC-BY-4.0"}},{"type":"Feature","geometry":{"type":"Point","coordinates":[-58.625,-63.875]},"properties":{"records":8,"observed_taxa_in_cell":8,"source":"ANTABIF 2025 / Terauds","role":"TERRESTRIAL_RECORD_DENSITY","license":"CC-BY-4.0"}},{"type":"Feature","geometry":{"type":"Point","coordinates":[-58.625,-63.625]},"properties":{"records":4,"observed_taxa_in_cell":4,"source":"ANTABIF 2025 / Terauds","role":"TERRESTRIAL_RECORD_DENSITY","license":"CC-BY-4.0"}},{"type":"Feature","geometry":{"type":"Point","coordinates":[-58.625,-63.375]},"properties":{"records":64,"observed_taxa_in_cell":58,"source":"ANTABIF 2025 / Terauds","role":"TERRESTRIAL_RECORD_DENSITY","license":"CC-BY-4.0"}},{"type":"Feature","geometry":{"type":"Point","coordinates":[-58.625,-62.375]},"properties":{"records":57,"observed_taxa_in_cell":28,"source":"ANTABIF 2025 / Terauds","role":"TERRESTRIAL_RECORD_DENSITY","license":"CC-BY-4.0"}},{"type":"Feature","geometry":{"type":"Point","coordinates":[-58.625,-62.125]},"properties":{"records":156,"observed_taxa_in_cell":100,"source":"ANTABIF 2025 / Terauds","role":"TERRESTRIAL_RECORD_DENSITY","license":"CC-BY-4.0"}},{"type":"Feature","geometry":{"type":"Point","coordinates":[-58.625,-61.875]},"properties":{"records":4,"observed_taxa_in_cell":1,"source":"ANTABIF 2025 / Terauds","role":"TERRESTRIAL_RECORD_DENSITY","license":"CC-BY-4.0"}},{"type":"Feature","geometry":{"type":"Point","coordinates":[-58.375,-64.375]},"properties":{"records":3,"observed_taxa_in_cell":3,"source":"ANTABIF 2025 / Terauds","role":"TERRESTRIAL_RECORD_DENSITY","license":"CC-BY-4.0"}},{"type":"Feature","geometry":{"type":"Point","coordinates":[-58.375,-64.125]},"properties":{"records":24,"observed_taxa_in_cell":20,"source":"ANTABIF 2025 / Terauds","role":"TERRESTRIAL_RECORD_DENSITY","license":"CC-BY-4.0"}},{"type":"Feature","geometry":{"type":"Point","coordinates":[-58.375,-63.875]},"properties":{"records":8,"observed_taxa_in_cell":8,"source":"ANTABIF 2025 / Terauds","role":"TERRESTRIAL_RECORD_DENSITY","license":"CC-BY-4.0"}},{"type":"Feature","geometry":{"type":"Point","coordinates":[-58.375,-63.625]},"properties":{"records":5,"observed_taxa_in_cell":5,"source":"ANTABIF 2025 / Terauds","role":"TERRESTRIAL_RECORD_DENSITY","license":"CC-BY-4.0"}},{"type":"Feature","geometry":{"type":"Point","coordinates":[-58.375,-63.375]},"properties":{"records":1,"observed_taxa_in_cell":1,"source":"ANTABIF 2025 / Terauds","role":"TERRESTRIAL_RECORD_DENSITY","license":"CC-BY-4.0"}},{"type":"Feature","geometry":{"type":"Point","coordinates":[-58.375,-62.125]},"properties":{"records":868,"observed_taxa_in_cell":222,"source":"ANTABIF 2025 / Terauds","role":"TERRESTRIAL_RECORD_DENSITY","license":"CC-BY-4.0"}},{"type":"Feature","geometry":{"type":"Point","coordinates":[-58.375,-61.875]},"properties":{"records":11,"observed_taxa_in_cell":4,"source":"ANTABIF 2025 / Terauds","role":"TERRESTRIAL_RECORD_DENSITY","license":"CC-BY-4.0"}},{"type":"Feature","geometry":{"type":"Point","coordinates":[-58.125,-64.375]},"properties":{"records":2,"observed_taxa_in_cell":2,"source":"ANTABIF 2025 / Terauds","role":"TERRESTRIAL_RECORD_DENSITY","license":"CC-BY-4.0"}},{"type":"Feature","geometry":{"type":"Point","coordinates":[-58.125,-64.125]},"properties":{"records":25,"observed_taxa_in_cell":18,"source":"ANTABIF 2025 / Terauds","role":"TERRESTRIAL_RECORD_DENSITY","license":"CC-BY-4.0"}},{"type":"Feature","geometry":{"type":"Point","coordinates":[-58.125,-63.875]},"properties":{"records":10,"observed_taxa_in_cell":10,"source":"ANTABIF 2025 / Terauds","role":"TERRESTRIAL_RECORD_DENSITY","license":"CC-BY-4.0"}},{"type":"Feature","geometry":{"type":"Point","coordinates":[-58.125,-62.125]},"properties":{"records":134,"observed_taxa_in_cell":40,"source":"ANTABIF 2025 / Terauds","role":"TERRESTRIAL_RECORD_DENSITY","license":"CC-BY-4.0"}},{"type":"Feature","geometry":{"type":"Point","coordinates":[-58.125,-61.875]},"properties":{"records":3,"observed_taxa_in_cell":1,"source":"ANTABIF 2025 / Terauds","role":"TERRESTRIAL_RECORD_DENSITY","license":"CC-BY-4.0"}},{"type":"Feature","geometry":{"type":"Point","coordinates":[-57.875,-64.125]},"properties":{"records":10,"observed_taxa_in_cell":10,"source":"ANTABIF 2025 / Terauds","role":"TERRESTRIAL_RECORD_DENSITY","license":"CC-BY-4.0"}},{"type":"Feature","geometry":{"type":"Point","coordinates":[-57.875,-63.875]},"properties":{"records":281,"observed_taxa_in_cell":145,"source":"ANTABIF 2025 / Terauds","role":"TERRESTRIAL_RECORD_DENSITY","license":"CC-BY-4.0"}},{"type":"Feature","geometry":{"type":"Point","coordinates":[-57.875,-63.625]},"properties":{"records":11,"observed_taxa_in_cell":8,"source":"ANTABIF 2025 / Terauds","role":"TERRESTRIAL_RECORD_DENSITY","license":"CC-BY-4.0"}},{"type":"Feature","geometry":{"type":"Point","coordinates":[-57.875,-63.375]},"properties":{"records":23,"observed_taxa_in_cell":21,"source":"ANTABIF 2025 / Terauds","role":"TERRESTRIAL_RECORD_DENSITY","license":"CC-BY-4.0"}},{"type":"Feature","geometry":{"type":"Point","coordinates":[-57.875,-62.125]},"properties":{"records":238,"observed_taxa_in_cell":81,"source":"ANTABIF 2025 / Terauds","role":"TERRESTRIAL_RECORD_DENSITY","license":"CC-BY-4.0"}},{"type":"Feature","geometry":{"type":"Point","coordinates":[-57.875,-61.875]},"properties":{"records":15,"observed_taxa_in_cell":8,"source":"ANTABIF 2025 / Terauds","role":"TERRESTRIAL_RECORD_DENSITY","license":"CC-BY-4.0"}},{"type":"Feature","geometry":{"type":"Point","coordinates":[-57.625,-64.125]},"properties":{"records":34,"observed_taxa_in_cell":34,"source":"ANTABIF 2025 / Terauds","role":"TERRESTRIAL_RECORD_DENSITY","license":"CC-BY-4.0"}},{"type":"Feature","geometry":{"type":"Point","coordinates":[-57.625,-63.875]},"properties":{"records":60,"observed_taxa_in_cell":43,"source":"ANTABIF 2025 / Terauds","role":"TERRESTRIAL_RECORD_DENSITY","license":"CC-BY-4.0"}},{"type":"Feature","geometry":{"type":"Point","coordinates":[-57.625,-63.625]},"properties":{"records":40,"observed_taxa_in_cell":14,"source":"ANTABIF 2025 / Terauds","role":"TERRESTRIAL_RECORD_DENSITY","license":"CC-BY-4.0"}},{"type":"Feature","geometry":{"type":"Point","coordinates":[-57.625,-63.375]},"properties":{"records":16,"observed_taxa_in_cell":14,"source":"ANTABIF 2025 / Terauds","role":"TERRESTRIAL_RECORD_DENSITY","license":"CC-BY-4.0"}},{"type":"Feature","geometry":{"type":"Point","coordinates":[-57.625,-62.125]},"properties":{"records":3,"observed_taxa_in_cell":1,"source":"ANTABIF 2025 / Terauds","role":"TERRESTRIAL_RECORD_DENSITY","license":"CC-BY-4.0"}},{"type":"Feature","geometry":{"type":"Point","coordinates":[-57.625,-61.875]},"properties":{"records":12,"observed_taxa_in_cell":4,"source":"ANTABIF 2025 / Terauds","role":"TERRESTRIAL_RECORD_DENSITY","license":"CC-BY-4.0"}},{"type":"Feature","geometry":{"type":"Point","coordinates":[-57.375,-64.625]},"properties":{"records":23,"observed_taxa_in_cell":8,"source":"ANTABIF 2025 / Terauds","role":"TERRESTRIAL_RECORD_DENSITY","license":"CC-BY-4.0"}},{"type":"Feature","geometry":{"type":"Point","coordinates":[-57.375,-64.375]},"properties":{"records":17,"observed_taxa_in_cell":15,"source":"ANTABIF 2025 / Terauds","role":"TERRESTRIAL_RECORD_DENSITY","license":"CC-BY-4.0"}},{"type":"Feature","geometry":{"type":"Point","coordinates":[-57.375,-63.875]},"properties":{"records":164,"observed_taxa_in_cell":71,"source":"ANTABIF 2025 / Terauds","role":"TERRESTRIAL_RECORD_DENSITY","license":"CC-BY-4.0"}},{"type":"Feature","geometry":{"type":"Point","coordinates":[-57.375,-63.625]},"properties":{"records":3,"observed_taxa_in_cell":3,"source":"ANTABIF 2025 / Terauds","role":"TERRESTRIAL_RECORD_DENSITY","license":"CC-BY-4.0"}},{"type":"Feature","geometry":{"type":"Point","coordinates":[-57.375,-63.125]},"properties":{"records":54,"observed_taxa_in_cell":13,"source":"ANTABIF 2025 / Terauds","role":"TERRESTRIAL_RECORD_DENSITY","license":"CC-BY-4.0"}},{"type":"Feature","geometry":{"type":"Point","coordinates":[-57.125,-64.375]},"properties":{"records":4,"observed_taxa_in_cell":4,"source":"ANTABIF 2025 / Terauds","role":"TERRESTRIAL_RECORD_DENSITY","license":"CC-BY-4.0"}},{"type":"Feature","geometry":{"type":"Point","coordinates":[-57.125,-64.125]},"properties":{"records":1,"observed_taxa_in_cell":1,"source":"ANTABIF 2025 / Terauds","role":"TERRESTRIAL_RECORD_DENSITY","license":"CC-BY-4.0"}},{"type":"Feature","geometry":{"type":"Point","coordinates":[-57.125,-63.625]},"properties":{"records":18,"observed_taxa_in_cell":12,"source":"ANTABIF 2025 / Terauds","role":"TERRESTRIAL_RECORD_DENSITY","license":"CC-BY-4.0"}},{"type":"Feature","geometry":{"type":"Point","coordinates":[-57.125,-63.375]},"properties":{"records":121,"observed_taxa_in_cell":64,"source":"ANTABIF 2025 / Terauds","role":"TERRESTRIAL_RECORD_DENSITY","license":"CC-BY-4.0"}},{"type":"Feature","geometry":{"type":"Point","coordinates":[-57.125,-63.125]},"properties":{"records":3,"observed_taxa_in_cell":3,"source":"ANTABIF 2025 / Terauds","role":"TERRESTRIAL_RECORD_DENSITY","license":"CC-BY-4.0"}},{"type":"Feature","geometry":{"type":"Point","coordinates":[-56.875,-64.375]},"properties":{"records":9,"observed_taxa_in_cell":8,"source":"ANTABIF 2025 / Terauds","role":"TERRESTRIAL_RECORD_DENSITY","license":"CC-BY-4.0"}},{"type":"Feature","geometry":{"type":"Point","coordinates":[-56.875,-64.125]},"properties":{"records":62,"observed_taxa_in_cell":58,"source":"ANTABIF 2025 / Terauds","role":"TERRESTRIAL_RECORD_DENSITY","license":"CC-BY-4.0"}},{"type":"Feature","geometry":{"type":"Point","coordinates":[-56.875,-63.625]},"properties":{"records":431,"observed_taxa_in_cell":24,"source":"ANTABIF 2025 / Terauds","role":"TERRESTRIAL_RECORD_DENSITY","license":"CC-BY-4.0"}},{"type":"Feature","geometry":{"type":"Point","coordinates":[-56.875,-63.375]},"properties":{"records":101,"observed_taxa_in_cell":63,"source":"ANTABIF 2025 / Terauds","role":"TERRESTRIAL_RECORD_DENSITY","license":"CC-BY-4.0"}},{"type":"Feature","geometry":{"type":"Point","coordinates":[-56.625,-64.375]},"properties":{"records":29,"observed_taxa_in_cell":14,"source":"ANTABIF 2025 / Terauds","role":"TERRESTRIAL_RECORD_DENSITY","license":"CC-BY-4.0"}},{"type":"Feature","geometry":{"type":"Point","coordinates":[-56.625,-64.125]},"properties":{"records":15,"observed_taxa_in_cell":14,"source":"ANTABIF 2025 / Terauds","role":"TERRESTRIAL_RECORD_DENSITY","license":"CC-BY-4.0"}},{"type":"Feature","geometry":{"type":"Point","coordinates":[-56.625,-63.625]},"properties":{"records":14,"observed_taxa_in_cell":7,"source":"ANTABIF 2025 / Terauds","role":"TERRESTRIAL_RECORD_DENSITY","license":"CC-BY-4.0"}},{"type":"Feature","geometry":{"type":"Point","coordinates":[-56.625,-63.125]},"properties":{"records":3,"observed_taxa_in_cell":2,"source":"ANTABIF 2025 / Terauds","role":"TERRESTRIAL_RECORD_DENSITY","license":"CC-BY-4.0"}},{"type":"Feature","geometry":{"type":"Point","coordinates":[-56.375,-83.625]},"properties":{"records":1,"observed_taxa_in_cell":1,"source":"ANTABIF 2025 / Terauds","role":"TERRESTRIAL_RECORD_DENSITY","license":"CC-BY-4.0"}},{"type":"Feature","geometry":{"type":"Point","coordinates":[-56.375,-63.625]},"properties":{"records":1,"observed_taxa_in_cell":1,"source":"ANTABIF 2025 / Terauds","role":"TERRESTRIAL_RECORD_DENSITY","license":"CC-BY-4.0"}},{"type":"Feature","geometry":{"type":"Point","coordinates":[-56.375,-63.375]},"properties":{"records":98,"observed_taxa_in_cell":19,"source":"ANTABIF 2025 / Terauds","role":"TERRESTRIAL_RECORD_DENSITY","license":"CC-BY-4.0"}},{"type":"Feature","geometry":{"type":"Point","coordinates":[-56.375,-62.875]},"properties":{"records":1,"observed_taxa_in_cell":1,"source":"ANTABIF 2025 / Terauds","role":"TERRESTRIAL_RECORD_DENSITY","license":"CC-BY-4.0"}},{"type":"Feature","geometry":{"type":"Point","coordinates":[-56.125,-83.375]},"properties":{"records":1,"observed_taxa_in_cell":1,"source":"ANTABIF 2025 / Terauds","role":"TERRESTRIAL_RECORD_DENSITY","license":"CC-BY-4.0"}},{"type":"Feature","geometry":{"type":"Point","coordinates":[-56.125,-63.625]},"properties":{"records":24,"observed_taxa_in_cell":24,"source":"ANTABIF 2025 / Terauds","role":"TERRESTRIAL_RECORD_DENSITY","license":"CC-BY-4.0"}},{"type":"Feature","geometry":{"type":"Point","coordinates":[-56.125,-63.375]},"properties":{"records":1,"observed_taxa_in_cell":1,"source":"ANTABIF 2025 / Terauds","role":"TERRESTRIAL_RECORD_DENSITY","license":"CC-BY-4.0"}},{"type":"Feature","geometry":{"type":"Point","coordinates":[-56.125,-63.125]},"properties":{"records":5,"observed_taxa_in_cell":5,"source":"ANTABIF 2025 / Terauds","role":"TERRESTRIAL_RECORD_DENSITY","license":"CC-BY-4.0"}},{"type":"Feature","geometry":{"type":"Point","coordinates":[-55.875,-83.625]},"properties":{"records":1,"observed_taxa_in_cell":1,"source":"ANTABIF 2025 / Terauds","role":"TERRESTRIAL_RECORD_DENSITY","license":"CC-BY-4.0"}},{"type":"Feature","geometry":{"type":"Point","coordinates":[-55.875,-63.625]},"properties":{"records":286,"observed_taxa_in_cell":21,"source":"ANTABIF 2025 / Terauds","role":"TERRESTRIAL_RECORD_DENSITY","license":"CC-BY-4.0"}},{"type":"Feature","geometry":{"type":"Point","coordinates":[-55.875,-63.375]},"properties":{"records":77,"observed_taxa_in_cell":73,"source":"ANTABIF 2025 / Terauds","role":"TERRESTRIAL_RECORD_DENSITY","license":"CC-BY-4.0"}},{"type":"Feature","geometry":{"type":"Point","coordinates":[-55.875,-63.125]},"properties":{"records":2,"observed_taxa_in_cell":2,"source":"ANTABIF 2025 / Terauds","role":"TERRESTRIAL_RECORD_DENSITY","license":"CC-BY-4.0"}},{"type":"Feature","geometry":{"type":"Point","coordinates":[-55.875,-61.625]},"properties":{"records":1,"observed_taxa_in_cell":1,"source":"ANTABIF 2025 / Terauds","role":"TERRESTRIAL_RECORD_DENSITY","license":"CC-BY-4.0"}},{"type":"Feature","geometry":{"type":"Point","coordinates":[-55.875,-61.375]},"properties":{"records":42,"observed_taxa_in_cell":27,"source":"ANTABIF 2025 / Terauds","role":"TERRESTRIAL_RECORD_DENSITY","license":"CC-BY-4.0"}},{"type":"Feature","geometry":{"type":"Point","coordinates":[-55.625,-63.375]},"properties":{"records":39,"observed_taxa_in_cell":14,"source":"ANTABIF 2025 / Terauds","role":"TERRESTRIAL_RECORD_DENSITY","license":"CC-BY-4.0"}},{"type":"Feature","geometry":{"type":"Point","coordinates":[-55.625,-63.125]},"properties":{"records":4,"observed_taxa_in_cell":3,"source":"ANTABIF 2025 / Terauds","role":"TERRESTRIAL_RECORD_DENSITY","license":"CC-BY-4.0"}},{"type":"Feature","geometry":{"type":"Point","coordinates":[-55.625,-61.375]},"properties":{"records":41,"observed_taxa_in_cell":38,"source":"ANTABIF 2025 / Terauds","role":"TERRESTRIAL_RECORD_DENSITY","license":"CC-BY-4.0"}},{"type":"Feature","geometry":{"type":"Point","coordinates":[-55.375,-63.125]},"properties":{"records":4,"observed_taxa_in_cell":2,"source":"ANTABIF 2025 / Terauds","role":"TERRESTRIAL_RECORD_DENSITY","license":"CC-BY-4.0"}},{"type":"Feature","geometry":{"type":"Point","coordinates":[-55.375,-61.375]},"properties":{"records":3,"observed_taxa_in_cell":3,"source":"ANTABIF 2025 / Terauds","role":"TERRESTRIAL_RECORD_DENSITY","license":"CC-BY-4.0"}},{"type":"Feature","geometry":{"type":"Point","coordinates":[-55.375,-61.125]},"properties":{"records":59,"observed_taxa_in_cell":42,"source":"ANTABIF 2025 / Terauds","role":"TERRESTRIAL_RECORD_DENSITY","license":"CC-BY-4.0"}},{"type":"Feature","geometry":{"type":"Point","coordinates":[-55.375,-60.875]},"properties":{"records":1,"observed_taxa_in_cell":1,"source":"ANTABIF 2025 / Terauds","role":"TERRESTRIAL_RECORD_DENSITY","license":"CC-BY-4.0"}},{"type":"Feature","geometry":{"type":"Point","coordinates":[-55.125,-63.125]},"properties":{"records":1,"observed_taxa_in_cell":1,"source":"ANTABIF 2025 / Terauds","role":"TERRESTRIAL_RECORD_DENSITY","license":"CC-BY-4.0"}},{"type":"Feature","geometry":{"type":"Point","coordinates":[-55.125,-61.375]},"properties":{"records":107,"observed_taxa_in_cell":17,"source":"ANTABIF 2025 / Terauds","role":"TERRESTRIAL_RECORD_DENSITY","license":"CC-BY-4.0"}},{"type":"Feature","geometry":{"type":"Point","coordinates":[-55.125,-61.125]},"properties":{"records":148,"observed_taxa_in_cell":104,"source":"ANTABIF 2025 / Terauds","role":"TERRESTRIAL_RECORD_DENSITY","license":"CC-BY-4.0"}},{"type":"Feature","geometry":{"type":"Point","coordinates":[-54.875,-63.375]},"properties":{"records":6,"observed_taxa_in_cell":2,"source":"ANTABIF 2025 / Terauds","role":"TERRESTRIAL_RECORD_DENSITY","license":"CC-BY-4.0"}},{"type":"Feature","geometry":{"type":"Point","coordinates":[-54.875,-61.125]},"properties":{"records":152,"observed_taxa_in_cell":42,"source":"ANTABIF 2025 / Terauds","role":"TERRESTRIAL_RECORD_DENSITY","license":"CC-BY-4.0"}},{"type":"Feature","geometry":{"type":"Point","coordinates":[-54.625,-63.375]},"properties":{"records":56,"observed_taxa_in_cell":14,"source":"ANTABIF 2025 / Terauds","role":"TERRESTRIAL_RECORD_DENSITY","license":"CC-BY-4.0"}},{"type":"Feature","geometry":{"type":"Point","coordinates":[-54.625,-61.125]},"properties":{"records":49,"observed_taxa_in_cell":40,"source":"ANTABIF 2025 / Terauds","role":"TERRESTRIAL_RECORD_DENSITY","license":"CC-BY-4.0"}},{"type":"Feature","geometry":{"type":"Point","coordinates":[-54.375,-61.125]},"properties":{"records":1,"observed_taxa_in_cell":1,"source":"ANTABIF 2025 / Terauds","role":"TERRESTRIAL_RECORD_DENSITY","license":"CC-BY-4.0"}},{"type":"Feature","geometry":{"type":"Point","coordinates":[-54.125,-61.375]},"properties":{"records":25,"observed_taxa_in_cell":17,"source":"ANTABIF 2025 / Terauds","role":"TERRESTRIAL_RECORD_DENSITY","license":"CC-BY-4.0"}},{"type":"Feature","geometry":{"type":"Point","coordinates":[-54.125,-61.125]},"properties":{"records":18,"observed_taxa_in_cell":15,"source":"ANTABIF 2025 / Terauds","role":"TERRESTRIAL_RECORD_DENSITY","license":"CC-BY-4.0"}},{"type":"Feature","geometry":{"type":"Point","coordinates":[-51.875,-82.625]},"properties":{"records":1,"observed_taxa_in_cell":1,"source":"ANTABIF 2025 / Terauds","role":"TERRESTRIAL_RECORD_DENSITY","license":"CC-BY-4.0"}},{"type":"Feature","geometry":{"type":"Point","coordinates":[-51.625,-82.625]},"properties":{"records":1,"observed_taxa_in_cell":1,"source":"ANTABIF 2025 / Terauds","role":"TERRESTRIAL_RECORD_DENSITY","license":"CC-BY-4.0"}},{"type":"Feature","geometry":{"type":"Point","coordinates":[-51.125,-82.375]},"properties":{"records":14,"observed_taxa_in_cell":13,"source":"ANTABIF 2025 / Terauds","role":"TERRESTRIAL_RECORD_DENSITY","license":"CC-BY-4.0"}},{"type":"Feature","geometry":{"type":"Point","coordinates":[-47.625,-77.625]},"properties":{"records":1,"observed_taxa_in_cell":1,"source":"ANTABIF 2025 / Terauds","role":"TERRESTRIAL_RECORD_DENSITY","license":"CC-BY-4.0"}},{"type":"Feature","geometry":{"type":"Point","coordinates":[-46.625,-60.625]},"properties":{"records":1,"observed_taxa_in_cell":1,"source":"ANTABIF 2025 / Terauds","role":"TERRESTRIAL_RECORD_DENSITY","license":"CC-BY-4.0"}},{"type":"Feature","geometry":{"type":"Point","coordinates":[-46.125,-60.625]},"properties":{"records":75,"observed_taxa_in_cell":47,"source":"ANTABIF 2025 / Terauds","role":"TERRESTRIAL_RECORD_DENSITY","license":"CC-BY-4.0"}},{"type":"Feature","geometry":{"type":"Point","coordinates":[-45.875,-60.625]},"properties":{"records":34,"observed_taxa_in_cell":26,"source":"ANTABIF 2025 / Terauds","role":"TERRESTRIAL_RECORD_DENSITY","license":"CC-BY-4.0"}},{"type":"Feature","geometry":{"type":"Point","coordinates":[-45.625,-60.625]},"properties":{"records":2338,"observed_taxa_in_cell":524,"source":"ANTABIF 2025 / Terauds","role":"TERRESTRIAL_RECORD_DENSITY","license":"CC-BY-4.0"}},{"type":"Feature","geometry":{"type":"Point","coordinates":[-45.375,-60.625]},"properties":{"records":137,"observed_taxa_in_cell":82,"source":"ANTABIF 2025 / Terauds","role":"TERRESTRIAL_RECORD_DENSITY","license":"CC-BY-4.0"}},{"type":"Feature","geometry":{"type":"Point","coordinates":[-45.125,-60.875]},"properties":{"records":67,"observed_taxa_in_cell":58,"source":"ANTABIF 2025 / Terauds","role":"TERRESTRIAL_RECORD_DENSITY","license":"CC-BY-4.0"}},{"type":"Feature","geometry":{"type":"Point","coordinates":[-45.125,-60.625]},"properties":{"records":138,"observed_taxa_in_cell":70,"source":"ANTABIF 2025 / Terauds","role":"TERRESTRIAL_RECORD_DENSITY","license":"CC-BY-4.0"}},{"type":"Feature","geometry":{"type":"Point","coordinates":[-44.875,-60.875]},"properties":{"records":1,"observed_taxa_in_cell":1,"source":"ANTABIF 2025 / Terauds","role":"TERRESTRIAL_RECORD_DENSITY","license":"CC-BY-4.0"}},{"type":"Feature","geometry":{"type":"Point","coordinates":[-44.875,-60.625]},"properties":{"records":43,"observed_taxa_in_cell":30,"source":"ANTABIF 2025 / Terauds","role":"TERRESTRIAL_RECORD_DENSITY","license":"CC-BY-4.0"}},{"type":"Feature","geometry":{"type":"Point","coordinates":[-44.625,-60.875]},"properties":{"records":50,"observed_taxa_in_cell":28,"source":"ANTABIF 2025 / Terauds","role":"TERRESTRIAL_RECORD_DENSITY","license":"CC-BY-4.0"}},{"type":"Feature","geometry":{"type":"Point","coordinates":[-44.625,-60.625]},"properties":{"records":50,"observed_taxa_in_cell":30,"source":"ANTABIF 2025 / Terauds","role":"TERRESTRIAL_RECORD_DENSITY","license":"CC-BY-4.0"}},{"type":"Feature","geometry":{"type":"Point","coordinates":[-44.375,-60.625]},"properties":{"records":26,"observed_taxa_in_cell":13,"source":"ANTABIF 2025 / Terauds","role":"TERRESTRIAL_RECORD_DENSITY","license":"CC-BY-4.0"}},{"type":"Feature","geometry":{"type":"Point","coordinates":[-33.625,-77.875]},"properties":{"records":1,"observed_taxa_in_cell":1,"source":"ANTABIF 2025 / Terauds","role":"TERRESTRIAL_RECORD_DENSITY","license":"CC-BY-4.0"}},{"type":"Feature","geometry":{"type":"Point","coordinates":[-29.875,-80.625]},"properties":{"records":2,"observed_taxa_in_cell":2,"source":"ANTABIF 2025 / Terauds","role":"TERRESTRIAL_RECORD_DENSITY","license":"CC-BY-4.0"}},{"type":"Feature","geometry":{"type":"Point","coordinates":[-29.875,-80.375]},"properties":{"records":5,"observed_taxa_in_cell":5,"source":"ANTABIF 2025 / Terauds","role":"TERRESTRIAL_RECORD_DENSITY","license":"CC-BY-4.0"}},{"type":"Feature","geometry":{"type":"Point","coordinates":[-29.125,-80.375]},"properties":{"records":1,"observed_taxa_in_cell":1,"source":"ANTABIF 2025 / Terauds","role":"TERRESTRIAL_RECORD_DENSITY","license":"CC-BY-4.0"}},{"type":"Feature","geometry":{"type":"Point","coordinates":[-28.875,-79.125]},"properties":{"records":1,"observed_taxa_in_cell":1,"source":"ANTABIF 2025 / Terauds","role":"TERRESTRIAL_RECORD_DENSITY","license":"CC-BY-4.0"}},{"type":"Feature","geometry":{"type":"Point","coordinates":[-28.625,-80.625]},"properties":{"records":1,"observed_taxa_in_cell":1,"source":"ANTABIF 2025 / Terauds","role":"TERRESTRIAL_RECORD_DENSITY","license":"CC-BY-4.0"}},{"type":"Feature","geometry":{"type":"Point","coordinates":[-28.375,-80.375]},"properties":{"records":1,"observed_taxa_in_cell":1,"source":"ANTABIF 2025 / Terauds","role":"TERRESTRIAL_RECORD_DENSITY","license":"CC-BY-4.0"}},{"type":"Feature","geometry":{"type":"Point","coordinates":[-28.375,-79.125]},"properties":{"records":6,"observed_taxa_in_cell":6,"source":"ANTABIF 2025 / Terauds","role":"TERRESTRIAL_RECORD_DENSITY","license":"CC-BY-4.0"}},{"type":"Feature","geometry":{"type":"Point","coordinates":[-28.125,-79.125]},"properties":{"records":2,"observed_taxa_in_cell":2,"source":"ANTABIF 2025 / Terauds","role":"TERRESTRIAL_RECORD_DENSITY","license":"CC-BY-4.0"}},{"type":"Feature","geometry":{"type":"Point","coordinates":[-27.625,-80.375]},"properties":{"records":1,"observed_taxa_in_cell":1,"source":"ANTABIF 2025 / Terauds","role":"TERRESTRIAL_RECORD_DENSITY","license":"CC-BY-4.0"}},{"type":"Feature","geometry":{"type":"Point","coordinates":[-27.375,-78.875]},"properties":{"records":6,"observed_taxa_in_cell":6,"source":"ANTABIF 2025 / Terauds","role":"TERRESTRIAL_RECORD_DENSITY","license":"CC-BY-4.0"}},{"type":"Feature","geometry":{"type":"Point","coordinates":[-27.375,-75.625]},"properties":{"records":4,"observed_taxa_in_cell":1,"source":"ANTABIF 2025 / Terauds","role":"TERRESTRIAL_RECORD_DENSITY","license":"CC-BY-4.0"}},{"type":"Feature","geometry":{"type":"Point","coordinates":[-26.625,-76.125]},"properties":{"records":2,"observed_taxa_in_cell":1,"source":"ANTABIF 2025 / Terauds","role":"TERRESTRIAL_RECORD_DENSITY","license":"CC-BY-4.0"}},{"type":"Feature","geometry":{"type":"Point","coordinates":[-25.625,-80.375]},"properties":{"records":2,"observed_taxa_in_cell":1,"source":"ANTABIF 2025 / Terauds","role":"TERRESTRIAL_RECORD_DENSITY","license":"CC-BY-4.0"}},{"type":"Feature","geometry":{"type":"Point","coordinates":[-23.875,-80.625]},"properties":{"records":1,"observed_taxa_in_cell":1,"source":"ANTABIF 2025 / Terauds","role":"TERRESTRIAL_RECORD_DENSITY","license":"CC-BY-4.0"}},{"type":"Feature","geometry":{"type":"Point","coordinates":[-23.125,-74.125]},"properties":{"records":2,"observed_taxa_in_cell":1,"source":"ANTABIF 2025 / Terauds","role":"TERRESTRIAL_RECORD_DENSITY","license":"CC-BY-4.0"}},{"type":"Feature","geometry":{"type":"Point","coordinates":[-21.625,-80.375]},"properties":{"records":1,"observed_taxa_in_cell":1,"source":"ANTABIF 2025 / Terauds","role":"TERRESTRIAL_RECORD_DENSITY","license":"CC-BY-4.0"}},{"type":"Feature","geometry":{"type":"Point","coordinates":[-19.375,-72.875]},"properties":{"records":2,"observed_taxa_in_cell":1,"source":"ANTABIF 2025 / Terauds","role":"TERRESTRIAL_RECORD_DENSITY","license":"CC-BY-4.0"}},{"type":"Feature","geometry":{"type":"Point","coordinates":[-15.625,-73.875]},"properties":{"records":4,"observed_taxa_in_cell":4,"source":"ANTABIF 2025 / Terauds","role":"TERRESTRIAL_RECORD_DENSITY","license":"CC-BY-4.0"}},{"type":"Feature","geometry":{"type":"Point","coordinates":[-15.125,-73.625]},"properties":{"records":7,"observed_taxa_in_cell":7,"source":"ANTABIF 2025 / Terauds","role":"TERRESTRIAL_RECORD_DENSITY","license":"CC-BY-4.0"}},{"type":"Feature","geometry":{"type":"Point","coordinates":[-15.125,-72.125]},"properties":{"records":2,"observed_taxa_in_cell":1,"source":"ANTABIF 2025 / Terauds","role":"TERRESTRIAL_RECORD_DENSITY","license":"CC-BY-4.0"}},{"type":"Feature","geometry":{"type":"Point","coordinates":[-14.875,-73.625]},"properties":{"records":6,"observed_taxa_in_cell":6,"source":"ANTABIF 2025 / Terauds","role":"TERRESTRIAL_RECORD_DENSITY","license":"CC-BY-4.0"}},{"type":"Feature","geometry":{"type":"Point","coordinates":[-14.625,-74.625]},"properties":{"records":1,"observed_taxa_in_cell":1,"source":"ANTABIF 2025 / Terauds","role":"TERRESTRIAL_RECORD_DENSITY","license":"CC-BY-4.0"}},{"type":"Feature","geometry":{"type":"Point","coordinates":[-14.625,-73.625]},"properties":{"records":1,"observed_taxa_in_cell":1,"source":"ANTABIF 2025 / Terauds","role":"TERRESTRIAL_RECORD_DENSITY","license":"CC-BY-4.0"}},{"type":"Feature","geometry":{"type":"Point","coordinates":[-14.125,-73.375]},"properties":{"records":22,"observed_taxa_in_cell":9,"source":"ANTABIF 2025 / Terauds","role":"TERRESTRIAL_RECORD_DENSITY","license":"CC-BY-4.0"}},{"type":"Feature","geometry":{"type":"Point","coordinates":[-13.875,-73.125]},"properties":{"records":19,"observed_taxa_in_cell":15,"source":"ANTABIF 2025 / Terauds","role":"TERRESTRIAL_RECORD_DENSITY","license":"CC-BY-4.0"}},{"type":"Feature","geometry":{"type":"Point","coordinates":[-13.375,-73.125]},"properties":{"records":63,"observed_taxa_in_cell":35,"source":"ANTABIF 2025 / Terauds","role":"TERRESTRIAL_RECORD_DENSITY","license":"CC-BY-4.0"}},{"type":"Feature","geometry":{"type":"Point","coordinates":[-13.125,-73.375]},"properties":{"records":40,"observed_taxa_in_cell":21,"source":"ANTABIF 2025 / Terauds","role":"TERRESTRIAL_RECORD_DENSITY","license":"CC-BY-4.0"}},{"type":"Feature","geometry":{"type":"Point","coordinates":[-12.375,-75.125]},"properties":{"records":2,"observed_taxa_in_cell":2,"source":"ANTABIF 2025 / Terauds","role":"TERRESTRIAL_RECORD_DENSITY","license":"CC-BY-4.0"}},{"type":"Feature","geometry":{"type":"Point","coordinates":[-12.375,-74.875]},"properties":{"records":18,"observed_taxa_in_cell":17,"source":"ANTABIF 2025 / Terauds","role":"TERRESTRIAL_RECORD_DENSITY","license":"CC-BY-4.0"}},{"type":"Feature","geometry":{"type":"Point","coordinates":[-11.375,-74.625]},"properties":{"records":28,"observed_taxa_in_cell":13,"source":"ANTABIF 2025 / Terauds","role":"TERRESTRIAL_RECORD_DENSITY","license":"CC-BY-4.0"}},{"type":"Feature","geometry":{"type":"Point","coordinates":[-11.125,-74.625]},"properties":{"records":54,"observed_taxa_in_cell":26,"source":"ANTABIF 2025 / Terauds","role":"TERRESTRIAL_RECORD_DENSITY","license":"CC-BY-4.0"}},{"type":"Feature","geometry":{"type":"Point","coordinates":[-10.625,-74.625]},"properties":{"records":1,"observed_taxa_in_cell":1,"source":"ANTABIF 2025 / Terauds","role":"TERRESTRIAL_RECORD_DENSITY","license":"CC-BY-4.0"}},{"type":"Feature","geometry":{"type":"Point","coordinates":[-9.625,-74.375]},"properties":{"records":1,"observed_taxa_in_cell":1,"source":"ANTABIF 2025 / Terauds","role":"TERRESTRIAL_RECORD_DENSITY","license":"CC-BY-4.0"}},{"type":"Feature","geometry":{"type":"Point","coordinates":[-8.125,-70.625]},"properties":{"records":2,"observed_taxa_in_cell":1,"source":"ANTABIF 2025 / Terauds","role":"TERRESTRIAL_RECORD_DENSITY","license":"CC-BY-4.0"}},{"type":"Feature","geometry":{"type":"Point","coordinates":[-3.375,-71.375]},"properties":{"records":30,"observed_taxa_in_cell":30,"source":"ANTABIF 2025 / Terauds","role":"TERRESTRIAL_RECORD_DENSITY","license":"CC-BY-4.0"}},{"type":"Feature","geometry":{"type":"Point","coordinates":[-3.125,-71.875]},"properties":{"records":2,"observed_taxa_in_cell":2,"source":"ANTABIF 2025 / Terauds","role":"TERRESTRIAL_RECORD_DENSITY","license":"CC-BY-4.0"}},{"type":"Feature","geometry":{"type":"Point","coordinates":[-3.125,-71.375]},"properties":{"records":26,"observed_taxa_in_cell":25,"source":"ANTABIF 2025 / Terauds","role":"TERRESTRIAL_RECORD_DENSITY","license":"CC-BY-4.0"}},{"type":"Feature","geometry":{"type":"Point","coordinates":[-2.375,-72.375]},"properties":{"records":3,"observed_taxa_in_cell":3,"source":"ANTABIF 2025 / Terauds","role":"TERRESTRIAL_RECORD_DENSITY","license":"CC-BY-4.0"}},{"type":"Feature","geometry":{"type":"Point","coordinates":[-2.125,-71.875]},"properties":{"records":2,"observed_taxa_in_cell":2,"source":"ANTABIF 2025 / Terauds","role":"TERRESTRIAL_RECORD_DENSITY","license":"CC-BY-4.0"}},{"type":"Feature","geometry":{"type":"Point","coordinates":[-1.375,-69.875]},"properties":{"records":2,"observed_taxa_in_cell":1,"source":"ANTABIF 2025 / Terauds","role":"TERRESTRIAL_RECORD_DENSITY","license":"CC-BY-4.0"}},{"type":"Feature","geometry":{"type":"Point","coordinates":[-0.375,-72.375]},"properties":{"records":1,"observed_taxa_in_cell":1,"source":"ANTABIF 2025 / Terauds","role":"TERRESTRIAL_RECORD_DENSITY","license":"CC-BY-4.0"}},{"type":"Feature","geometry":{"type":"Point","coordinates":[-0.375,-72.125]},"properties":{"records":2,"observed_taxa_in_cell":2,"source":"ANTABIF 2025 / Terauds","role":"TERRESTRIAL_RECORD_DENSITY","license":"CC-BY-4.0"}},{"type":"Feature","geometry":{"type":"Point","coordinates":[-0.125,-72.125]},"properties":{"records":2,"observed_taxa_in_cell":2,"source":"ANTABIF 2025 / Terauds","role":"TERRESTRIAL_RECORD_DENSITY","license":"CC-BY-4.0"}},{"type":"Feature","geometry":{"type":"Point","coordinates":[0.125,-72.625]},"properties":{"records":1,"observed_taxa_in_cell":1,"source":"ANTABIF 2025 / Terauds","role":"TERRESTRIAL_RECORD_DENSITY","license":"CC-BY-4.0"}},{"type":"Feature","geometry":{"type":"Point","coordinates":[0.375,-72.875]},"properties":{"records":1,"observed_taxa_in_cell":1,"source":"ANTABIF 2025 / Terauds","role":"TERRESTRIAL_RECORD_DENSITY","license":"CC-BY-4.0"}},{"type":"Feature","geometry":{"type":"Point","coordinates":[0.375,-72.625]},"properties":{"records":1,"observed_taxa_in_cell":1,"source":"ANTABIF 2025 / Terauds","role":"TERRESTRIAL_RECORD_DENSITY","license":"CC-BY-4.0"}},{"type":"Feature","geometry":{"type":"Point","coordinates":[0.875,-72.375]},"properties":{"records":1,"observed_taxa_in_cell":1,"source":"ANTABIF 2025 / Terauds","role":"TERRESTRIAL_RECORD_DENSITY","license":"CC-BY-4.0"}},{"type":"Feature","geometry":{"type":"Point","coordinates":[1.125,-72.125]},"properties":{"records":1,"observed_taxa_in_cell":1,"source":"ANTABIF 2025 / Terauds","role":"TERRESTRIAL_RECORD_DENSITY","license":"CC-BY-4.0"}},{"type":"Feature","geometry":{"type":"Point","coordinates":[1.375,-72.375]},"properties":{"records":1,"observed_taxa_in_cell":1,"source":"ANTABIF 2025 / Terauds","role":"TERRESTRIAL_RECORD_DENSITY","license":"CC-BY-4.0"}},{"type":"Feature","geometry":{"type":"Point","coordinates":[1.375,-72.125]},"properties":{"records":2,"observed_taxa_in_cell":2,"source":"ANTABIF 2025 / Terauds","role":"TERRESTRIAL_RECORD_DENSITY","license":"CC-BY-4.0"}},{"type":"Feature","geometry":{"type":"Point","coordinates":[2.625,-72.125]},"properties":{"records":2,"observed_taxa_in_cell":2,"source":"ANTABIF 2025 / Terauds","role":"TERRESTRIAL_RECORD_DENSITY","license":"CC-BY-4.0"}},{"type":"Feature","geometry":{"type":"Point","coordinates":[2.875,-71.875]},"properties":{"records":3,"observed_taxa_in_cell":3,"source":"ANTABIF 2025 / Terauds","role":"TERRESTRIAL_RECORD_DENSITY","license":"CC-BY-4.0"}},{"type":"Feature","geometry":{"type":"Point","coordinates":[4.875,-71.875]},"properties":{"records":7,"observed_taxa_in_cell":7,"source":"ANTABIF 2025 / Terauds","role":"TERRESTRIAL_RECORD_DENSITY","license":"CC-BY-4.0"}},{"type":"Feature","geometry":{"type":"Point","coordinates":[5.125,-71.875]},"properties":{"records":25,"observed_taxa_in_cell":17,"source":"ANTABIF 2025 / Terauds","role":"TERRESTRIAL_RECORD_DENSITY","license":"CC-BY-4.0"}},{"type":"Feature","geometry":{"type":"Point","coordinates":[5.375,-71.875]},"properties":{"records":1,"observed_taxa_in_cell":1,"source":"ANTABIF 2025 / Terauds","role":"TERRESTRIAL_RECORD_DENSITY","license":"CC-BY-4.0"}},{"type":"Feature","geometry":{"type":"Point","coordinates":[7.375,-71.875]},"properties":{"records":6,"observed_taxa_in_cell":6,"source":"ANTABIF 2025 / Terauds","role":"TERRESTRIAL_RECORD_DENSITY","license":"CC-BY-4.0"}},{"type":"Feature","geometry":{"type":"Point","coordinates":[8.375,-71.625]},"properties":{"records":2,"observed_taxa_in_cell":2,"source":"ANTABIF 2025 / Terauds","role":"TERRESTRIAL_RECORD_DENSITY","license":"CC-BY-4.0"}},{"type":"Feature","geometry":{"type":"Point","coordinates":[8.375,-69.875]},"properties":{"records":1,"observed_taxa_in_cell":1,"source":"ANTABIF 2025 / Terauds","role":"TERRESTRIAL_RECORD_DENSITY","license":"CC-BY-4.0"}},{"type":"Feature","geometry":{"type":"Point","coordinates":[8.875,-71.625]},"properties":{"records":25,"observed_taxa_in_cell":18,"source":"ANTABIF 2025 / Terauds","role":"TERRESTRIAL_RECORD_DENSITY","license":"CC-BY-4.0"}},{"type":"Feature","geometry":{"type":"Point","coordinates":[8.875,-71.375]},"properties":{"records":15,"observed_taxa_in_cell":13,"source":"ANTABIF 2025 / Terauds","role":"TERRESTRIAL_RECORD_DENSITY","license":"CC-BY-4.0"}},{"type":"Feature","geometry":{"type":"Point","coordinates":[11.375,-70.625]},"properties":{"records":8,"observed_taxa_in_cell":7,"source":"ANTABIF 2025 / Terauds","role":"TERRESTRIAL_RECORD_DENSITY","license":"CC-BY-4.0"}},{"type":"Feature","geometry":{"type":"Point","coordinates":[11.625,-71.625]},"properties":{"records":1,"observed_taxa_in_cell":1,"source":"ANTABIF 2025 / Terauds","role":"TERRESTRIAL_RECORD_DENSITY","license":"CC-BY-4.0"}},{"type":"Feature","geometry":{"type":"Point","coordinates":[11.625,-70.875]},"properties":{"records":52,"observed_taxa_in_cell":46,"source":"ANTABIF 2025 / Terauds","role":"TERRESTRIAL_RECORD_DENSITY","license":"CC-BY-4.0"}},{"type":"Feature","geometry":{"type":"Point","coordinates":[11.625,-70.625]},"properties":{"records":177,"observed_taxa_in_cell":127,"source":"ANTABIF 2025 / Terauds","role":"TERRESTRIAL_RECORD_DENSITY","license":"CC-BY-4.0"}},{"type":"Feature","geometry":{"type":"Point","coordinates":[11.875,-70.875]},"properties":{"records":62,"observed_taxa_in_cell":47,"source":"ANTABIF 2025 / Terauds","role":"TERRESTRIAL_RECORD_DENSITY","license":"CC-BY-4.0"}},{"type":"Feature","geometry":{"type":"Point","coordinates":[11.875,-70.625]},"properties":{"records":3,"observed_taxa_in_cell":3,"source":"ANTABIF 2025 / Terauds","role":"TERRESTRIAL_RECORD_DENSITY","license":"CC-BY-4.0"}},{"type":"Feature","geometry":{"type":"Point","coordinates":[13.375,-71.375]},"properties":{"records":15,"observed_taxa_in_cell":15,"source":"ANTABIF 2025 / Terauds","role":"TERRESTRIAL_RECORD_DENSITY","license":"CC-BY-4.0"}},{"type":"Feature","geometry":{"type":"Point","coordinates":[13.625,-71.375]},"properties":{"records":1,"observed_taxa_in_cell":1,"source":"ANTABIF 2025 / Terauds","role":"TERRESTRIAL_RECORD_DENSITY","license":"CC-BY-4.0"}},{"type":"Feature","geometry":{"type":"Point","coordinates":[13.625,-71.125]},"properties":{"records":9,"observed_taxa_in_cell":9,"source":"ANTABIF 2025 / Terauds","role":"TERRESTRIAL_RECORD_DENSITY","license":"CC-BY-4.0"}},{"type":"Feature","geometry":{"type":"Point","coordinates":[15.625,-69.625]},"properties":{"records":1,"observed_taxa_in_cell":1,"source":"ANTABIF 2025 / Terauds","role":"TERRESTRIAL_RECORD_DENSITY","license":"CC-BY-4.0"}},{"type":"Feature","geometry":{"type":"Point","coordinates":[22.125,-72.125]},"properties":{"records":3,"observed_taxa_in_cell":3,"source":"ANTABIF 2025 / Terauds","role":"TERRESTRIAL_RECORD_DENSITY","license":"CC-BY-4.0"}},{"type":"Feature","geometry":{"type":"Point","coordinates":[22.625,-72.125]},"properties":{"records":4,"observed_taxa_in_cell":4,"source":"ANTABIF 2025 / Terauds","role":"TERRESTRIAL_RECORD_DENSITY","license":"CC-BY-4.0"}},{"type":"Feature","geometry":{"type":"Point","coordinates":[22.875,-72.125]},"properties":{"records":1,"observed_taxa_in_cell":1,"source":"ANTABIF 2025 / Terauds","role":"TERRESTRIAL_RECORD_DENSITY","license":"CC-BY-4.0"}},{"type":"Feature","geometry":{"type":"Point","coordinates":[23.125,-72.125]},"properties":{"records":1,"observed_taxa_in_cell":1,"source":"ANTABIF 2025 / Terauds","role":"TERRESTRIAL_RECORD_DENSITY","license":"CC-BY-4.0"}},{"type":"Feature","geometry":{"type":"Point","coordinates":[23.375,-72.125]},"properties":{"records":6,"observed_taxa_in_cell":5,"source":"ANTABIF 2025 / Terauds","role":"TERRESTRIAL_RECORD_DENSITY","license":"CC-BY-4.0"}},{"type":"Feature","geometry":{"type":"Point","coordinates":[23.625,-72.125]},"properties":{"records":1,"observed_taxa_in_cell":1,"source":"ANTABIF 2025 / Terauds","role":"TERRESTRIAL_RECORD_DENSITY","license":"CC-BY-4.0"}},{"type":"Feature","geometry":{"type":"Point","coordinates":[23.875,-72.125]},"properties":{"records":1,"observed_taxa_in_cell":1,"source":"ANTABIF 2025 / Terauds","role":"TERRESTRIAL_RECORD_DENSITY","license":"CC-BY-4.0"}},{"type":"Feature","geometry":{"type":"Point","coordinates":[24.375,-72.375]},"properties":{"records":6,"observed_taxa_in_cell":6,"source":"ANTABIF 2025 / Terauds","role":"TERRESTRIAL_RECORD_DENSITY","license":"CC-BY-4.0"}},{"type":"Feature","geometry":{"type":"Point","coordinates":[24.625,-72.125]},"properties":{"records":1,"observed_taxa_in_cell":1,"source":"ANTABIF 2025 / Terauds","role":"TERRESTRIAL_RECORD_DENSITY","license":"CC-BY-4.0"}},{"type":"Feature","geometry":{"type":"Point","coordinates":[25.125,-72.125]},"properties":{"records":1,"observed_taxa_in_cell":1,"source":"ANTABIF 2025 / Terauds","role":"TERRESTRIAL_RECORD_DENSITY","license":"CC-BY-4.0"}},{"type":"Feature","geometry":{"type":"Point","coordinates":[25.125,-71.875]},"properties":{"records":4,"observed_taxa_in_cell":4,"source":"ANTABIF 2025 / Terauds","role":"TERRESTRIAL_RECORD_DENSITY","license":"CC-BY-4.0"}},{"type":"Feature","geometry":{"type":"Point","coordinates":[27.125,-69.875]},"properties":{"records":1,"observed_taxa_in_cell":1,"source":"ANTABIF 2025 / Terauds","role":"TERRESTRIAL_RECORD_DENSITY","license":"CC-BY-4.0"}},{"type":"Feature","geometry":{"type":"Point","coordinates":[34.375,-68.625]},"properties":{"records":3,"observed_taxa_in_cell":1,"source":"ANTABIF 2025 / Terauds","role":"TERRESTRIAL_RECORD_DENSITY","license":"CC-BY-4.0"}},{"type":"Feature","geometry":{"type":"Point","coordinates":[35.625,-71.625]},"properties":{"records":2,"observed_taxa_in_cell":2,"source":"ANTABIF 2025 / Terauds","role":"TERRESTRIAL_RECORD_DENSITY","license":"CC-BY-4.0"}},{"type":"Feature","geometry":{"type":"Point","coordinates":[35.875,-71.625]},"properties":{"records":1,"observed_taxa_in_cell":1,"source":"ANTABIF 2025 / Terauds","role":"TERRESTRIAL_RECORD_DENSITY","license":"CC-BY-4.0"}},{"type":"Feature","geometry":{"type":"Point","coordinates":[37.625,-69.375]},"properties":{"records":2,"observed_taxa_in_cell":2,"source":"ANTABIF 2025 / Terauds","role":"TERRESTRIAL_RECORD_DENSITY","license":"CC-BY-4.0"}},{"type":"Feature","geometry":{"type":"Point","coordinates":[37.875,-69.625]},"properties":{"records":2,"observed_taxa_in_cell":2,"source":"ANTABIF 2025 / Terauds","role":"TERRESTRIAL_RECORD_DENSITY","license":"CC-BY-4.0"}},{"type":"Feature","geometry":{"type":"Point","coordinates":[38.125,-69.875]},"properties":{"records":3,"observed_taxa_in_cell":3,"source":"ANTABIF 2025 / Terauds","role":"TERRESTRIAL_RECORD_DENSITY","license":"CC-BY-4.0"}},{"type":"Feature","geometry":{"type":"Point","coordinates":[38.375,-69.625]},"properties":{"records":13,"observed_taxa_in_cell":9,"source":"ANTABIF 2025 / Terauds","role":"TERRESTRIAL_RECORD_DENSITY","license":"CC-BY-4.0"}},{"type":"Feature","geometry":{"type":"Point","coordinates":[38.875,-69.875]},"properties":{"records":9,"observed_taxa_in_cell":6,"source":"ANTABIF 2025 / Terauds","role":"TERRESTRIAL_RECORD_DENSITY","license":"CC-BY-4.0"}},{"type":"Feature","geometry":{"type":"Point","coordinates":[38.875,-69.625]},"properties":{"records":2,"observed_taxa_in_cell":2,"source":"ANTABIF 2025 / Terauds","role":"TERRESTRIAL_RECORD_DENSITY","license":"CC-BY-4.0"}},{"type":"Feature","geometry":{"type":"Point","coordinates":[39.125,-69.875]},"properties":{"records":14,"observed_taxa_in_cell":11,"source":"ANTABIF 2025 / Terauds","role":"TERRESTRIAL_RECORD_DENSITY","license":"CC-BY-4.0"}},{"type":"Feature","geometry":{"type":"Point","coordinates":[39.375,-69.625]},"properties":{"records":17,"observed_taxa_in_cell":8,"source":"ANTABIF 2025 / Terauds","role":"TERRESTRIAL_RECORD_DENSITY","license":"CC-BY-4.0"}},{"type":"Feature","geometry":{"type":"Point","coordinates":[39.375,-69.375]},"properties":{"records":15,"observed_taxa_in_cell":1,"source":"ANTABIF 2025 / Terauds","role":"TERRESTRIAL_RECORD_DENSITY","license":"CC-BY-4.0"}},{"type":"Feature","geometry":{"type":"Point","coordinates":[39.375,-69.125]},"properties":{"records":116,"observed_taxa_in_cell":3,"source":"ANTABIF 2025 / Terauds","role":"TERRESTRIAL_RECORD_DENSITY","license":"CC-BY-4.0"}},{"type":"Feature","geometry":{"type":"Point","coordinates":[39.625,-69.625]},"properties":{"records":4,"observed_taxa_in_cell":4,"source":"ANTABIF 2025 / Terauds","role":"TERRESTRIAL_RECORD_DENSITY","license":"CC-BY-4.0"}},{"type":"Feature","geometry":{"type":"Point","coordinates":[39.625,-69.375]},"properties":{"records":171,"observed_taxa_in_cell":92,"source":"ANTABIF 2025 / Terauds","role":"TERRESTRIAL_RECORD_DENSITY","license":"CC-BY-4.0"}},{"type":"Feature","geometry":{"type":"Point","coordinates":[39.625,-69.125]},"properties":{"records":294,"observed_taxa_in_cell":152,"source":"ANTABIF 2025 / Terauds","role":"TERRESTRIAL_RECORD_DENSITY","license":"CC-BY-4.0"}},{"type":"Feature","geometry":{"type":"Point","coordinates":[39.875,-69.375]},"properties":{"records":43,"observed_taxa_in_cell":9,"source":"ANTABIF 2025 / Terauds","role":"TERRESTRIAL_RECORD_DENSITY","license":"CC-BY-4.0"}},{"type":"Feature","geometry":{"type":"Point","coordinates":[39.875,-69.125]},"properties":{"records":101,"observed_taxa_in_cell":58,"source":"ANTABIF 2025 / Terauds","role":"TERRESTRIAL_RECORD_DENSITY","license":"CC-BY-4.0"}},{"type":"Feature","geometry":{"type":"Point","coordinates":[40.375,-68.625]},"properties":{"records":3,"observed_taxa_in_cell":2,"source":"ANTABIF 2025 / Terauds","role":"TERRESTRIAL_RECORD_DENSITY","license":"CC-BY-4.0"}},{"type":"Feature","geometry":{"type":"Point","coordinates":[41.125,-68.625]},"properties":{"records":5,"observed_taxa_in_cell":3,"source":"ANTABIF 2025 / Terauds","role":"TERRESTRIAL_RECORD_DENSITY","license":"CC-BY-4.0"}},{"type":"Feature","geometry":{"type":"Point","coordinates":[41.375,-68.625]},"properties":{"records":15,"observed_taxa_in_cell":15,"source":"ANTABIF 2025 / Terauds","role":"TERRESTRIAL_RECORD_DENSITY","license":"CC-BY-4.0"}},{"type":"Feature","geometry":{"type":"Point","coordinates":[41.375,-68.375]},"properties":{"records":8,"observed_taxa_in_cell":6,"source":"ANTABIF 2025 / Terauds","role":"TERRESTRIAL_RECORD_DENSITY","license":"CC-BY-4.0"}},{"type":"Feature","geometry":{"type":"Point","coordinates":[41.625,-68.375]},"properties":{"records":2,"observed_taxa_in_cell":1,"source":"ANTABIF 2025 / Terauds","role":"TERRESTRIAL_RECORD_DENSITY","license":"CC-BY-4.0"}},{"type":"Feature","geometry":{"type":"Point","coordinates":[42.125,-68.375]},"properties":{"records":16,"observed_taxa_in_cell":16,"source":"ANTABIF 2025 / Terauds","role":"TERRESTRIAL_RECORD_DENSITY","license":"CC-BY-4.0"}},{"type":"Feature","geometry":{"type":"Point","coordinates":[42.375,-68.375]},"properties":{"records":1,"observed_taxa_in_cell":1,"source":"ANTABIF 2025 / Terauds","role":"TERRESTRIAL_RECORD_DENSITY","license":"CC-BY-4.0"}},{"type":"Feature","geometry":{"type":"Point","coordinates":[42.625,-68.125]},"properties":{"records":12,"observed_taxa_in_cell":10,"source":"ANTABIF 2025 / Terauds","role":"TERRESTRIAL_RECORD_DENSITY","license":"CC-BY-4.0"}},{"type":"Feature","geometry":{"type":"Point","coordinates":[42.875,-68.125]},"properties":{"records":7,"observed_taxa_in_cell":7,"source":"ANTABIF 2025 / Terauds","role":"TERRESTRIAL_RECORD_DENSITY","license":"CC-BY-4.0"}},{"type":"Feature","geometry":{"type":"Point","coordinates":[43.125,-68.125]},"properties":{"records":2,"observed_taxa_in_cell":1,"source":"ANTABIF 2025 / Terauds","role":"TERRESTRIAL_RECORD_DENSITY","license":"CC-BY-4.0"}},{"type":"Feature","geometry":{"type":"Point","coordinates":[44.125,-67.875]},"properties":{"records":8,"observed_taxa_in_cell":4,"source":"ANTABIF 2025 / Terauds","role":"TERRESTRIAL_RECORD_DENSITY","license":"CC-BY-4.0"}},{"type":"Feature","geometry":{"type":"Point","coordinates":[44.625,-67.875]},"properties":{"records":24,"observed_taxa_in_cell":24,"source":"ANTABIF 2025 / Terauds","role":"TERRESTRIAL_RECORD_DENSITY","license":"CC-BY-4.0"}},{"type":"Feature","geometry":{"type":"Point","coordinates":[45.625,-67.625]},"properties":{"records":1,"observed_taxa_in_cell":1,"source":"ANTABIF 2025 / Terauds","role":"TERRESTRIAL_RECORD_DENSITY","license":"CC-BY-4.0"}},{"type":"Feature","geometry":{"type":"Point","coordinates":[45.875,-67.625]},"properties":{"records":147,"observed_taxa_in_cell":123,"source":"ANTABIF 2025 / Terauds","role":"TERRESTRIAL_RECORD_DENSITY","license":"CC-BY-4.0"}},{"type":"Feature","geometry":{"type":"Point","coordinates":[46.125,-67.625]},"properties":{"records":10,"observed_taxa_in_cell":9,"source":"ANTABIF 2025 / Terauds","role":"TERRESTRIAL_RECORD_DENSITY","license":"CC-BY-4.0"}},{"type":"Feature","geometry":{"type":"Point","coordinates":[46.375,-67.625]},"properties":{"records":1,"observed_taxa_in_cell":1,"source":"ANTABIF 2025 / Terauds","role":"TERRESTRIAL_RECORD_DENSITY","license":"CC-BY-4.0"}},{"type":"Feature","geometry":{"type":"Point","coordinates":[46.625,-67.375]},"properties":{"records":1,"observed_taxa_in_cell":1,"source":"ANTABIF 2025 / Terauds","role":"TERRESTRIAL_RECORD_DENSITY","license":"CC-BY-4.0"}},{"type":"Feature","geometry":{"type":"Point","coordinates":[48.625,-67.375]},"properties":{"records":1,"observed_taxa_in_cell":1,"source":"ANTABIF 2025 / Terauds","role":"TERRESTRIAL_RECORD_DENSITY","license":"CC-BY-4.0"}},{"type":"Feature","geometry":{"type":"Point","coordinates":[49.125,-67.375]},"properties":{"records":1,"observed_taxa_in_cell":1,"source":"ANTABIF 2025 / Terauds","role":"TERRESTRIAL_RECORD_DENSITY","license":"CC-BY-4.0"}},{"type":"Feature","geometry":{"type":"Point","coordinates":[49.625,-67.125]},"properties":{"records":1,"observed_taxa_in_cell":1,"source":"ANTABIF 2025 / Terauds","role":"TERRESTRIAL_RECORD_DENSITY","license":"CC-BY-4.0"}},{"type":"Feature","geometry":{"type":"Point","coordinates":[50.125,-66.625]},"properties":{"records":1,"observed_taxa_in_cell":1,"source":"ANTABIF 2025 / Terauds","role":"TERRESTRIAL_RECORD_DENSITY","license":"CC-BY-4.0"}},{"type":"Feature","geometry":{"type":"Point","coordinates":[50.375,-66.875]},"properties":{"records":8,"observed_taxa_in_cell":8,"source":"ANTABIF 2025 / Terauds","role":"TERRESTRIAL_RECORD_DENSITY","license":"CC-BY-4.0"}},{"type":"Feature","geometry":{"type":"Point","coordinates":[50.625,-66.875]},"properties":{"records":16,"observed_taxa_in_cell":15,"source":"ANTABIF 2025 / Terauds","role":"TERRESTRIAL_RECORD_DENSITY","license":"CC-BY-4.0"}},{"type":"Feature","geometry":{"type":"Point","coordinates":[50.625,-66.625]},"properties":{"records":1,"observed_taxa_in_cell":1,"source":"ANTABIF 2025 / Terauds","role":"TERRESTRIAL_RECORD_DENSITY","license":"CC-BY-4.0"}},{"type":"Feature","geometry":{"type":"Point","coordinates":[51.375,-66.125]},"properties":{"records":2,"observed_taxa_in_cell":1,"source":"ANTABIF 2025 / Terauds","role":"TERRESTRIAL_RECORD_DENSITY","license":"CC-BY-4.0"}},{"type":"Feature","geometry":{"type":"Point","coordinates":[53.625,-65.875]},"properties":{"records":1,"observed_taxa_in_cell":1,"source":"ANTABIF 2025 / Terauds","role":"TERRESTRIAL_RECORD_DENSITY","license":"CC-BY-4.0"}},{"type":"Feature","geometry":{"type":"Point","coordinates":[53.875,-65.875]},"properties":{"records":1,"observed_taxa_in_cell":1,"source":"ANTABIF 2025 / Terauds","role":"TERRESTRIAL_RECORD_DENSITY","license":"CC-BY-4.0"}},{"type":"Feature","geometry":{"type":"Point","coordinates":[57.375,-66.875]},"properties":{"records":14,"observed_taxa_in_cell":14,"source":"ANTABIF 2025 / Terauds","role":"TERRESTRIAL_RECORD_DENSITY","license":"CC-BY-4.0"}},{"type":"Feature","geometry":{"type":"Point","coordinates":[57.375,-66.625]},"properties":{"records":3,"observed_taxa_in_cell":1,"source":"ANTABIF 2025 / Terauds","role":"TERRESTRIAL_RECORD_DENSITY","license":"CC-BY-4.0"}},{"type":"Feature","geometry":{"type":"Point","coordinates":[59.375,-67.375]},"properties":{"records":28,"observed_taxa_in_cell":16,"source":"ANTABIF 2025 / Terauds","role":"TERRESTRIAL_RECORD_DENSITY","license":"CC-BY-4.0"}},{"type":"Feature","geometry":{"type":"Point","coordinates":[59.625,-67.375]},"properties":{"records":6,"observed_taxa_in_cell":6,"source":"ANTABIF 2025 / Terauds","role":"TERRESTRIAL_RECORD_DENSITY","license":"CC-BY-4.0"}},{"type":"Feature","geometry":{"type":"Point","coordinates":[59.875,-67.375]},"properties":{"records":1,"observed_taxa_in_cell":1,"source":"ANTABIF 2025 / Terauds","role":"TERRESTRIAL_RECORD_DENSITY","license":"CC-BY-4.0"}},{"type":"Feature","geometry":{"type":"Point","coordinates":[60.125,-67.375]},"properties":{"records":8,"observed_taxa_in_cell":8,"source":"ANTABIF 2025 / Terauds","role":"TERRESTRIAL_RECORD_DENSITY","license":"CC-BY-4.0"}},{"type":"Feature","geometry":{"type":"Point","coordinates":[60.625,-67.375]},"properties":{"records":5,"observed_taxa_in_cell":5,"source":"ANTABIF 2025 / Terauds","role":"TERRESTRIAL_RECORD_DENSITY","license":"CC-BY-4.0"}},{"type":"Feature","geometry":{"type":"Point","coordinates":[60.875,-67.875]},"properties":{"records":6,"observed_taxa_in_cell":6,"source":"ANTABIF 2025 / Terauds","role":"TERRESTRIAL_RECORD_DENSITY","license":"CC-BY-4.0"}},{"type":"Feature","geometry":{"type":"Point","coordinates":[60.875,-67.375]},"properties":{"records":78,"observed_taxa_in_cell":34,"source":"ANTABIF 2025 / Terauds","role":"TERRESTRIAL_RECORD_DENSITY","license":"CC-BY-4.0"}},{"type":"Feature","geometry":{"type":"Point","coordinates":[61.125,-67.875]},"properties":{"records":1,"observed_taxa_in_cell":1,"source":"ANTABIF 2025 / Terauds","role":"TERRESTRIAL_RECORD_DENSITY","license":"CC-BY-4.0"}},{"type":"Feature","geometry":{"type":"Point","coordinates":[61.125,-67.375]},"properties":{"records":4,"observed_taxa_in_cell":2,"source":"ANTABIF 2025 / Terauds","role":"TERRESTRIAL_RECORD_DENSITY","license":"CC-BY-4.0"}},{"type":"Feature","geometry":{"type":"Point","coordinates":[61.125,-67.125]},"properties":{"records":2,"observed_taxa_in_cell":1,"source":"ANTABIF 2025 / Terauds","role":"TERRESTRIAL_RECORD_DENSITY","license":"CC-BY-4.0"}},{"type":"Feature","geometry":{"type":"Point","coordinates":[61.375,-67.625]},"properties":{"records":10,"observed_taxa_in_cell":9,"source":"ANTABIF 2025 / Terauds","role":"TERRESTRIAL_RECORD_DENSITY","license":"CC-BY-4.0"}},{"type":"Feature","geometry":{"type":"Point","coordinates":[61.625,-67.625]},"properties":{"records":13,"observed_taxa_in_cell":7,"source":"ANTABIF 2025 / Terauds","role":"TERRESTRIAL_RECORD_DENSITY","license":"CC-BY-4.0"}},{"type":"Feature","geometry":{"type":"Point","coordinates":[61.875,-67.625]},"properties":{"records":2,"observed_taxa_in_cell":1,"source":"ANTABIF 2025 / Terauds","role":"TERRESTRIAL_RECORD_DENSITY","license":"CC-BY-4.0"}},{"type":"Feature","geometry":{"type":"Point","coordinates":[62.125,-67.875]},"properties":{"records":1,"observed_taxa_in_cell":1,"source":"ANTABIF 2025 / Terauds","role":"TERRESTRIAL_RECORD_DENSITY","license":"CC-BY-4.0"}},{"type":"Feature","geometry":{"type":"Point","coordinates":[62.125,-67.625]},"properties":{"records":15,"observed_taxa_in_cell":11,"source":"ANTABIF 2025 / Terauds","role":"TERRESTRIAL_RECORD_DENSITY","license":"CC-BY-4.0"}},{"type":"Feature","geometry":{"type":"Point","coordinates":[62.375,-67.875]},"properties":{"records":6,"observed_taxa_in_cell":6,"source":"ANTABIF 2025 / Terauds","role":"TERRESTRIAL_RECORD_DENSITY","license":"CC-BY-4.0"}},{"type":"Feature","geometry":{"type":"Point","coordinates":[62.375,-67.625]},"properties":{"records":26,"observed_taxa_in_cell":2,"source":"ANTABIF 2025 / Terauds","role":"TERRESTRIAL_RECORD_DENSITY","license":"CC-BY-4.0"}},{"type":"Feature","geometry":{"type":"Point","coordinates":[62.625,-67.875]},"properties":{"records":9,"observed_taxa_in_cell":8,"source":"ANTABIF 2025 / Terauds","role":"TERRESTRIAL_RECORD_DENSITY","license":"CC-BY-4.0"}},{"type":"Feature","geometry":{"type":"Point","coordinates":[62.625,-67.625]},"properties":{"records":38,"observed_taxa_in_cell":5,"source":"ANTABIF 2025 / Terauds","role":"TERRESTRIAL_RECORD_DENSITY","license":"CC-BY-4.0"}},{"type":"Feature","geometry":{"type":"Point","coordinates":[62.875,-67.875]},"properties":{"records":79,"observed_taxa_in_cell":40,"source":"ANTABIF 2025 / Terauds","role":"TERRESTRIAL_RECORD_DENSITY","license":"CC-BY-4.0"}},{"type":"Feature","geometry":{"type":"Point","coordinates":[62.875,-67.625]},"properties":{"records":25,"observed_taxa_in_cell":1,"source":"ANTABIF 2025 / Terauds","role":"TERRESTRIAL_RECORD_DENSITY","license":"CC-BY-4.0"}},{"type":"Feature","geometry":{"type":"Point","coordinates":[63.125,-68.125]},"properties":{"records":3,"observed_taxa_in_cell":2,"source":"ANTABIF 2025 / Terauds","role":"TERRESTRIAL_RECORD_DENSITY","license":"CC-BY-4.0"}},{"type":"Feature","geometry":{"type":"Point","coordinates":[63.375,-67.375]},"properties":{"records":16,"observed_taxa_in_cell":1,"source":"ANTABIF 2025 / Terauds","role":"TERRESTRIAL_RECORD_DENSITY","license":"CC-BY-4.0"}},{"type":"Feature","geometry":{"type":"Point","coordinates":[63.625,-67.375]},"properties":{"records":5,"observed_taxa_in_cell":1,"source":"ANTABIF 2025 / Terauds","role":"TERRESTRIAL_RECORD_DENSITY","license":"CC-BY-4.0"}},{"type":"Feature","geometry":{"type":"Point","coordinates":[63.875,-67.375]},"properties":{"records":4,"observed_taxa_in_cell":2,"source":"ANTABIF 2025 / Terauds","role":"TERRESTRIAL_RECORD_DENSITY","license":"CC-BY-4.0"}},{"type":"Feature","geometry":{"type":"Point","coordinates":[64.125,-70.625]},"properties":{"records":3,"observed_taxa_in_cell":3,"source":"ANTABIF 2025 / Terauds","role":"TERRESTRIAL_RECORD_DENSITY","license":"CC-BY-4.0"}},{"type":"Feature","geometry":{"type":"Point","coordinates":[65.875,-70.375]},"properties":{"records":2,"observed_taxa_in_cell":2,"source":"ANTABIF 2025 / Terauds","role":"TERRESTRIAL_RECORD_DENSITY","license":"CC-BY-4.0"}},{"type":"Feature","geometry":{"type":"Point","coordinates":[66.125,-68.125]},"properties":{"records":1,"observed_taxa_in_cell":1,"source":"ANTABIF 2025 / Terauds","role":"TERRESTRIAL_RECORD_DENSITY","license":"CC-BY-4.0"}},{"type":"Feature","geometry":{"type":"Point","coordinates":[66.625,-70.375]},"properties":{"records":1,"observed_taxa_in_cell":1,"source":"ANTABIF 2025 / Terauds","role":"TERRESTRIAL_RECORD_DENSITY","license":"CC-BY-4.0"}},{"type":"Feature","geometry":{"type":"Point","coordinates":[66.625,-67.875]},"properties":{"records":49,"observed_taxa_in_cell":36,"source":"ANTABIF 2025 / Terauds","role":"TERRESTRIAL_RECORD_DENSITY","license":"CC-BY-4.0"}},{"type":"Feature","geometry":{"type":"Point","coordinates":[66.625,-67.625]},"properties":{"records":1,"observed_taxa_in_cell":1,"source":"ANTABIF 2025 / Terauds","role":"TERRESTRIAL_RECORD_DENSITY","license":"CC-BY-4.0"}},{"type":"Feature","geometry":{"type":"Point","coordinates":[66.875,-73.625]},"properties":{"records":1,"observed_taxa_in_cell":1,"source":"ANTABIF 2025 / Terauds","role":"TERRESTRIAL_RECORD_DENSITY","license":"CC-BY-4.0"}},{"type":"Feature","geometry":{"type":"Point","coordinates":[66.875,-72.125]},"properties":{"records":2,"observed_taxa_in_cell":2,"source":"ANTABIF 2025 / Terauds","role":"TERRESTRIAL_RECORD_DENSITY","license":"CC-BY-4.0"}},{"type":"Feature","geometry":{"type":"Point","coordinates":[66.875,-70.625]},"properties":{"records":4,"observed_taxa_in_cell":4,"source":"ANTABIF 2025 / Terauds","role":"TERRESTRIAL_RECORD_DENSITY","license":"CC-BY-4.0"}},{"type":"Feature","geometry":{"type":"Point","coordinates":[66.875,-67.875]},"properties":{"records":28,"observed_taxa_in_cell":27,"source":"ANTABIF 2025 / Terauds","role":"TERRESTRIAL_RECORD_DENSITY","license":"CC-BY-4.0"}},{"type":"Feature","geometry":{"type":"Point","coordinates":[67.375,-70.625]},"properties":{"records":1,"observed_taxa_in_cell":1,"source":"ANTABIF 2025 / Terauds","role":"TERRESTRIAL_RECORD_DENSITY","license":"CC-BY-4.0"}},{"type":"Feature","geometry":{"type":"Point","coordinates":[67.625,-71.375]},"properties":{"records":6,"observed_taxa_in_cell":6,"source":"ANTABIF 2025 / Terauds","role":"TERRESTRIAL_RECORD_DENSITY","license":"CC-BY-4.0"}},{"type":"Feature","geometry":{"type":"Point","coordinates":[67.875,-71.375]},"properties":{"records":5,"observed_taxa_in_cell":5,"source":"ANTABIF 2025 / Terauds","role":"TERRESTRIAL_RECORD_DENSITY","license":"CC-BY-4.0"}},{"type":"Feature","geometry":{"type":"Point","coordinates":[67.875,-70.625]},"properties":{"records":8,"observed_taxa_in_cell":8,"source":"ANTABIF 2025 / Terauds","role":"TERRESTRIAL_RECORD_DENSITY","license":"CC-BY-4.0"}},{"type":"Feature","geometry":{"type":"Point","coordinates":[68.125,-70.875]},"properties":{"records":20,"observed_taxa_in_cell":16,"source":"ANTABIF 2025 / Terauds","role":"TERRESTRIAL_RECORD_DENSITY","license":"CC-BY-4.0"}},{"type":"Feature","geometry":{"type":"Point","coordinates":[68.125,-70.625]},"properties":{"records":3,"observed_taxa_in_cell":3,"source":"ANTABIF 2025 / Terauds","role":"TERRESTRIAL_RECORD_DENSITY","license":"CC-BY-4.0"}},{"type":"Feature","geometry":{"type":"Point","coordinates":[68.375,-70.875]},"properties":{"records":20,"observed_taxa_in_cell":19,"source":"ANTABIF 2025 / Terauds","role":"TERRESTRIAL_RECORD_DENSITY","license":"CC-BY-4.0"}},{"type":"Feature","geometry":{"type":"Point","coordinates":[68.375,-70.375]},"properties":{"records":1,"observed_taxa_in_cell":1,"source":"ANTABIF 2025 / Terauds","role":"TERRESTRIAL_RECORD_DENSITY","license":"CC-BY-4.0"}},{"type":"Feature","geometry":{"type":"Point","coordinates":[68.625,-69.625]},"properties":{"records":1,"observed_taxa_in_cell":1,"source":"ANTABIF 2025 / Terauds","role":"TERRESTRIAL_RECORD_DENSITY","license":"CC-BY-4.0"}},{"type":"Feature","geometry":{"type":"Point","coordinates":[68.625,-69.375]},"properties":{"records":2,"observed_taxa_in_cell":2,"source":"ANTABIF 2025 / Terauds","role":"TERRESTRIAL_RECORD_DENSITY","license":"CC-BY-4.0"}},{"type":"Feature","geometry":{"type":"Point","coordinates":[68.875,-72.375]},"properties":{"records":1,"observed_taxa_in_cell":1,"source":"ANTABIF 2025 / Terauds","role":"TERRESTRIAL_RECORD_DENSITY","license":"CC-BY-4.0"}},{"type":"Feature","geometry":{"type":"Point","coordinates":[68.875,-70.625]},"properties":{"records":4,"observed_taxa_in_cell":4,"source":"ANTABIF 2025 / Terauds","role":"TERRESTRIAL_RECORD_DENSITY","license":"CC-BY-4.0"}},{"type":"Feature","geometry":{"type":"Point","coordinates":[69.625,-67.875]},"properties":{"records":2,"observed_taxa_in_cell":1,"source":"ANTABIF 2025 / Terauds","role":"TERRESTRIAL_RECORD_DENSITY","license":"CC-BY-4.0"}},{"type":"Feature","geometry":{"type":"Point","coordinates":[73.125,-69.875]},"properties":{"records":5,"observed_taxa_in_cell":5,"source":"ANTABIF 2025 / Terauds","role":"TERRESTRIAL_RECORD_DENSITY","license":"CC-BY-4.0"}},{"type":"Feature","geometry":{"type":"Point","coordinates":[74.125,-69.625]},"properties":{"records":7,"observed_taxa_in_cell":7,"source":"ANTABIF 2025 / Terauds","role":"TERRESTRIAL_RECORD_DENSITY","license":"CC-BY-4.0"}},{"type":"Feature","geometry":{"type":"Point","coordinates":[74.375,-69.875]},"properties":{"records":5,"observed_taxa_in_cell":5,"source":"ANTABIF 2025 / Terauds","role":"TERRESTRIAL_RECORD_DENSITY","license":"CC-BY-4.0"}},{"type":"Feature","geometry":{"type":"Point","coordinates":[74.375,-69.625]},"properties":{"records":5,"observed_taxa_in_cell":5,"source":"ANTABIF 2025 / Terauds","role":"TERRESTRIAL_RECORD_DENSITY","license":"CC-BY-4.0"}},{"type":"Feature","geometry":{"type":"Point","coordinates":[75.625,-69.625]},"properties":{"records":8,"observed_taxa_in_cell":7,"source":"ANTABIF 2025 / Terauds","role":"TERRESTRIAL_RECORD_DENSITY","license":"CC-BY-4.0"}},{"type":"Feature","geometry":{"type":"Point","coordinates":[75.625,-69.375]},"properties":{"records":2,"observed_taxa_in_cell":1,"source":"ANTABIF 2025 / Terauds","role":"TERRESTRIAL_RECORD_DENSITY","license":"CC-BY-4.0"}},{"type":"Feature","geometry":{"type":"Point","coordinates":[75.875,-69.625]},"properties":{"records":12,"observed_taxa_in_cell":12,"source":"ANTABIF 2025 / Terauds","role":"TERRESTRIAL_RECORD_DENSITY","license":"CC-BY-4.0"}},{"type":"Feature","geometry":{"type":"Point","coordinates":[76.125,-69.375]},"properties":{"records":106,"observed_taxa_in_cell":48,"source":"ANTABIF 2025 / Terauds","role":"TERRESTRIAL_RECORD_DENSITY","license":"CC-BY-4.0"}},{"type":"Feature","geometry":{"type":"Point","coordinates":[76.375,-69.375]},"properties":{"records":137,"observed_taxa_in_cell":63,"source":"ANTABIF 2025 / Terauds","role":"TERRESTRIAL_RECORD_DENSITY","license":"CC-BY-4.0"}},{"type":"Feature","geometry":{"type":"Point","coordinates":[76.625,-69.375]},"properties":{"records":2,"observed_taxa_in_cell":1,"source":"ANTABIF 2025 / Terauds","role":"TERRESTRIAL_RECORD_DENSITY","license":"CC-BY-4.0"}},{"type":"Feature","geometry":{"type":"Point","coordinates":[76.875,-69.375]},"properties":{"records":17,"observed_taxa_in_cell":5,"source":"ANTABIF 2025 / Terauds","role":"TERRESTRIAL_RECORD_DENSITY","license":"CC-BY-4.0"}},{"type":"Feature","geometry":{"type":"Point","coordinates":[76.875,-69.125]},"properties":{"records":5,"observed_taxa_in_cell":4,"source":"ANTABIF 2025 / Terauds","role":"TERRESTRIAL_RECORD_DENSITY","license":"CC-BY-4.0"}},{"type":"Feature","geometry":{"type":"Point","coordinates":[77.375,-69.125]},"properties":{"records":1,"observed_taxa_in_cell":1,"source":"ANTABIF 2025 / Terauds","role":"TERRESTRIAL_RECORD_DENSITY","license":"CC-BY-4.0"}},{"type":"Feature","geometry":{"type":"Point","coordinates":[77.625,-68.875]},"properties":{"records":8,"observed_taxa_in_cell":5,"source":"ANTABIF 2025 / Terauds","role":"TERRESTRIAL_RECORD_DENSITY","license":"CC-BY-4.0"}},{"type":"Feature","geometry":{"type":"Point","coordinates":[77.875,-68.875]},"properties":{"records":102,"observed_taxa_in_cell":46,"source":"ANTABIF 2025 / Terauds","role":"TERRESTRIAL_RECORD_DENSITY","license":"CC-BY-4.0"}},{"type":"Feature","geometry":{"type":"Point","coordinates":[77.875,-68.625]},"properties":{"records":117,"observed_taxa_in_cell":63,"source":"ANTABIF 2025 / Terauds","role":"TERRESTRIAL_RECORD_DENSITY","license":"CC-BY-4.0"}},{"type":"Feature","geometry":{"type":"Point","coordinates":[78.125,-68.875]},"properties":{"records":33,"observed_taxa_in_cell":28,"source":"ANTABIF 2025 / Terauds","role":"TERRESTRIAL_RECORD_DENSITY","license":"CC-BY-4.0"}},{"type":"Feature","geometry":{"type":"Point","coordinates":[78.125,-68.625]},"properties":{"records":258,"observed_taxa_in_cell":106,"source":"ANTABIF 2025 / Terauds","role":"TERRESTRIAL_RECORD_DENSITY","license":"CC-BY-4.0"}},{"type":"Feature","geometry":{"type":"Point","coordinates":[78.125,-68.375]},"properties":{"records":87,"observed_taxa_in_cell":48,"source":"ANTABIF 2025 / Terauds","role":"TERRESTRIAL_RECORD_DENSITY","license":"CC-BY-4.0"}},{"type":"Feature","geometry":{"type":"Point","coordinates":[78.375,-68.625]},"properties":{"records":583,"observed_taxa_in_cell":172,"source":"ANTABIF 2025 / Terauds","role":"TERRESTRIAL_RECORD_DENSITY","license":"CC-BY-4.0"}},{"type":"Feature","geometry":{"type":"Point","coordinates":[78.375,-68.375]},"properties":{"records":257,"observed_taxa_in_cell":85,"source":"ANTABIF 2025 / Terauds","role":"TERRESTRIAL_RECORD_DENSITY","license":"CC-BY-4.0"}},{"type":"Feature","geometry":{"type":"Point","coordinates":[78.625,-68.625]},"properties":{"records":19,"observed_taxa_in_cell":12,"source":"ANTABIF 2025 / Terauds","role":"TERRESTRIAL_RECORD_DENSITY","license":"CC-BY-4.0"}},{"type":"Feature","geometry":{"type":"Point","coordinates":[78.625,-68.375]},"properties":{"records":13,"observed_taxa_in_cell":10,"source":"ANTABIF 2025 / Terauds","role":"TERRESTRIAL_RECORD_DENSITY","license":"CC-BY-4.0"}},{"type":"Feature","geometry":{"type":"Point","coordinates":[89.125,-66.875]},"properties":{"records":22,"observed_taxa_in_cell":21,"source":"ANTABIF 2025 / Terauds","role":"TERRESTRIAL_RECORD_DENSITY","license":"CC-BY-4.0"}},{"type":"Feature","geometry":{"type":"Point","coordinates":[92.625,-66.625]},"properties":{"records":2,"observed_taxa_in_cell":1,"source":"ANTABIF 2025 / Terauds","role":"TERRESTRIAL_RECORD_DENSITY","license":"CC-BY-4.0"}},{"type":"Feature","geometry":{"type":"Point","coordinates":[92.875,-66.625]},"properties":{"records":60,"observed_taxa_in_cell":31,"source":"ANTABIF 2025 / Terauds","role":"TERRESTRIAL_RECORD_DENSITY","license":"CC-BY-4.0"}},{"type":"Feature","geometry":{"type":"Point","coordinates":[93.125,-66.625]},"properties":{"records":56,"observed_taxa_in_cell":15,"source":"ANTABIF 2025 / Terauds","role":"TERRESTRIAL_RECORD_DENSITY","license":"CC-BY-4.0"}},{"type":"Feature","geometry":{"type":"Point","coordinates":[96.125,-64.875]},"properties":{"records":2,"observed_taxa_in_cell":1,"source":"ANTABIF 2025 / Terauds","role":"TERRESTRIAL_RECORD_DENSITY","license":"CC-BY-4.0"}},{"type":"Feature","geometry":{"type":"Point","coordinates":[97.875,-66.625]},"properties":{"records":23,"observed_taxa_in_cell":17,"source":"ANTABIF 2025 / Terauds","role":"TERRESTRIAL_RECORD_DENSITY","license":"CC-BY-4.0"}},{"type":"Feature","geometry":{"type":"Point","coordinates":[98.375,-66.375]},"properties":{"records":6,"observed_taxa_in_cell":5,"source":"ANTABIF 2025 / Terauds","role":"TERRESTRIAL_RECORD_DENSITY","license":"CC-BY-4.0"}},{"type":"Feature","geometry":{"type":"Point","coordinates":[98.625,-66.375]},"properties":{"records":8,"observed_taxa_in_cell":6,"source":"ANTABIF 2025 / Terauds","role":"TERRESTRIAL_RECORD_DENSITY","license":"CC-BY-4.0"}},{"type":"Feature","geometry":{"type":"Point","coordinates":[98.875,-66.875]},"properties":{"records":4,"observed_taxa_in_cell":4,"source":"ANTABIF 2025 / Terauds","role":"TERRESTRIAL_RECORD_DENSITY","license":"CC-BY-4.0"}},{"type":"Feature","geometry":{"type":"Point","coordinates":[98.875,-66.625]},"properties":{"records":7,"observed_taxa_in_cell":7,"source":"ANTABIF 2025 / Terauds","role":"TERRESTRIAL_RECORD_DENSITY","license":"CC-BY-4.0"}},{"type":"Feature","geometry":{"type":"Point","coordinates":[98.875,-66.375]},"properties":{"records":5,"observed_taxa_in_cell":5,"source":"ANTABIF 2025 / Terauds","role":"TERRESTRIAL_RECORD_DENSITY","license":"CC-BY-4.0"}},{"type":"Feature","geometry":{"type":"Point","coordinates":[99.125,-67.375]},"properties":{"records":1,"observed_taxa_in_cell":1,"source":"ANTABIF 2025 / Terauds","role":"TERRESTRIAL_RECORD_DENSITY","license":"CC-BY-4.0"}},{"type":"Feature","geometry":{"type":"Point","coordinates":[99.125,-67.125]},"properties":{"records":5,"observed_taxa_in_cell":5,"source":"ANTABIF 2025 / Terauds","role":"TERRESTRIAL_RECORD_DENSITY","license":"CC-BY-4.0"}},{"type":"Feature","geometry":{"type":"Point","coordinates":[99.375,-65.875]},"properties":{"records":3,"observed_taxa_in_cell":3,"source":"ANTABIF 2025 / Terauds","role":"TERRESTRIAL_RECORD_DENSITY","license":"CC-BY-4.0"}},{"type":"Feature","geometry":{"type":"Point","coordinates":[99.625,-66.625]},"properties":{"records":2,"observed_taxa_in_cell":2,"source":"ANTABIF 2025 / Terauds","role":"TERRESTRIAL_RECORD_DENSITY","license":"CC-BY-4.0"}},{"type":"Feature","geometry":{"type":"Point","coordinates":[99.625,-65.875]},"properties":{"records":2,"observed_taxa_in_cell":2,"source":"ANTABIF 2025 / Terauds","role":"TERRESTRIAL_RECORD_DENSITY","license":"CC-BY-4.0"}},{"type":"Feature","geometry":{"type":"Point","coordinates":[99.875,-66.625]},"properties":{"records":10,"observed_taxa_in_cell":10,"source":"ANTABIF 2025 / Terauds","role":"TERRESTRIAL_RECORD_DENSITY","license":"CC-BY-4.0"}},{"type":"Feature","geometry":{"type":"Point","coordinates":[100.375,-67.375]},"properties":{"records":2,"observed_taxa_in_cell":2,"source":"ANTABIF 2025 / Terauds","role":"TERRESTRIAL_RECORD_DENSITY","license":"CC-BY-4.0"}},{"type":"Feature","geometry":{"type":"Point","coordinates":[100.375,-66.375]},"properties":{"records":1,"observed_taxa_in_cell":1,"source":"ANTABIF 2025 / Terauds","role":"TERRESTRIAL_RECORD_DENSITY","license":"CC-BY-4.0"}},{"type":"Feature","geometry":{"type":"Point","coordinates":[100.625,-66.375]},"properties":{"records":16,"observed_taxa_in_cell":12,"source":"ANTABIF 2025 / Terauds","role":"TERRESTRIAL_RECORD_DENSITY","license":"CC-BY-4.0"}},{"type":"Feature","geometry":{"type":"Point","coordinates":[100.625,-66.125]},"properties":{"records":4,"observed_taxa_in_cell":3,"source":"ANTABIF 2025 / Terauds","role":"TERRESTRIAL_RECORD_DENSITY","license":"CC-BY-4.0"}},{"type":"Feature","geometry":{"type":"Point","coordinates":[100.875,-66.375]},"properties":{"records":91,"observed_taxa_in_cell":56,"source":"ANTABIF 2025 / Terauds","role":"TERRESTRIAL_RECORD_DENSITY","license":"CC-BY-4.0"}},{"type":"Feature","geometry":{"type":"Point","coordinates":[100.875,-66.125]},"properties":{"records":136,"observed_taxa_in_cell":119,"source":"ANTABIF 2025 / Terauds","role":"TERRESTRIAL_RECORD_DENSITY","license":"CC-BY-4.0"}},{"type":"Feature","geometry":{"type":"Point","coordinates":[101.125,-66.125]},"properties":{"records":11,"observed_taxa_in_cell":11,"source":"ANTABIF 2025 / Terauds","role":"TERRESTRIAL_RECORD_DENSITY","license":"CC-BY-4.0"}},{"type":"Feature","geometry":{"type":"Point","coordinates":[103.125,-65.125]},"properties":{"records":2,"observed_taxa_in_cell":1,"source":"ANTABIF 2025 / Terauds","role":"TERRESTRIAL_RECORD_DENSITY","license":"CC-BY-4.0"}},{"type":"Feature","geometry":{"type":"Point","coordinates":[107.125,-66.375]},"properties":{"records":2,"observed_taxa_in_cell":1,"source":"ANTABIF 2025 / Terauds","role":"TERRESTRIAL_RECORD_DENSITY","license":"CC-BY-4.0"}},{"type":"Feature","geometry":{"type":"Point","coordinates":[108.125,-66.625]},"properties":{"records":2,"observed_taxa_in_cell":1,"source":"ANTABIF 2025 / Terauds","role":"TERRESTRIAL_RECORD_DENSITY","license":"CC-BY-4.0"}},{"type":"Feature","geometry":{"type":"Point","coordinates":[108.375,-66.625]},"properties":{"records":2,"observed_taxa_in_cell":1,"source":"ANTABIF 2025 / Terauds","role":"TERRESTRIAL_RECORD_DENSITY","license":"CC-BY-4.0"}},{"type":"Feature","geometry":{"type":"Point","coordinates":[108.625,-66.875]},"properties":{"records":2,"observed_taxa_in_cell":1,"source":"ANTABIF 2025 / Terauds","role":"TERRESTRIAL_RECORD_DENSITY","license":"CC-BY-4.0"}},{"type":"Feature","geometry":{"type":"Point","coordinates":[109.125,-66.875]},"properties":{"records":2,"observed_taxa_in_cell":1,"source":"ANTABIF 2025 / Terauds","role":"TERRESTRIAL_RECORD_DENSITY","license":"CC-BY-4.0"}},{"type":"Feature","geometry":{"type":"Point","coordinates":[110.125,-66.125]},"properties":{"records":63,"observed_taxa_in_cell":18,"source":"ANTABIF 2025 / Terauds","role":"TERRESTRIAL_RECORD_DENSITY","license":"CC-BY-4.0"}},{"type":"Feature","geometry":{"type":"Point","coordinates":[110.125,-65.875]},"properties":{"records":1,"observed_taxa_in_cell":1,"source":"ANTABIF 2025 / Terauds","role":"TERRESTRIAL_RECORD_DENSITY","license":"CC-BY-4.0"}},{"type":"Feature","geometry":{"type":"Point","coordinates":[110.375,-66.375]},"properties":{"records":197,"observed_taxa_in_cell":125,"source":"ANTABIF 2025 / Terauds","role":"TERRESTRIAL_RECORD_DENSITY","license":"CC-BY-4.0"}},{"type":"Feature","geometry":{"type":"Point","coordinates":[110.375,-66.125]},"properties":{"records":3,"observed_taxa_in_cell":1,"source":"ANTABIF 2025 / Terauds","role":"TERRESTRIAL_RECORD_DENSITY","license":"CC-BY-4.0"}},{"type":"Feature","geometry":{"type":"Point","coordinates":[110.625,-66.625]},"properties":{"records":1,"observed_taxa_in_cell":1,"source":"ANTABIF 2025 / Terauds","role":"TERRESTRIAL_RECORD_DENSITY","license":"CC-BY-4.0"}},{"type":"Feature","geometry":{"type":"Point","coordinates":[110.625,-66.375]},"properties":{"records":817,"observed_taxa_in_cell":188,"source":"ANTABIF 2025 / Terauds","role":"TERRESTRIAL_RECORD_DENSITY","license":"CC-BY-4.0"}},{"type":"Feature","geometry":{"type":"Point","coordinates":[110.625,-66.125]},"properties":{"records":268,"observed_taxa_in_cell":75,"source":"ANTABIF 2025 / Terauds","role":"TERRESTRIAL_RECORD_DENSITY","license":"CC-BY-4.0"}},{"type":"Feature","geometry":{"type":"Point","coordinates":[111.125,-66.125]},"properties":{"records":1,"observed_taxa_in_cell":1,"source":"ANTABIF 2025 / Terauds","role":"TERRESTRIAL_RECORD_DENSITY","license":"CC-BY-4.0"}},{"type":"Feature","geometry":{"type":"Point","coordinates":[120.625,-66.875]},"properties":{"records":2,"observed_taxa_in_cell":1,"source":"ANTABIF 2025 / Terauds","role":"TERRESTRIAL_RECORD_DENSITY","license":"CC-BY-4.0"}},{"type":"Feature","geometry":{"type":"Point","coordinates":[120.875,-66.875]},"properties":{"records":1,"observed_taxa_in_cell":1,"source":"ANTABIF 2025 / Terauds","role":"TERRESTRIAL_RECORD_DENSITY","license":"CC-BY-4.0"}},{"type":"Feature","geometry":{"type":"Point","coordinates":[134.375,-66.125]},"properties":{"records":2,"observed_taxa_in_cell":1,"source":"ANTABIF 2025 / Terauds","role":"TERRESTRIAL_RECORD_DENSITY","license":"CC-BY-4.0"}},{"type":"Feature","geometry":{"type":"Point","coordinates":[134.875,-66.125]},"properties":{"records":1,"observed_taxa_in_cell":1,"source":"ANTABIF 2025 / Terauds","role":"TERRESTRIAL_RECORD_DENSITY","license":"CC-BY-4.0"}},{"type":"Feature","geometry":{"type":"Point","coordinates":[139.125,-66.625]},"properties":{"records":1,"observed_taxa_in_cell":1,"source":"ANTABIF 2025 / Terauds","role":"TERRESTRIAL_RECORD_DENSITY","license":"CC-BY-4.0"}},{"type":"Feature","geometry":{"type":"Point","coordinates":[139.625,-66.625]},"properties":{"records":1,"observed_taxa_in_cell":1,"source":"ANTABIF 2025 / Terauds","role":"TERRESTRIAL_RECORD_DENSITY","license":"CC-BY-4.0"}},{"type":"Feature","geometry":{"type":"Point","coordinates":[139.875,-66.625]},"properties":{"records":2,"observed_taxa_in_cell":1,"source":"ANTABIF 2025 / Terauds","role":"TERRESTRIAL_RECORD_DENSITY","license":"CC-BY-4.0"}},{"type":"Feature","geometry":{"type":"Point","coordinates":[140.125,-66.625]},"properties":{"records":24,"observed_taxa_in_cell":8,"source":"ANTABIF 2025 / Terauds","role":"TERRESTRIAL_RECORD_DENSITY","license":"CC-BY-4.0"}},{"type":"Feature","geometry":{"type":"Point","coordinates":[140.625,-66.625]},"properties":{"records":3,"observed_taxa_in_cell":1,"source":"ANTABIF 2025 / Terauds","role":"TERRESTRIAL_RECORD_DENSITY","license":"CC-BY-4.0"}},{"type":"Feature","geometry":{"type":"Point","coordinates":[140.875,-66.625]},"properties":{"records":2,"observed_taxa_in_cell":1,"source":"ANTABIF 2025 / Terauds","role":"TERRESTRIAL_RECORD_DENSITY","license":"CC-BY-4.0"}},{"type":"Feature","geometry":{"type":"Point","coordinates":[141.375,-66.875]},"properties":{"records":7,"observed_taxa_in_cell":6,"source":"ANTABIF 2025 / Terauds","role":"TERRESTRIAL_RECORD_DENSITY","license":"CC-BY-4.0"}},{"type":"Feature","geometry":{"type":"Point","coordinates":[141.625,-66.875]},"properties":{"records":2,"observed_taxa_in_cell":1,"source":"ANTABIF 2025 / Terauds","role":"TERRESTRIAL_RECORD_DENSITY","license":"CC-BY-4.0"}},{"type":"Feature","geometry":{"type":"Point","coordinates":[142.375,-66.875]},"properties":{"records":2,"observed_taxa_in_cell":1,"source":"ANTABIF 2025 / Terauds","role":"TERRESTRIAL_RECORD_DENSITY","license":"CC-BY-4.0"}},{"type":"Feature","geometry":{"type":"Point","coordinates":[142.625,-67.625]},"properties":{"records":1,"observed_taxa_in_cell":1,"source":"ANTABIF 2025 / Terauds","role":"TERRESTRIAL_RECORD_DENSITY","license":"CC-BY-4.0"}},{"type":"Feature","geometry":{"type":"Point","coordinates":[142.625,-67.125]},"properties":{"records":27,"observed_taxa_in_cell":22,"source":"ANTABIF 2025 / Terauds","role":"TERRESTRIAL_RECORD_DENSITY","license":"CC-BY-4.0"}},{"type":"Feature","geometry":{"type":"Point","coordinates":[142.625,-66.875]},"properties":{"records":5,"observed_taxa_in_cell":2,"source":"ANTABIF 2025 / Terauds","role":"TERRESTRIAL_RECORD_DENSITY","license":"CC-BY-4.0"}},{"type":"Feature","geometry":{"type":"Point","coordinates":[143.625,-66.875]},"properties":{"records":2,"observed_taxa_in_cell":1,"source":"ANTABIF 2025 / Terauds","role":"TERRESTRIAL_RECORD_DENSITY","license":"CC-BY-4.0"}},{"type":"Feature","geometry":{"type":"Point","coordinates":[143.875,-66.875]},"properties":{"records":3,"observed_taxa_in_cell":1,"source":"ANTABIF 2025 / Terauds","role":"TERRESTRIAL_RECORD_DENSITY","license":"CC-BY-4.0"}},{"type":"Feature","geometry":{"type":"Point","coordinates":[144.375,-67.125]},"properties":{"records":3,"observed_taxa_in_cell":1,"source":"ANTABIF 2025 / Terauds","role":"TERRESTRIAL_RECORD_DENSITY","license":"CC-BY-4.0"}},{"type":"Feature","geometry":{"type":"Point","coordinates":[146.125,-67.625]},"properties":{"records":1,"observed_taxa_in_cell":1,"source":"ANTABIF 2025 / Terauds","role":"TERRESTRIAL_RECORD_DENSITY","license":"CC-BY-4.0"}},{"type":"Feature","geometry":{"type":"Point","coordinates":[146.625,-67.875]},"properties":{"records":1,"observed_taxa_in_cell":1,"source":"ANTABIF 2025 / Terauds","role":"TERRESTRIAL_RECORD_DENSITY","license":"CC-BY-4.0"}},{"type":"Feature","geometry":{"type":"Point","coordinates":[146.625,-66.875]},"properties":{"records":1,"observed_taxa_in_cell":1,"source":"ANTABIF 2025 / Terauds","role":"TERRESTRIAL_RECORD_DENSITY","license":"CC-BY-4.0"}},{"type":"Feature","geometry":{"type":"Point","coordinates":[146.875,-67.875]},"properties":{"records":2,"observed_taxa_in_cell":2,"source":"ANTABIF 2025 / Terauds","role":"TERRESTRIAL_RECORD_DENSITY","license":"CC-BY-4.0"}},{"type":"Feature","geometry":{"type":"Point","coordinates":[149.875,-68.375]},"properties":{"records":4,"observed_taxa_in_cell":4,"source":"ANTABIF 2025 / Terauds","role":"TERRESTRIAL_RECORD_DENSITY","license":"CC-BY-4.0"}},{"type":"Feature","geometry":{"type":"Point","coordinates":[156.625,-79.875]},"properties":{"records":1,"observed_taxa_in_cell":1,"source":"ANTABIF 2025 / Terauds","role":"TERRESTRIAL_RECORD_DENSITY","license":"CC-BY-4.0"}},{"type":"Feature","geometry":{"type":"Point","coordinates":[156.875,-79.875]},"properties":{"records":2,"observed_taxa_in_cell":1,"source":"ANTABIF 2025 / Terauds","role":"TERRESTRIAL_RECORD_DENSITY","license":"CC-BY-4.0"}},{"type":"Feature","geometry":{"type":"Point","coordinates":[157.625,-79.875]},"properties":{"records":4,"observed_taxa_in_cell":4,"source":"ANTABIF 2025 / Terauds","role":"TERRESTRIAL_RECORD_DENSITY","license":"CC-BY-4.0"}},{"type":"Feature","geometry":{"type":"Point","coordinates":[157.625,-69.125]},"properties":{"records":1,"observed_taxa_in_cell":1,"source":"ANTABIF 2025 / Terauds","role":"TERRESTRIAL_RECORD_DENSITY","license":"CC-BY-4.0"}},{"type":"Feature","geometry":{"type":"Point","coordinates":[158.375,-69.375]},"properties":{"records":1,"observed_taxa_in_cell":1,"source":"ANTABIF 2025 / Terauds","role":"TERRESTRIAL_RECORD_DENSITY","license":"CC-BY-4.0"}},{"type":"Feature","geometry":{"type":"Point","coordinates":[158.625,-69.375]},"properties":{"records":4,"observed_taxa_in_cell":1,"source":"ANTABIF 2025 / Terauds","role":"TERRESTRIAL_RECORD_DENSITY","license":"CC-BY-4.0"}},{"type":"Feature","geometry":{"type":"Point","coordinates":[159.125,-79.875]},"properties":{"records":22,"observed_taxa_in_cell":22,"source":"ANTABIF 2025 / Terauds","role":"TERRESTRIAL_RECORD_DENSITY","license":"CC-BY-4.0"}},{"type":"Feature","geometry":{"type":"Point","coordinates":[159.125,-69.625]},"properties":{"records":1,"observed_taxa_in_cell":1,"source":"ANTABIF 2025 / Terauds","role":"TERRESTRIAL_RECORD_DENSITY","license":"CC-BY-4.0"}},{"type":"Feature","geometry":{"type":"Point","coordinates":[159.375,-79.875]},"properties":{"records":12,"observed_taxa_in_cell":6,"source":"ANTABIF 2025 / Terauds","role":"TERRESTRIAL_RECORD_DENSITY","license":"CC-BY-4.0"}},{"type":"Feature","geometry":{"type":"Point","coordinates":[159.375,-69.625]},"properties":{"records":3,"observed_taxa_in_cell":3,"source":"ANTABIF 2025 / Terauds","role":"TERRESTRIAL_RECORD_DENSITY","license":"CC-BY-4.0"}},{"type":"Feature","geometry":{"type":"Point","coordinates":[160.125,-77.875]},"properties":{"records":4,"observed_taxa_in_cell":4,"source":"ANTABIF 2025 / Terauds","role":"TERRESTRIAL_RECORD_DENSITY","license":"CC-BY-4.0"}},{"type":"Feature","geometry":{"type":"Point","coordinates":[160.375,-77.875]},"properties":{"records":7,"observed_taxa_in_cell":7,"source":"ANTABIF 2025 / Terauds","role":"TERRESTRIAL_RECORD_DENSITY","license":"CC-BY-4.0"}},{"type":"Feature","geometry":{"type":"Point","coordinates":[160.625,-77.875]},"properties":{"records":14,"observed_taxa_in_cell":10,"source":"ANTABIF 2025 / Terauds","role":"TERRESTRIAL_RECORD_DENSITY","license":"CC-BY-4.0"}},{"type":"Feature","geometry":{"type":"Point","coordinates":[160.625,-77.625]},"properties":{"records":7,"observed_taxa_in_cell":2,"source":"ANTABIF 2025 / Terauds","role":"TERRESTRIAL_RECORD_DENSITY","license":"CC-BY-4.0"}},{"type":"Feature","geometry":{"type":"Point","coordinates":[160.625,-77.125]},"properties":{"records":4,"observed_taxa_in_cell":3,"source":"ANTABIF 2025 / Terauds","role":"TERRESTRIAL_RECORD_DENSITY","license":"CC-BY-4.0"}},{"type":"Feature","geometry":{"type":"Point","coordinates":[160.625,-75.875]},"properties":{"records":1,"observed_taxa_in_cell":1,"source":"ANTABIF 2025 / Terauds","role":"TERRESTRIAL_RECORD_DENSITY","license":"CC-BY-4.0"}},{"type":"Feature","geometry":{"type":"Point","coordinates":[160.625,-75.625]},"properties":{"records":1,"observed_taxa_in_cell":1,"source":"ANTABIF 2025 / Terauds","role":"TERRESTRIAL_RECORD_DENSITY","license":"CC-BY-4.0"}},{"type":"Feature","geometry":{"type":"Point","coordinates":[160.875,-82.875]},"properties":{"records":1,"observed_taxa_in_cell":1,"source":"ANTABIF 2025 / Terauds","role":"TERRESTRIAL_RECORD_DENSITY","license":"CC-BY-4.0"}},{"type":"Feature","geometry":{"type":"Point","coordinates":[160.875,-77.625]},"properties":{"records":6,"observed_taxa_in_cell":4,"source":"ANTABIF 2025 / Terauds","role":"TERRESTRIAL_RECORD_DENSITY","license":"CC-BY-4.0"}},{"type":"Feature","geometry":{"type":"Point","coordinates":[160.875,-77.375]},"properties":{"records":6,"observed_taxa_in_cell":6,"source":"ANTABIF 2025 / Terauds","role":"TERRESTRIAL_RECORD_DENSITY","license":"CC-BY-4.0"}},{"type":"Feature","geometry":{"type":"Point","coordinates":[160.875,-77.125]},"properties":{"records":1,"observed_taxa_in_cell":1,"source":"ANTABIF 2025 / Terauds","role":"TERRESTRIAL_RECORD_DENSITY","license":"CC-BY-4.0"}},{"type":"Feature","geometry":{"type":"Point","coordinates":[160.875,-76.875]},"properties":{"records":14,"observed_taxa_in_cell":11,"source":"ANTABIF 2025 / Terauds","role":"TERRESTRIAL_RECORD_DENSITY","license":"CC-BY-4.0"}},{"type":"Feature","geometry":{"type":"Point","coordinates":[161.125,-77.625]},"properties":{"records":10,"observed_taxa_in_cell":10,"source":"ANTABIF 2025 / Terauds","role":"TERRESTRIAL_RECORD_DENSITY","license":"CC-BY-4.0"}},{"type":"Feature","geometry":{"type":"Point","coordinates":[161.125,-77.375]},"properties":{"records":2,"observed_taxa_in_cell":1,"source":"ANTABIF 2025 / Terauds","role":"TERRESTRIAL_RECORD_DENSITY","license":"CC-BY-4.0"}},{"type":"Feature","geometry":{"type":"Point","coordinates":[161.125,-76.875]},"properties":{"records":8,"observed_taxa_in_cell":3,"source":"ANTABIF 2025 / Terauds","role":"TERRESTRIAL_RECORD_DENSITY","license":"CC-BY-4.0"}},{"type":"Feature","geometry":{"type":"Point","coordinates":[161.125,-76.625]},"properties":{"records":1,"observed_taxa_in_cell":1,"source":"ANTABIF 2025 / Terauds","role":"TERRESTRIAL_RECORD_DENSITY","license":"CC-BY-4.0"}},{"type":"Feature","geometry":{"type":"Point","coordinates":[161.125,-72.625]},"properties":{"records":1,"observed_taxa_in_cell":1,"source":"ANTABIF 2025 / Terauds","role":"TERRESTRIAL_RECORD_DENSITY","license":"CC-BY-4.0"}},{"type":"Feature","geometry":{"type":"Point","coordinates":[161.375,-78.875]},"properties":{"records":4,"observed_taxa_in_cell":4,"source":"ANTABIF 2025 / Terauds","role":"TERRESTRIAL_RECORD_DENSITY","license":"CC-BY-4.0"}},{"type":"Feature","geometry":{"type":"Point","coordinates":[161.375,-78.625]},"properties":{"records":1,"observed_taxa_in_cell":1,"source":"ANTABIF 2025 / Terauds","role":"TERRESTRIAL_RECORD_DENSITY","license":"CC-BY-4.0"}},{"type":"Feature","geometry":{"type":"Point","coordinates":[161.375,-77.625]},"properties":{"records":5,"observed_taxa_in_cell":4,"source":"ANTABIF 2025 / Terauds","role":"TERRESTRIAL_RECORD_DENSITY","license":"CC-BY-4.0"}},{"type":"Feature","geometry":{"type":"Point","coordinates":[161.625,-78.875]},"properties":{"records":1,"observed_taxa_in_cell":1,"source":"ANTABIF 2025 / Terauds","role":"TERRESTRIAL_RECORD_DENSITY","license":"CC-BY-4.0"}},{"type":"Feature","geometry":{"type":"Point","coordinates":[161.625,-77.625]},"properties":{"records":51,"observed_taxa_in_cell":33,"source":"ANTABIF 2025 / Terauds","role":"TERRESTRIAL_RECORD_DENSITY","license":"CC-BY-4.0"}},{"type":"Feature","geometry":{"type":"Point","coordinates":[161.625,-77.375]},"properties":{"records":6,"observed_taxa_in_cell":3,"source":"ANTABIF 2025 / Terauds","role":"TERRESTRIAL_RECORD_DENSITY","license":"CC-BY-4.0"}},{"type":"Feature","geometry":{"type":"Point","coordinates":[161.625,-77.125]},"properties":{"records":17,"observed_taxa_in_cell":14,"source":"ANTABIF 2025 / Terauds","role":"TERRESTRIAL_RECORD_DENSITY","license":"CC-BY-4.0"}},{"type":"Feature","geometry":{"type":"Point","coordinates":[161.625,-76.125]},"properties":{"records":4,"observed_taxa_in_cell":3,"source":"ANTABIF 2025 / Terauds","role":"TERRESTRIAL_RECORD_DENSITY","license":"CC-BY-4.0"}},{"type":"Feature","geometry":{"type":"Point","coordinates":[161.875,-77.625]},"properties":{"records":34,"observed_taxa_in_cell":21,"source":"ANTABIF 2025 / Terauds","role":"TERRESTRIAL_RECORD_DENSITY","license":"CC-BY-4.0"}},{"type":"Feature","geometry":{"type":"Point","coordinates":[161.875,-77.375]},"properties":{"records":13,"observed_taxa_in_cell":9,"source":"ANTABIF 2025 / Terauds","role":"TERRESTRIAL_RECORD_DENSITY","license":"CC-BY-4.0"}},{"type":"Feature","geometry":{"type":"Point","coordinates":[161.875,-77.125]},"properties":{"records":7,"observed_taxa_in_cell":7,"source":"ANTABIF 2025 / Terauds","role":"TERRESTRIAL_RECORD_DENSITY","license":"CC-BY-4.0"}},{"type":"Feature","geometry":{"type":"Point","coordinates":[161.875,-76.125]},"properties":{"records":5,"observed_taxa_in_cell":5,"source":"ANTABIF 2025 / Terauds","role":"TERRESTRIAL_RECORD_DENSITY","license":"CC-BY-4.0"}},{"type":"Feature","geometry":{"type":"Point","coordinates":[161.875,-75.875]},"properties":{"records":6,"observed_taxa_in_cell":4,"source":"ANTABIF 2025 / Terauds","role":"TERRESTRIAL_RECORD_DENSITY","license":"CC-BY-4.0"}},{"type":"Feature","geometry":{"type":"Point","coordinates":[161.875,-71.625]},"properties":{"records":5,"observed_taxa_in_cell":3,"source":"ANTABIF 2025 / Terauds","role":"TERRESTRIAL_RECORD_DENSITY","license":"CC-BY-4.0"}},{"type":"Feature","geometry":{"type":"Point","coordinates":[162.125,-77.875]},"properties":{"records":4,"observed_taxa_in_cell":2,"source":"ANTABIF 2025 / Terauds","role":"TERRESTRIAL_RECORD_DENSITY","license":"CC-BY-4.0"}},{"type":"Feature","geometry":{"type":"Point","coordinates":[162.125,-77.625]},"properties":{"records":6,"observed_taxa_in_cell":6,"source":"ANTABIF 2025 / Terauds","role":"TERRESTRIAL_RECORD_DENSITY","license":"CC-BY-4.0"}},{"type":"Feature","geometry":{"type":"Point","coordinates":[162.125,-77.375]},"properties":{"records":47,"observed_taxa_in_cell":32,"source":"ANTABIF 2025 / Terauds","role":"TERRESTRIAL_RECORD_DENSITY","license":"CC-BY-4.0"}},{"type":"Feature","geometry":{"type":"Point","coordinates":[162.125,-76.875]},"properties":{"records":5,"observed_taxa_in_cell":5,"source":"ANTABIF 2025 / Terauds","role":"TERRESTRIAL_RECORD_DENSITY","license":"CC-BY-4.0"}},{"type":"Feature","geometry":{"type":"Point","coordinates":[162.125,-76.125]},"properties":{"records":1,"observed_taxa_in_cell":1,"source":"ANTABIF 2025 / Terauds","role":"TERRESTRIAL_RECORD_DENSITY","license":"CC-BY-4.0"}},{"type":"Feature","geometry":{"type":"Point","coordinates":[162.125,-75.375]},"properties":{"records":1,"observed_taxa_in_cell":1,"source":"ANTABIF 2025 / Terauds","role":"TERRESTRIAL_RECORD_DENSITY","license":"CC-BY-4.0"}},{"type":"Feature","geometry":{"type":"Point","coordinates":[162.375,-77.625]},"properties":{"records":83,"observed_taxa_in_cell":46,"source":"ANTABIF 2025 / Terauds","role":"TERRESTRIAL_RECORD_DENSITY","license":"CC-BY-4.0"}},{"type":"Feature","geometry":{"type":"Point","coordinates":[162.375,-77.375]},"properties":{"records":11,"observed_taxa_in_cell":2,"source":"ANTABIF 2025 / Terauds","role":"TERRESTRIAL_RECORD_DENSITY","license":"CC-BY-4.0"}},{"type":"Feature","geometry":{"type":"Point","coordinates":[162.375,-77.125]},"properties":{"records":55,"observed_taxa_in_cell":28,"source":"ANTABIF 2025 / Terauds","role":"TERRESTRIAL_RECORD_DENSITY","license":"CC-BY-4.0"}},{"type":"Feature","geometry":{"type":"Point","coordinates":[162.375,-76.875]},"properties":{"records":44,"observed_taxa_in_cell":29,"source":"ANTABIF 2025 / Terauds","role":"TERRESTRIAL_RECORD_DENSITY","license":"CC-BY-4.0"}},{"type":"Feature","geometry":{"type":"Point","coordinates":[162.375,-76.125]},"properties":{"records":4,"observed_taxa_in_cell":3,"source":"ANTABIF 2025 / Terauds","role":"TERRESTRIAL_RECORD_DENSITY","license":"CC-BY-4.0"}},{"type":"Feature","geometry":{"type":"Point","coordinates":[162.375,-66.375]},"properties":{"records":2,"observed_taxa_in_cell":1,"source":"ANTABIF 2025 / Terauds","role":"TERRESTRIAL_RECORD_DENSITY","license":"CC-BY-4.0"}},{"type":"Feature","geometry":{"type":"Point","coordinates":[162.625,-77.875]},"properties":{"records":2,"observed_taxa_in_cell":2,"source":"ANTABIF 2025 / Terauds","role":"TERRESTRIAL_RECORD_DENSITY","license":"CC-BY-4.0"}},{"type":"Feature","geometry":{"type":"Point","coordinates":[162.625,-77.625]},"properties":{"records":23,"observed_taxa_in_cell":6,"source":"ANTABIF 2025 / Terauds","role":"TERRESTRIAL_RECORD_DENSITY","license":"CC-BY-4.0"}},{"type":"Feature","geometry":{"type":"Point","coordinates":[162.625,-77.375]},"properties":{"records":24,"observed_taxa_in_cell":15,"source":"ANTABIF 2025 / Terauds","role":"TERRESTRIAL_RECORD_DENSITY","license":"CC-BY-4.0"}},{"type":"Feature","geometry":{"type":"Point","coordinates":[162.625,-77.125]},"properties":{"records":191,"observed_taxa_in_cell":62,"source":"ANTABIF 2025 / Terauds","role":"TERRESTRIAL_RECORD_DENSITY","license":"CC-BY-4.0"}},{"type":"Feature","geometry":{"type":"Point","coordinates":[162.625,-76.875]},"properties":{"records":32,"observed_taxa_in_cell":25,"source":"ANTABIF 2025 / Terauds","role":"TERRESTRIAL_RECORD_DENSITY","license":"CC-BY-4.0"}},{"type":"Feature","geometry":{"type":"Point","coordinates":[162.625,-76.625]},"properties":{"records":15,"observed_taxa_in_cell":14,"source":"ANTABIF 2025 / Terauds","role":"TERRESTRIAL_RECORD_DENSITY","license":"CC-BY-4.0"}},{"type":"Feature","geometry":{"type":"Point","coordinates":[162.625,-76.125]},"properties":{"records":1,"observed_taxa_in_cell":1,"source":"ANTABIF 2025 / Terauds","role":"TERRESTRIAL_RECORD_DENSITY","license":"CC-BY-4.0"}},{"type":"Feature","geometry":{"type":"Point","coordinates":[162.625,-75.875]},"properties":{"records":11,"observed_taxa_in_cell":11,"source":"ANTABIF 2025 / Terauds","role":"TERRESTRIAL_RECORD_DENSITY","license":"CC-BY-4.0"}},{"type":"Feature","geometry":{"type":"Point","coordinates":[162.625,-75.125]},"properties":{"records":26,"observed_taxa_in_cell":21,"source":"ANTABIF 2025 / Terauds","role":"TERRESTRIAL_RECORD_DENSITY","license":"CC-BY-4.0"}},{"type":"Feature","geometry":{"type":"Point","coordinates":[162.625,-74.875]},"properties":{"records":24,"observed_taxa_in_cell":18,"source":"ANTABIF 2025 / Terauds","role":"TERRESTRIAL_RECORD_DENSITY","license":"CC-BY-4.0"}},{"type":"Feature","geometry":{"type":"Point","coordinates":[162.625,-74.625]},"properties":{"records":1,"observed_taxa_in_cell":1,"source":"ANTABIF 2025 / Terauds","role":"TERRESTRIAL_RECORD_DENSITY","license":"CC-BY-4.0"}},{"type":"Feature","geometry":{"type":"Point","coordinates":[162.625,-74.375]},"properties":{"records":19,"observed_taxa_in_cell":18,"source":"ANTABIF 2025 / Terauds","role":"TERRESTRIAL_RECORD_DENSITY","license":"CC-BY-4.0"}},{"type":"Feature","geometry":{"type":"Point","coordinates":[162.875,-77.625]},"properties":{"records":197,"observed_taxa_in_cell":74,"source":"ANTABIF 2025 / Terauds","role":"TERRESTRIAL_RECORD_DENSITY","license":"CC-BY-4.0"}},{"type":"Feature","geometry":{"type":"Point","coordinates":[162.875,-77.375]},"properties":{"records":2,"observed_taxa_in_cell":2,"source":"ANTABIF 2025 / Terauds","role":"TERRESTRIAL_RECORD_DENSITY","license":"CC-BY-4.0"}},{"type":"Feature","geometry":{"type":"Point","coordinates":[162.875,-77.125]},"properties":{"records":22,"observed_taxa_in_cell":18,"source":"ANTABIF 2025 / Terauds","role":"TERRESTRIAL_RECORD_DENSITY","license":"CC-BY-4.0"}},{"type":"Feature","geometry":{"type":"Point","coordinates":[162.875,-76.875]},"properties":{"records":7,"observed_taxa_in_cell":7,"source":"ANTABIF 2025 / Terauds","role":"TERRESTRIAL_RECORD_DENSITY","license":"CC-BY-4.0"}},{"type":"Feature","geometry":{"type":"Point","coordinates":[162.875,-76.625]},"properties":{"records":7,"observed_taxa_in_cell":7,"source":"ANTABIF 2025 / Terauds","role":"TERRESTRIAL_RECORD_DENSITY","license":"CC-BY-4.0"}},{"type":"Feature","geometry":{"type":"Point","coordinates":[162.875,-75.875]},"properties":{"records":3,"observed_taxa_in_cell":3,"source":"ANTABIF 2025 / Terauds","role":"TERRESTRIAL_RECORD_DENSITY","license":"CC-BY-4.0"}},{"type":"Feature","geometry":{"type":"Point","coordinates":[162.875,-75.625]},"properties":{"records":60,"observed_taxa_in_cell":34,"source":"ANTABIF 2025 / Terauds","role":"TERRESTRIAL_RECORD_DENSITY","license":"CC-BY-4.0"}},{"type":"Feature","geometry":{"type":"Point","coordinates":[162.875,-74.875]},"properties":{"records":1,"observed_taxa_in_cell":1,"source":"ANTABIF 2025 / Terauds","role":"TERRESTRIAL_RECORD_DENSITY","license":"CC-BY-4.0"}},{"type":"Feature","geometry":{"type":"Point","coordinates":[162.875,-74.375]},"properties":{"records":1,"observed_taxa_in_cell":1,"source":"ANTABIF 2025 / Terauds","role":"TERRESTRIAL_RECORD_DENSITY","license":"CC-BY-4.0"}},{"type":"Feature","geometry":{"type":"Point","coordinates":[163.125,-78.375]},"properties":{"records":9,"observed_taxa_in_cell":5,"source":"ANTABIF 2025 / Terauds","role":"TERRESTRIAL_RECORD_DENSITY","license":"CC-BY-4.0"}},{"type":"Feature","geometry":{"type":"Point","coordinates":[163.125,-78.125]},"properties":{"records":1,"observed_taxa_in_cell":1,"source":"ANTABIF 2025 / Terauds","role":"TERRESTRIAL_RECORD_DENSITY","license":"CC-BY-4.0"}},{"type":"Feature","geometry":{"type":"Point","coordinates":[163.125,-77.875]},"properties":{"records":1,"observed_taxa_in_cell":1,"source":"ANTABIF 2025 / Terauds","role":"TERRESTRIAL_RECORD_DENSITY","license":"CC-BY-4.0"}},{"type":"Feature","geometry":{"type":"Point","coordinates":[163.125,-77.625]},"properties":{"records":265,"observed_taxa_in_cell":145,"source":"ANTABIF 2025 / Terauds","role":"TERRESTRIAL_RECORD_DENSITY","license":"CC-BY-4.0"}},{"type":"Feature","geometry":{"type":"Point","coordinates":[163.125,-77.375]},"properties":{"records":2,"observed_taxa_in_cell":2,"source":"ANTABIF 2025 / Terauds","role":"TERRESTRIAL_RECORD_DENSITY","license":"CC-BY-4.0"}},{"type":"Feature","geometry":{"type":"Point","coordinates":[163.125,-77.125]},"properties":{"records":3,"observed_taxa_in_cell":2,"source":"ANTABIF 2025 / Terauds","role":"TERRESTRIAL_RECORD_DENSITY","license":"CC-BY-4.0"}},{"type":"Feature","geometry":{"type":"Point","coordinates":[163.125,-76.625]},"properties":{"records":2,"observed_taxa_in_cell":2,"source":"ANTABIF 2025 / Terauds","role":"TERRESTRIAL_RECORD_DENSITY","license":"CC-BY-4.0"}},{"type":"Feature","geometry":{"type":"Point","coordinates":[163.125,-72.125]},"properties":{"records":39,"observed_taxa_in_cell":39,"source":"ANTABIF 2025 / Terauds","role":"TERRESTRIAL_RECORD_DENSITY","license":"CC-BY-4.0"}},{"type":"Feature","geometry":{"type":"Point","coordinates":[163.125,-66.625]},"properties":{"records":4,"observed_taxa_in_cell":1,"source":"ANTABIF 2025 / Terauds","role":"TERRESTRIAL_RECORD_DENSITY","license":"CC-BY-4.0"}},{"type":"Feature","geometry":{"type":"Point","coordinates":[163.375,-84.125]},"properties":{"records":1,"observed_taxa_in_cell":1,"source":"ANTABIF 2025 / Terauds","role":"TERRESTRIAL_RECORD_DENSITY","license":"CC-BY-4.0"}},{"type":"Feature","geometry":{"type":"Point","coordinates":[163.375,-78.375]},"properties":{"records":4,"observed_taxa_in_cell":4,"source":"ANTABIF 2025 / Terauds","role":"TERRESTRIAL_RECORD_DENSITY","license":"CC-BY-4.0"}},{"type":"Feature","geometry":{"type":"Point","coordinates":[163.375,-78.125]},"properties":{"records":8,"observed_taxa_in_cell":8,"source":"ANTABIF 2025 / Terauds","role":"TERRESTRIAL_RECORD_DENSITY","license":"CC-BY-4.0"}},{"type":"Feature","geometry":{"type":"Point","coordinates":[163.375,-77.625]},"properties":{"records":46,"observed_taxa_in_cell":18,"source":"ANTABIF 2025 / Terauds","role":"TERRESTRIAL_RECORD_DENSITY","license":"CC-BY-4.0"}},{"type":"Feature","geometry":{"type":"Point","coordinates":[163.375,-77.125]},"properties":{"records":5,"observed_taxa_in_cell":3,"source":"ANTABIF 2025 / Terauds","role":"TERRESTRIAL_RECORD_DENSITY","license":"CC-BY-4.0"}},{"type":"Feature","geometry":{"type":"Point","coordinates":[163.375,-74.375]},"properties":{"records":5,"observed_taxa_in_cell":4,"source":"ANTABIF 2025 / Terauds","role":"TERRESTRIAL_RECORD_DENSITY","license":"CC-BY-4.0"}},{"type":"Feature","geometry":{"type":"Point","coordinates":[163.375,-72.125]},"properties":{"records":2,"observed_taxa_in_cell":2,"source":"ANTABIF 2025 / Terauds","role":"TERRESTRIAL_RECORD_DENSITY","license":"CC-BY-4.0"}},{"type":"Feature","geometry":{"type":"Point","coordinates":[163.375,-66.875]},"properties":{"records":34,"observed_taxa_in_cell":15,"source":"ANTABIF 2025 / Terauds","role":"TERRESTRIAL_RECORD_DENSITY","license":"CC-BY-4.0"}},{"type":"Feature","geometry":{"type":"Point","coordinates":[163.625,-78.375]},"properties":{"records":1,"observed_taxa_in_cell":1,"source":"ANTABIF 2025 / Terauds","role":"TERRESTRIAL_RECORD_DENSITY","license":"CC-BY-4.0"}},{"type":"Feature","geometry":{"type":"Point","coordinates":[163.625,-78.125]},"properties":{"records":19,"observed_taxa_in_cell":11,"source":"ANTABIF 2025 / Terauds","role":"TERRESTRIAL_RECORD_DENSITY","license":"CC-BY-4.0"}},{"type":"Feature","geometry":{"type":"Point","coordinates":[163.625,-77.875]},"properties":{"records":1,"observed_taxa_in_cell":1,"source":"ANTABIF 2025 / Terauds","role":"TERRESTRIAL_RECORD_DENSITY","license":"CC-BY-4.0"}},{"type":"Feature","geometry":{"type":"Point","coordinates":[163.625,-77.625]},"properties":{"records":2,"observed_taxa_in_cell":2,"source":"ANTABIF 2025 / Terauds","role":"TERRESTRIAL_RECORD_DENSITY","license":"CC-BY-4.0"}},{"type":"Feature","geometry":{"type":"Point","coordinates":[163.625,-77.375]},"properties":{"records":26,"observed_taxa_in_cell":12,"source":"ANTABIF 2025 / Terauds","role":"TERRESTRIAL_RECORD_DENSITY","license":"CC-BY-4.0"}},{"type":"Feature","geometry":{"type":"Point","coordinates":[163.625,-74.875]},"properties":{"records":143,"observed_taxa_in_cell":69,"source":"ANTABIF 2025 / Terauds","role":"TERRESTRIAL_RECORD_DENSITY","license":"CC-BY-4.0"}},{"type":"Feature","geometry":{"type":"Point","coordinates":[163.625,-74.625]},"properties":{"records":36,"observed_taxa_in_cell":23,"source":"ANTABIF 2025 / Terauds","role":"TERRESTRIAL_RECORD_DENSITY","license":"CC-BY-4.0"}},{"type":"Feature","geometry":{"type":"Point","coordinates":[163.625,-74.375]},"properties":{"records":4,"observed_taxa_in_cell":2,"source":"ANTABIF 2025 / Terauds","role":"TERRESTRIAL_RECORD_DENSITY","license":"CC-BY-4.0"}},{"type":"Feature","geometry":{"type":"Point","coordinates":[163.625,-72.125]},"properties":{"records":3,"observed_taxa_in_cell":3,"source":"ANTABIF 2025 / Terauds","role":"TERRESTRIAL_RECORD_DENSITY","license":"CC-BY-4.0"}},{"type":"Feature","geometry":{"type":"Point","coordinates":[163.625,-66.625]},"properties":{"records":2,"observed_taxa_in_cell":1,"source":"ANTABIF 2025 / Terauds","role":"TERRESTRIAL_RECORD_DENSITY","license":"CC-BY-4.0"}},{"type":"Feature","geometry":{"type":"Point","coordinates":[163.875,-78.375]},"properties":{"records":10,"observed_taxa_in_cell":10,"source":"ANTABIF 2025 / Terauds","role":"TERRESTRIAL_RECORD_DENSITY","license":"CC-BY-4.0"}},{"type":"Feature","geometry":{"type":"Point","coordinates":[163.875,-78.125]},"properties":{"records":60,"observed_taxa_in_cell":40,"source":"ANTABIF 2025 / Terauds","role":"TERRESTRIAL_RECORD_DENSITY","license":"CC-BY-4.0"}},{"type":"Feature","geometry":{"type":"Point","coordinates":[163.875,-77.875]},"properties":{"records":12,"observed_taxa_in_cell":12,"source":"ANTABIF 2025 / Terauds","role":"TERRESTRIAL_RECORD_DENSITY","license":"CC-BY-4.0"}},{"type":"Feature","geometry":{"type":"Point","coordinates":[163.875,-77.625]},"properties":{"records":7,"observed_taxa_in_cell":6,"source":"ANTABIF 2025 / Terauds","role":"TERRESTRIAL_RECORD_DENSITY","license":"CC-BY-4.0"}},{"type":"Feature","geometry":{"type":"Point","coordinates":[163.875,-77.375]},"properties":{"records":71,"observed_taxa_in_cell":47,"source":"ANTABIF 2025 / Terauds","role":"TERRESTRIAL_RECORD_DENSITY","license":"CC-BY-4.0"}},{"type":"Feature","geometry":{"type":"Point","coordinates":[163.875,-74.875]},"properties":{"records":4,"observed_taxa_in_cell":4,"source":"ANTABIF 2025 / Terauds","role":"TERRESTRIAL_RECORD_DENSITY","license":"CC-BY-4.0"}},{"type":"Feature","geometry":{"type":"Point","coordinates":[163.875,-74.625]},"properties":{"records":32,"observed_taxa_in_cell":21,"source":"ANTABIF 2025 / Terauds","role":"TERRESTRIAL_RECORD_DENSITY","license":"CC-BY-4.0"}},{"type":"Feature","geometry":{"type":"Point","coordinates":[163.875,-74.375]},"properties":{"records":2,"observed_taxa_in_cell":1,"source":"ANTABIF 2025 / Terauds","role":"TERRESTRIAL_RECORD_DENSITY","license":"CC-BY-4.0"}},{"type":"Feature","geometry":{"type":"Point","coordinates":[163.875,-72.625]},"properties":{"records":1,"observed_taxa_in_cell":1,"source":"ANTABIF 2025 / Terauds","role":"TERRESTRIAL_RECORD_DENSITY","license":"CC-BY-4.0"}},{"type":"Feature","geometry":{"type":"Point","coordinates":[164.125,-78.125]},"properties":{"records":25,"observed_taxa_in_cell":13,"source":"ANTABIF 2025 / Terauds","role":"TERRESTRIAL_RECORD_DENSITY","license":"CC-BY-4.0"}},{"type":"Feature","geometry":{"type":"Point","coordinates":[164.125,-77.875]},"properties":{"records":23,"observed_taxa_in_cell":16,"source":"ANTABIF 2025 / Terauds","role":"TERRESTRIAL_RECORD_DENSITY","license":"CC-BY-4.0"}},{"type":"Feature","geometry":{"type":"Point","coordinates":[164.125,-74.875]},"properties":{"records":47,"observed_taxa_in_cell":44,"source":"ANTABIF 2025 / Terauds","role":"TERRESTRIAL_RECORD_DENSITY","license":"CC-BY-4.0"}},{"type":"Feature","geometry":{"type":"Point","coordinates":[164.125,-74.625]},"properties":{"records":205,"observed_taxa_in_cell":88,"source":"ANTABIF 2025 / Terauds","role":"TERRESTRIAL_RECORD_DENSITY","license":"CC-BY-4.0"}},{"type":"Feature","geometry":{"type":"Point","coordinates":[164.375,-78.125]},"properties":{"records":2,"observed_taxa_in_cell":2,"source":"ANTABIF 2025 / Terauds","role":"TERRESTRIAL_RECORD_DENSITY","license":"CC-BY-4.0"}},{"type":"Feature","geometry":{"type":"Point","coordinates":[164.375,-77.875]},"properties":{"records":24,"observed_taxa_in_cell":21,"source":"ANTABIF 2025 / Terauds","role":"TERRESTRIAL_RECORD_DENSITY","license":"CC-BY-4.0"}},{"type":"Feature","geometry":{"type":"Point","coordinates":[164.375,-74.625]},"properties":{"records":2,"observed_taxa_in_cell":2,"source":"ANTABIF 2025 / Terauds","role":"TERRESTRIAL_RECORD_DENSITY","license":"CC-BY-4.0"}},{"type":"Feature","geometry":{"type":"Point","coordinates":[164.375,-74.375]},"properties":{"records":1,"observed_taxa_in_cell":1,"source":"ANTABIF 2025 / Terauds","role":"TERRESTRIAL_RECORD_DENSITY","license":"CC-BY-4.0"}},{"type":"Feature","geometry":{"type":"Point","coordinates":[164.625,-77.875]},"properties":{"records":8,"observed_taxa_in_cell":7,"source":"ANTABIF 2025 / Terauds","role":"TERRESTRIAL_RECORD_DENSITY","license":"CC-BY-4.0"}},{"type":"Feature","geometry":{"type":"Point","coordinates":[164.625,-74.625]},"properties":{"records":1,"observed_taxa_in_cell":1,"source":"ANTABIF 2025 / Terauds","role":"TERRESTRIAL_RECORD_DENSITY","license":"CC-BY-4.0"}},{"type":"Feature","geometry":{"type":"Point","coordinates":[164.625,-74.375]},"properties":{"records":57,"observed_taxa_in_cell":35,"source":"ANTABIF 2025 / Terauds","role":"TERRESTRIAL_RECORD_DENSITY","license":"CC-BY-4.0"}},{"type":"Feature","geometry":{"type":"Point","coordinates":[164.625,-74.125]},"properties":{"records":5,"observed_taxa_in_cell":5,"source":"ANTABIF 2025 / Terauds","role":"TERRESTRIAL_RECORD_DENSITY","license":"CC-BY-4.0"}},{"type":"Feature","geometry":{"type":"Point","coordinates":[164.625,-73.875]},"properties":{"records":2,"observed_taxa_in_cell":2,"source":"ANTABIF 2025 / Terauds","role":"TERRESTRIAL_RECORD_DENSITY","license":"CC-BY-4.0"}},{"type":"Feature","geometry":{"type":"Point","coordinates":[164.625,-67.375]},"properties":{"records":1,"observed_taxa_in_cell":1,"source":"ANTABIF 2025 / Terauds","role":"TERRESTRIAL_RECORD_DENSITY","license":"CC-BY-4.0"}},{"type":"Feature","geometry":{"type":"Point","coordinates":[164.875,-74.625]},"properties":{"records":7,"observed_taxa_in_cell":5,"source":"ANTABIF 2025 / Terauds","role":"TERRESTRIAL_RECORD_DENSITY","license":"CC-BY-4.0"}},{"type":"Feature","geometry":{"type":"Point","coordinates":[164.875,-74.375]},"properties":{"records":1,"observed_taxa_in_cell":1,"source":"ANTABIF 2025 / Terauds","role":"TERRESTRIAL_RECORD_DENSITY","license":"CC-BY-4.0"}},{"type":"Feature","geometry":{"type":"Point","coordinates":[164.875,-74.125]},"properties":{"records":91,"observed_taxa_in_cell":52,"source":"ANTABIF 2025 / Terauds","role":"TERRESTRIAL_RECORD_DENSITY","license":"CC-BY-4.0"}},{"type":"Feature","geometry":{"type":"Point","coordinates":[164.875,-73.875]},"properties":{"records":45,"observed_taxa_in_cell":40,"source":"ANTABIF 2025 / Terauds","role":"TERRESTRIAL_RECORD_DENSITY","license":"CC-BY-4.0"}},{"type":"Feature","geometry":{"type":"Point","coordinates":[165.125,-78.375]},"properties":{"records":2,"observed_taxa_in_cell":2,"source":"ANTABIF 2025 / Terauds","role":"TERRESTRIAL_RECORD_DENSITY","license":"CC-BY-4.0"}},{"type":"Feature","geometry":{"type":"Point","coordinates":[165.125,-77.875]},"properties":{"records":13,"observed_taxa_in_cell":13,"source":"ANTABIF 2025 / Terauds","role":"TERRESTRIAL_RECORD_DENSITY","license":"CC-BY-4.0"}},{"type":"Feature","geometry":{"type":"Point","coordinates":[165.125,-74.375]},"properties":{"records":216,"observed_taxa_in_cell":101,"source":"ANTABIF 2025 / Terauds","role":"TERRESTRIAL_RECORD_DENSITY","license":"CC-BY-4.0"}},{"type":"Feature","geometry":{"type":"Point","coordinates":[165.125,-74.125]},"properties":{"records":1,"observed_taxa_in_cell":1,"source":"ANTABIF 2025 / Terauds","role":"TERRESTRIAL_RECORD_DENSITY","license":"CC-BY-4.0"}},{"type":"Feature","geometry":{"type":"Point","coordinates":[165.125,-73.875]},"properties":{"records":1,"observed_taxa_in_cell":1,"source":"ANTABIF 2025 / Terauds","role":"TERRESTRIAL_RECORD_DENSITY","license":"CC-BY-4.0"}},{"type":"Feature","geometry":{"type":"Point","coordinates":[165.375,-78.125]},"properties":{"records":46,"observed_taxa_in_cell":46,"source":"ANTABIF 2025 / Terauds","role":"TERRESTRIAL_RECORD_DENSITY","license":"CC-BY-4.0"}},{"type":"Feature","geometry":{"type":"Point","coordinates":[165.375,-74.625]},"properties":{"records":51,"observed_taxa_in_cell":14,"source":"ANTABIF 2025 / Terauds","role":"TERRESTRIAL_RECORD_DENSITY","license":"CC-BY-4.0"}},{"type":"Feature","geometry":{"type":"Point","coordinates":[165.375,-74.375]},"properties":{"records":14,"observed_taxa_in_cell":14,"source":"ANTABIF 2025 / Terauds","role":"TERRESTRIAL_RECORD_DENSITY","license":"CC-BY-4.0"}},{"type":"Feature","geometry":{"type":"Point","coordinates":[165.375,-74.125]},"properties":{"records":87,"observed_taxa_in_cell":62,"source":"ANTABIF 2025 / Terauds","role":"TERRESTRIAL_RECORD_DENSITY","license":"CC-BY-4.0"}},{"type":"Feature","geometry":{"type":"Point","coordinates":[165.375,-73.375]},"properties":{"records":5,"observed_taxa_in_cell":5,"source":"ANTABIF 2025 / Terauds","role":"TERRESTRIAL_RECORD_DENSITY","license":"CC-BY-4.0"}},{"type":"Feature","geometry":{"type":"Point","coordinates":[165.625,-78.125]},"properties":{"records":9,"observed_taxa_in_cell":9,"source":"ANTABIF 2025 / Terauds","role":"TERRESTRIAL_RECORD_DENSITY","license":"CC-BY-4.0"}},{"type":"Feature","geometry":{"type":"Point","coordinates":[165.625,-73.375]},"properties":{"records":15,"observed_taxa_in_cell":14,"source":"ANTABIF 2025 / Terauds","role":"TERRESTRIAL_RECORD_DENSITY","license":"CC-BY-4.0"}},{"type":"Feature","geometry":{"type":"Point","coordinates":[165.875,-73.625]},"properties":{"records":7,"observed_taxa_in_cell":5,"source":"ANTABIF 2025 / Terauds","role":"TERRESTRIAL_RECORD_DENSITY","license":"CC-BY-4.0"}},{"type":"Feature","geometry":{"type":"Point","coordinates":[165.875,-70.625]},"properties":{"records":4,"observed_taxa_in_cell":4,"source":"ANTABIF 2025 / Terauds","role":"TERRESTRIAL_RECORD_DENSITY","license":"CC-BY-4.0"}},{"type":"Feature","geometry":{"type":"Point","coordinates":[166.125,-77.625]},"properties":{"records":236,"observed_taxa_in_cell":94,"source":"ANTABIF 2025 / Terauds","role":"TERRESTRIAL_RECORD_DENSITY","license":"CC-BY-4.0"}},{"type":"Feature","geometry":{"type":"Point","coordinates":[166.125,-70.625]},"properties":{"records":2,"observed_taxa_in_cell":1,"source":"ANTABIF 2025 / Terauds","role":"TERRESTRIAL_RECORD_DENSITY","license":"CC-BY-4.0"}},{"type":"Feature","geometry":{"type":"Point","coordinates":[166.375,-78.625]},"properties":{"records":5,"observed_taxa_in_cell":3,"source":"ANTABIF 2025 / Terauds","role":"TERRESTRIAL_RECORD_DENSITY","license":"CC-BY-4.0"}},{"type":"Feature","geometry":{"type":"Point","coordinates":[166.375,-78.125]},"properties":{"records":12,"observed_taxa_in_cell":12,"source":"ANTABIF 2025 / Terauds","role":"TERRESTRIAL_RECORD_DENSITY","license":"CC-BY-4.0"}},{"type":"Feature","geometry":{"type":"Point","coordinates":[166.375,-77.625]},"properties":{"records":60,"observed_taxa_in_cell":51,"source":"ANTABIF 2025 / Terauds","role":"TERRESTRIAL_RECORD_DENSITY","license":"CC-BY-4.0"}},{"type":"Feature","geometry":{"type":"Point","coordinates":[166.375,-77.375]},"properties":{"records":36,"observed_taxa_in_cell":5,"source":"ANTABIF 2025 / Terauds","role":"TERRESTRIAL_RECORD_DENSITY","license":"CC-BY-4.0"}},{"type":"Feature","geometry":{"type":"Point","coordinates":[166.375,-77.125]},"properties":{"records":115,"observed_taxa_in_cell":34,"source":"ANTABIF 2025 / Terauds","role":"TERRESTRIAL_RECORD_DENSITY","license":"CC-BY-4.0"}},{"type":"Feature","geometry":{"type":"Point","coordinates":[166.625,-78.625]},"properties":{"records":2,"observed_taxa_in_cell":2,"source":"ANTABIF 2025 / Terauds","role":"TERRESTRIAL_RECORD_DENSITY","license":"CC-BY-4.0"}},{"type":"Feature","geometry":{"type":"Point","coordinates":[166.625,-77.875]},"properties":{"records":188,"observed_taxa_in_cell":100,"source":"ANTABIF 2025 / Terauds","role":"TERRESTRIAL_RECORD_DENSITY","license":"CC-BY-4.0"}},{"type":"Feature","geometry":{"type":"Point","coordinates":[166.625,-77.625]},"properties":{"records":2,"observed_taxa_in_cell":2,"source":"ANTABIF 2025 / Terauds","role":"TERRESTRIAL_RECORD_DENSITY","license":"CC-BY-4.0"}},{"type":"Feature","geometry":{"type":"Point","coordinates":[166.625,-77.375]},"properties":{"records":1,"observed_taxa_in_cell":1,"source":"ANTABIF 2025 / Terauds","role":"TERRESTRIAL_RECORD_DENSITY","license":"CC-BY-4.0"}},{"type":"Feature","geometry":{"type":"Point","coordinates":[166.625,-73.625]},"properties":{"records":68,"observed_taxa_in_cell":49,"source":"ANTABIF 2025 / Terauds","role":"TERRESTRIAL_RECORD_DENSITY","license":"CC-BY-4.0"}},{"type":"Feature","geometry":{"type":"Point","coordinates":[166.875,-77.875]},"properties":{"records":7,"observed_taxa_in_cell":5,"source":"ANTABIF 2025 / Terauds","role":"TERRESTRIAL_RECORD_DENSITY","license":"CC-BY-4.0"}},{"type":"Feature","geometry":{"type":"Point","coordinates":[166.875,-77.625]},"properties":{"records":4,"observed_taxa_in_cell":4,"source":"ANTABIF 2025 / Terauds","role":"TERRESTRIAL_RECORD_DENSITY","license":"CC-BY-4.0"}},{"type":"Feature","geometry":{"type":"Point","coordinates":[166.875,-76.875]},"properties":{"records":96,"observed_taxa_in_cell":18,"source":"ANTABIF 2025 / Terauds","role":"TERRESTRIAL_RECORD_DENSITY","license":"CC-BY-4.0"}},{"type":"Feature","geometry":{"type":"Point","coordinates":[166.875,-70.625]},"properties":{"records":3,"observed_taxa_in_cell":1,"source":"ANTABIF 2025 / Terauds","role":"TERRESTRIAL_RECORD_DENSITY","license":"CC-BY-4.0"}},{"type":"Feature","geometry":{"type":"Point","coordinates":[167.125,-77.625]},"properties":{"records":51,"observed_taxa_in_cell":38,"source":"ANTABIF 2025 / Terauds","role":"TERRESTRIAL_RECORD_DENSITY","license":"CC-BY-4.0"}},{"type":"Feature","geometry":{"type":"Point","coordinates":[167.125,-70.875]},"properties":{"records":37,"observed_taxa_in_cell":36,"source":"ANTABIF 2025 / Terauds","role":"TERRESTRIAL_RECORD_DENSITY","license":"CC-BY-4.0"}},{"type":"Feature","geometry":{"type":"Point","coordinates":[167.375,-78.125]},"properties":{"records":12,"observed_taxa_in_cell":2,"source":"ANTABIF 2025 / Terauds","role":"TERRESTRIAL_RECORD_DENSITY","license":"CC-BY-4.0"}},{"type":"Feature","geometry":{"type":"Point","coordinates":[167.375,-73.375]},"properties":{"records":58,"observed_taxa_in_cell":39,"source":"ANTABIF 2025 / Terauds","role":"TERRESTRIAL_RECORD_DENSITY","license":"CC-BY-4.0"}},{"type":"Feature","geometry":{"type":"Point","coordinates":[167.375,-70.875]},"properties":{"records":2,"observed_taxa_in_cell":1,"source":"ANTABIF 2025 / Terauds","role":"TERRESTRIAL_RECORD_DENSITY","license":"CC-BY-4.0"}},{"type":"Feature","geometry":{"type":"Point","coordinates":[167.625,-73.375]},"properties":{"records":7,"observed_taxa_in_cell":7,"source":"ANTABIF 2025 / Terauds","role":"TERRESTRIAL_RECORD_DENSITY","license":"CC-BY-4.0"}},{"type":"Feature","geometry":{"type":"Point","coordinates":[167.875,-77.625]},"properties":{"records":32,"observed_taxa_in_cell":30,"source":"ANTABIF 2025 / Terauds","role":"TERRESTRIAL_RECORD_DENSITY","license":"CC-BY-4.0"}},{"type":"Feature","geometry":{"type":"Point","coordinates":[167.875,-77.375]},"properties":{"records":1,"observed_taxa_in_cell":1,"source":"ANTABIF 2025 / Terauds","role":"TERRESTRIAL_RECORD_DENSITY","license":"CC-BY-4.0"}},{"type":"Feature","geometry":{"type":"Point","coordinates":[168.375,-76.125]},"properties":{"records":50,"observed_taxa_in_cell":5,"source":"ANTABIF 2025 / Terauds","role":"TERRESTRIAL_RECORD_DENSITY","license":"CC-BY-4.0"}},{"type":"Feature","geometry":{"type":"Point","coordinates":[168.375,-71.625]},"properties":{"records":10,"observed_taxa_in_cell":10,"source":"ANTABIF 2025 / Terauds","role":"TERRESTRIAL_RECORD_DENSITY","license":"CC-BY-4.0"}},{"type":"Feature","geometry":{"type":"Point","coordinates":[168.375,-71.125]},"properties":{"records":1,"observed_taxa_in_cell":1,"source":"ANTABIF 2025 / Terauds","role":"TERRESTRIAL_RECORD_DENSITY","license":"CC-BY-4.0"}},{"type":"Feature","geometry":{"type":"Point","coordinates":[168.625,-77.625]},"properties":{"records":5,"observed_taxa_in_cell":4,"source":"ANTABIF 2025 / Terauds","role":"TERRESTRIAL_RECORD_DENSITY","license":"CC-BY-4.0"}},{"type":"Feature","geometry":{"type":"Point","coordinates":[168.625,-71.375]},"properties":{"records":1,"observed_taxa_in_cell":1,"source":"ANTABIF 2025 / Terauds","role":"TERRESTRIAL_RECORD_DENSITY","license":"CC-BY-4.0"}},{"type":"Feature","geometry":{"type":"Point","coordinates":[168.875,-84.375]},"properties":{"records":1,"observed_taxa_in_cell":1,"source":"ANTABIF 2025 / Terauds","role":"TERRESTRIAL_RECORD_DENSITY","license":"CC-BY-4.0"}},{"type":"Feature","geometry":{"type":"Point","coordinates":[169.125,-77.375]},"properties":{"records":55,"observed_taxa_in_cell":42,"source":"ANTABIF 2025 / Terauds","role":"TERRESTRIAL_RECORD_DENSITY","license":"CC-BY-4.0"}},{"type":"Feature","geometry":{"type":"Point","coordinates":[169.125,-73.375]},"properties":{"records":9,"observed_taxa_in_cell":1,"source":"ANTABIF 2025 / Terauds","role":"TERRESTRIAL_RECORD_DENSITY","license":"CC-BY-4.0"}},{"type":"Feature","geometry":{"type":"Point","coordinates":[169.125,-73.125]},"properties":{"records":7,"observed_taxa_in_cell":1,"source":"ANTABIF 2025 / Terauds","role":"TERRESTRIAL_RECORD_DENSITY","license":"CC-BY-4.0"}},{"type":"Feature","geometry":{"type":"Point","coordinates":[169.125,-72.625]},"properties":{"records":7,"observed_taxa_in_cell":7,"source":"ANTABIF 2025 / Terauds","role":"TERRESTRIAL_RECORD_DENSITY","license":"CC-BY-4.0"}},{"type":"Feature","geometry":{"type":"Point","coordinates":[169.125,-72.375]},"properties":{"records":2,"observed_taxa_in_cell":2,"source":"ANTABIF 2025 / Terauds","role":"TERRESTRIAL_RECORD_DENSITY","license":"CC-BY-4.0"}},{"type":"Feature","geometry":{"type":"Point","coordinates":[169.375,-77.625]},"properties":{"records":11,"observed_taxa_in_cell":5,"source":"ANTABIF 2025 / Terauds","role":"TERRESTRIAL_RECORD_DENSITY","license":"CC-BY-4.0"}},{"type":"Feature","geometry":{"type":"Point","coordinates":[169.375,-77.375]},"properties":{"records":128,"observed_taxa_in_cell":34,"source":"ANTABIF 2025 / Terauds","role":"TERRESTRIAL_RECORD_DENSITY","license":"CC-BY-4.0"}},{"type":"Feature","geometry":{"type":"Point","coordinates":[169.375,-72.625]},"properties":{"records":75,"observed_taxa_in_cell":46,"source":"ANTABIF 2025 / Terauds","role":"TERRESTRIAL_RECORD_DENSITY","license":"CC-BY-4.0"}},{"type":"Feature","geometry":{"type":"Point","coordinates":[169.375,-71.375]},"properties":{"records":2,"observed_taxa_in_cell":2,"source":"ANTABIF 2025 / Terauds","role":"TERRESTRIAL_RECORD_DENSITY","license":"CC-BY-4.0"}},{"type":"Feature","geometry":{"type":"Point","coordinates":[169.625,-73.375]},"properties":{"records":32,"observed_taxa_in_cell":15,"source":"ANTABIF 2025 / Terauds","role":"TERRESTRIAL_RECORD_DENSITY","license":"CC-BY-4.0"}},{"type":"Feature","geometry":{"type":"Point","coordinates":[169.625,-73.125]},"properties":{"records":37,"observed_taxa_in_cell":22,"source":"ANTABIF 2025 / Terauds","role":"TERRESTRIAL_RECORD_DENSITY","license":"CC-BY-4.0"}},{"type":"Feature","geometry":{"type":"Point","coordinates":[169.625,-72.875]},"properties":{"records":8,"observed_taxa_in_cell":8,"source":"ANTABIF 2025 / Terauds","role":"TERRESTRIAL_RECORD_DENSITY","license":"CC-BY-4.0"}},{"type":"Feature","geometry":{"type":"Point","coordinates":[169.625,-72.625]},"properties":{"records":50,"observed_taxa_in_cell":28,"source":"ANTABIF 2025 / Terauds","role":"TERRESTRIAL_RECORD_DENSITY","license":"CC-BY-4.0"}},{"type":"Feature","geometry":{"type":"Point","coordinates":[169.625,-72.375]},"properties":{"records":22,"observed_taxa_in_cell":22,"source":"ANTABIF 2025 / Terauds","role":"TERRESTRIAL_RECORD_DENSITY","license":"CC-BY-4.0"}},{"type":"Feature","geometry":{"type":"Point","coordinates":[169.625,-71.625]},"properties":{"records":2,"observed_taxa_in_cell":2,"source":"ANTABIF 2025 / Terauds","role":"TERRESTRIAL_RECORD_DENSITY","license":"CC-BY-4.0"}},{"type":"Feature","geometry":{"type":"Point","coordinates":[169.875,-73.625]},"properties":{"records":20,"observed_taxa_in_cell":1,"source":"ANTABIF 2025 / Terauds","role":"TERRESTRIAL_RECORD_DENSITY","license":"CC-BY-4.0"}},{"type":"Feature","geometry":{"type":"Point","coordinates":[169.875,-73.375]},"properties":{"records":31,"observed_taxa_in_cell":7,"source":"ANTABIF 2025 / Terauds","role":"TERRESTRIAL_RECORD_DENSITY","license":"CC-BY-4.0"}},{"type":"Feature","geometry":{"type":"Point","coordinates":[169.875,-72.625]},"properties":{"records":5,"observed_taxa_in_cell":5,"source":"ANTABIF 2025 / Terauds","role":"TERRESTRIAL_RECORD_DENSITY","license":"CC-BY-4.0"}},{"type":"Feature","geometry":{"type":"Point","coordinates":[169.875,-72.375]},"properties":{"records":100,"observed_taxa_in_cell":37,"source":"ANTABIF 2025 / Terauds","role":"TERRESTRIAL_RECORD_DENSITY","license":"CC-BY-4.0"}},{"type":"Feature","geometry":{"type":"Point","coordinates":[170.125,-72.625]},"properties":{"records":12,"observed_taxa_in_cell":1,"source":"ANTABIF 2025 / Terauds","role":"TERRESTRIAL_RECORD_DENSITY","license":"CC-BY-4.0"}},{"type":"Feature","geometry":{"type":"Point","coordinates":[170.125,-72.375]},"properties":{"records":261,"observed_taxa_in_cell":90,"source":"ANTABIF 2025 / Terauds","role":"TERRESTRIAL_RECORD_DENSITY","license":"CC-BY-4.0"}},{"type":"Feature","geometry":{"type":"Point","coordinates":[170.125,-72.125]},"properties":{"records":8,"observed_taxa_in_cell":7,"source":"ANTABIF 2025 / Terauds","role":"TERRESTRIAL_RECORD_DENSITY","license":"CC-BY-4.0"}},{"type":"Feature","geometry":{"type":"Point","coordinates":[170.125,-71.625]},"properties":{"records":9,"observed_taxa_in_cell":2,"source":"ANTABIF 2025 / Terauds","role":"TERRESTRIAL_RECORD_DENSITY","license":"CC-BY-4.0"}},{"type":"Feature","geometry":{"type":"Point","coordinates":[170.125,-71.375]},"properties":{"records":32,"observed_taxa_in_cell":23,"source":"ANTABIF 2025 / Terauds","role":"TERRESTRIAL_RECORD_DENSITY","license":"CC-BY-4.0"}},{"type":"Feature","geometry":{"type":"Point","coordinates":[170.375,-72.375]},"properties":{"records":174,"observed_taxa_in_cell":88,"source":"ANTABIF 2025 / Terauds","role":"TERRESTRIAL_RECORD_DENSITY","license":"CC-BY-4.0"}},{"type":"Feature","geometry":{"type":"Point","coordinates":[170.625,-71.875]},"properties":{"records":14,"observed_taxa_in_cell":1,"source":"ANTABIF 2025 / Terauds","role":"TERRESTRIAL_RECORD_DENSITY","license":"CC-BY-4.0"}},{"type":"Feature","geometry":{"type":"Point","coordinates":[170.625,-71.625]},"properties":{"records":11,"observed_taxa_in_cell":1,"source":"ANTABIF 2025 / Terauds","role":"TERRESTRIAL_RECORD_DENSITY","license":"CC-BY-4.0"}},{"type":"Feature","geometry":{"type":"Point","coordinates":[170.875,-71.875]},"properties":{"records":1,"observed_taxa_in_cell":1,"source":"ANTABIF 2025 / Terauds","role":"TERRESTRIAL_RECORD_DENSITY","license":"CC-BY-4.0"}},{"type":"Feature","geometry":{"type":"Point","coordinates":[171.125,-71.875]},"properties":{"records":29,"observed_taxa_in_cell":8,"source":"ANTABIF 2025 / Terauds","role":"TERRESTRIAL_RECORD_DENSITY","license":"CC-BY-4.0"}},{"type":"Feature","geometry":{"type":"Point","coordinates":[171.625,-83.875]},"properties":{"records":1,"observed_taxa_in_cell":1,"source":"ANTABIF 2025 / Terauds","role":"TERRESTRIAL_RECORD_DENSITY","license":"CC-BY-4.0"}},{"type":"Feature","geometry":{"type":"Point","coordinates":[172.375,-83.875]},"properties":{"records":2,"observed_taxa_in_cell":2,"source":"ANTABIF 2025 / Terauds","role":"TERRESTRIAL_RECORD_DENSITY","license":"CC-BY-4.0"}},{"type":"Feature","geometry":{"type":"Point","coordinates":[173.875,-83.875]},"properties":{"records":39,"observed_taxa_in_cell":39,"source":"ANTABIF 2025 / Terauds","role":"TERRESTRIAL_RECORD_DENSITY","license":"CC-BY-4.0"}}]}